Application_ID,Applicant_Age,Business_Type,Business_Age,Monthly_Business_Revenue,Monthly_Business_Expenses,Monthly_Business_Profit,Existing_Business_EMI,Loan_Amount,Loan_Tenure,Number_of_Employees,Business_Registration,GST_Registration,Annual_Turnover,Business_Location_Type,Loan_Purpose,Collateral_Available,Loan_Approval
BL100000,23,Retail,3.0,128100,69500,56800,3100,1254000,5,2,Registered,Yes,1405000,Rural,Working Capital,Yes,Approved
BL100001,24,IT Services,4.0,192800,161900,34400,8500,447000,2,3,Registered,No,2346000,Rural,New Branch,Yes,Approved
BL100002,44,Manufacturing,6.9,529200,412900,111900,52800,1897000,2,3,Registered,Yes,5898000,Semi Urban,Equipment Purchase,No,Approved
BL100003,54,Retail,2.1,220400,128500,86300,19900,1412000,5,3,Registered,Yes,2685000,Semi Urban,New Branch,No,Approved
BL100004,41,Retail,2.2,350500,288800,64700,15600,939000,7,3,Registered,Yes,4082000,Rural,Working Capital,Yes,Approved
BL100005,37,Transport,15.7,117500,86600,29800,0,892000,3,1,Registered,Yes,1297000,Urban,Working Capital,No,Rejected
BL100006,60,Manufacturing,2.8,141000,78700,65300,20300,1807000,3,0,Registered,Yes,1543000,Semi Urban,Business Expansion,Yes,Rejected
BL100007,35,Restaurant,3.5,132500,102200,33800,3800,751000,3,1,Registered,Yes,1684000,Rural,Working Capital,Yes,Rejected
BL100008,35,Manufacturing,3.0,176500,136800,33600,12100,798000,2,3,Registered,Yes,1924000,Urban,Working Capital,Yes,Rejected
BL100009,35,Retail,3.0,296500,141100,155400,73100,4187000,3,5,Registered,Yes,3895000,Semi Urban,Technology Upgrade,No,Rejected
BL100010,54,Retail,2.2,162500,59500,97500,9600,1424000,3,0,Registered,No,1881000,Urban,Inventory,No,Rejected
BL100011,45,IT Services,17.8,165800,104300,61900,6400,1158000,10,0,Registered,Yes,2180000,Semi Urban,Technology Upgrade,No,Approved
BL100012,45,Construction,4.2,281700,165100,117400,32900,1701000,3,1,Registered,Yes,3315000,Rural,Inventory,Yes,Approved
BL100013,43,Retail,1.1,146700,112100,35400,300,970000,1,1,Unregistered,No,1864000,Semi Urban,Working Capital,Yes,Rejected
BL100014,36,Retail,5.3,124900,74300,46600,10000,959000,2,0,Registered,No,1401000,Urban,Equipment Purchase,No,Rejected
BL100015,37,Education,11.2,162500,98100,69600,10900,1355000,10,2,Registered,Yes,1834000,Semi Urban,Inventory,Yes,Approved
BL100016,31,Education,6.0,594200,545200,56900,10700,958000,7,11,Registered,Yes,7294000,Semi Urban,Inventory,Yes,Approved
BL100017,36,Other Services,1.8,337200,285200,47600,0,940000,5,4,Registered,No,4407000,Urban,Inventory,Yes,Approved
BL100018,43,Transport,6.4,620700,300400,311000,85800,4031000,3,4,Registered,Yes,8051000,Urban,Business Expansion,No,Approved
BL100019,38,Retail,3.8,91000,78000,14600,8300,268000,5,2,Registered,No,1150000,Urban,Working Capital,No,Rejected
BL100020,47,Retail,0.3,251200,222600,29900,4100,327000,10,3,Unregistered,Not Applicable,3198000,Urban,Business Expansion,No,Rejected
BL100021,42,Manufacturing,1.1,159000,105600,54600,0,644000,3,0,Registered,Yes,2098000,Urban,Working Capital,Yes,Approved
BL100022,42,Restaurant,1.7,164800,104100,62500,20000,646000,5,1,Registered,Yes,2080000,Semi Urban,Inventory,Yes,Rejected
BL100023,32,Restaurant,12.0,78900,34500,44800,3100,480000,7,0,Registered,Yes,925000,Urban,Working Capital,Yes,Rejected
BL100024,29,Retail,7.4,433700,220300,197100,40300,3440000,2,2,Registered,No,5025000,Urban,Business Expansion,Yes,Approved
BL100025,30,Retail,3.2,75100,50200,24300,2300,180000,3,0,Registered,Yes,901000,Urban,Technology Upgrade,Yes,Rejected
BL100026,50,Other Services,2.6,339000,210700,132100,0,1844000,5,1,Registered,No,4423000,Urban,Business Expansion,Yes,Approved
BL100027,24,Retail,4.0,156900,100100,58800,14500,1029000,2,0,Registered,Yes,1700000,Semi Urban,Working Capital,Yes,Approved
BL100028,42,Retail,2.6,115100,83900,30100,2900,289000,3,0,Registered,Yes,1498000,Semi Urban,Business Expansion,Yes,Rejected
BL100029,42,Retail,1.8,112100,102400,9600,0,140000,3,2,Registered,Yes,1460000,Urban,New Branch,No,Approved
BL100030,34,Wholesale,5.0,204900,124200,85500,20800,1633000,10,5,Registered,Yes,2273000,Urban,Working Capital,No,Approved
BL100031,40,Manufacturing,4.5,159600,96800,67300,42500,1867000,5,0,Registered,Yes,1734000,Semi Urban,Working Capital,Yes,Rejected
BL100032,42,IT Services,9.4,199300,132600,68000,24000,934000,3,2,Registered,Yes,2446000,Semi Urban,Inventory,No,Approved
BL100033,30,IT Services,2.5,60400,39200,22300,4300,137000,3,0,Registered,Yes,662000,Semi Urban,Equipment Purchase,No,Rejected
BL100034,33,Education,3.9,57600,52000,6000,3900,133000,5,0,Registered,Yes,723000,Rural,Technology Upgrade,No,Rejected
BL100035,39,Retail,7.0,66700,43800,23800,0,691000,7,1,Registered,Yes,778000,Semi Urban,Inventory,No,Rejected
BL100036,39,Restaurant,4.7,321700,257700,63900,18300,1899000,2,2,Registered,Yes,3702000,Rural,Working Capital,Yes,Approved
BL100037,27,Transport,6.2,474000,459800,9500,4500,163000,5,1,Registered,Yes,5411000,Semi Urban,Working Capital,Yes,Approved
BL100038,40,Wholesale,3.0,169700,154200,21800,1000,223000,2,0,Registered,Yes,2172000,Semi Urban,Working Capital,No,Rejected
BL100039,40,Wholesale,8.8,310700,204800,117100,28700,2596000,5,0,Registered,No,4056000,Semi Urban,Equipment Purchase,Yes,Rejected
BL100040,48,IT Services,2.6,244800,152300,92600,9800,2350000,5,0,Registered,Yes,2698000,Rural,Working Capital,No,Approved
BL100041,39,Healthcare,5.3,400800,223900,180100,26800,3485000,5,2,Registered,Yes,4452000,Semi Urban,Equipment Purchase,No,Approved
BL100042,36,Retail,2.7,409700,285300,125800,32900,1816000,2,2,Registered,Yes,5141000,Urban,Technology Upgrade,Yes,Approved
BL100043,46,Other Services,11.0,94700,45300,49500,0,694000,10,0,Registered,No,1231000,Rural,Working Capital,Yes,Approved
BL100044,49,Manufacturing,3.0,223100,216400,7100,300,118000,3,1,Registered,Yes,2906000,Rural,Working Capital,Yes,Rejected
BL100045,27,Manufacturing,2.6,332400,203400,136800,28100,1491000,7,0,Registered,No,4288000,Rural,Inventory,No,Approved
BL100046,35,Manufacturing,7.4,333200,229200,96900,0,1570000,2,0,Registered,Yes,3915000,Semi Urban,New Branch,Yes,Approved
BL100047,23,Construction,3.0,314900,226200,84900,12300,2187000,3,1,Registered,Yes,3412000,Semi Urban,Working Capital,Yes,Approved
BL100048,31,Wholesale,6.5,194900,102700,95800,0,1851000,1,1,Registered,Yes,2108000,Urban,New Branch,Yes,Rejected
BL100049,53,Retail,2.4,298300,242600,56800,0,689000,2,1,Registered,Yes,3225000,Urban,New Branch,No,Rejected
BL100050,30,Education,10.0,84800,63100,23900,8100,545000,3,0,Registered,Yes,1019000,Urban,Working Capital,Yes,Rejected
BL100051,43,Other Services,3.9,87300,56500,31000,6700,446000,7,2,Registered,Yes,1004000,Urban,Working Capital,Yes,Rejected
BL100052,43,IT Services,8.0,491500,360100,135300,22600,1420000,5,3,Registered,No,6461000,Urban,Inventory,Yes,Approved
BL100053,34,Retail,5.0,382000,256900,123800,16600,891000,5,5,Registered,No,4716000,Semi Urban,Inventory,Yes,Approved
BL100054,35,Wholesale,2.8,513800,350100,178000,44000,4771000,1,3,Registered,Yes,6565000,Rural,Inventory,No,Rejected
BL100055,52,Wholesale,3.3,181300,108100,76500,9800,1491000,7,0,Registered,Yes,2351000,Urban,Business Expansion,Yes,Approved
BL100056,48,Manufacturing,4.6,110600,77300,30900,2700,207000,3,2,Registered,Yes,1294000,Semi Urban,Inventory,Yes,Approved
BL100057,59,Retail,11.4,177700,131200,48900,17500,874000,5,0,Registered,Yes,1969000,Urban,Technology Upgrade,No,Rejected
BL100058,23,IT Services,1.9,635900,366400,283200,30500,3637000,7,5,Registered,Yes,6907000,Urban,Working Capital,Yes,Rejected
BL100059,44,Education,4.3,120200,86600,33600,13500,412000,1,3,Registered,Yes,1531000,Urban,Business Expansion,Yes,Approved
BL100060,23,Manufacturing,3.0,179100,77500,104200,12200,2936000,3,0,Registered,Yes,1947000,Urban,Equipment Purchase,Yes,Rejected
BL100061,39,Restaurant,6.9,412800,348700,75200,23500,2178000,10,2,Registered,Yes,5020000,Urban,Business Expansion,No,Approved
BL100062,37,Education,7.0,208600,109400,99000,23600,2350000,1,2,Registered,Yes,2515000,Urban,Business Expansion,Yes,Rejected
BL100063,29,Transport,5.4,157500,72300,86400,24600,1033000,3,4,Registered,Yes,1889000,Urban,Business Expansion,Yes,Approved
BL100064,34,Wholesale,2.4,312800,193400,116700,28400,978000,7,2,Registered,Yes,4107000,Semi Urban,Working Capital,No,Approved
BL100065,36,Restaurant,5.2,149300,106500,44500,13700,325000,2,1,Registered,Yes,1648000,Semi Urban,Equipment Purchase,No,Rejected
BL100066,43,Other Services,12.9,264700,170800,89200,37300,639000,5,2,Registered,Yes,3247000,Rural,Working Capital,No,Approved
BL100067,29,Construction,5.4,46700,36900,10500,700,308000,5,2,Registered,Yes,525000,Urban,Equipment Purchase,Yes,Rejected
BL100068,32,Retail,5.0,69500,45400,26300,11100,268000,2,0,Registered,Yes,769000,Urban,Inventory,Yes,Rejected
BL100069,44,Retail,2.0,172800,113800,56100,8700,1321000,2,2,Registered,Yes,2123000,Urban,Working Capital,Yes,Rejected
BL100070,46,Transport,1.9,442700,295500,159500,0,2158000,5,6,Registered,Yes,5237000,Urban,New Branch,Yes,Approved
BL100071,63,Manufacturing,4.2,180200,163600,16700,5100,407000,2,2,Registered,Yes,1972000,Semi Urban,Business Expansion,Yes,Rejected
BL100072,41,Retail,1.3,192700,121900,68600,22300,1756000,5,2,Registered,Yes,2354000,Urban,Technology Upgrade,No,Rejected
BL100073,45,Construction,2.6,230900,224000,6300,1700,100000,7,1,Registered,Yes,3034000,Urban,Business Expansion,Yes,Rejected
BL100074,37,Education,4.8,155300,146800,8800,1300,124000,1,3,Registered,Yes,1681000,Semi Urban,Equipment Purchase,Yes,Rejected
BL100075,52,IT Services,6.0,75700,40400,34800,2100,622000,2,1,Registered,Yes,872000,Semi Urban,Equipment Purchase,Yes,Rejected
BL100076,31,Restaurant,2.2,300500,242900,64900,7800,470000,5,1,Registered,Yes,3740000,Rural,Working Capital,No,Approved
BL100077,39,Retail,1.6,233200,141700,90600,20400,596000,5,2,Registered,Yes,2983000,Semi Urban,Business Expansion,Yes,Approved
BL100078,41,Transport,10.5,244200,172700,73400,11700,1877000,3,2,Registered,Yes,2968000,Urban,Business Expansion,No,Approved
BL100079,44,Retail,10.1,101900,48900,57500,2500,974000,3,0,Registered,Yes,1189000,Rural,Inventory,Yes,Approved
BL100080,48,Construction,6.0,496800,336400,159500,25700,2865000,10,2,Registered,Yes,5552000,Urban,Business Expansion,Yes,Approved
BL100081,37,Other Services,13.1,153600,149000,3300,200,100000,5,0,Registered,Yes,1719000,Semi Urban,Equipment Purchase,No,Rejected
BL100082,47,IT Services,3.0,469000,275600,190600,18900,2648000,5,3,Registered,Yes,6130000,Urban,Business Expansion,No,Approved
BL100083,26,Construction,3.9,56100,44200,13200,4100,321000,3,1,Registered,No,607000,Urban,Equipment Purchase,Yes,Rejected
BL100084,41,Retail,4.0,153900,109000,44800,1000,293000,1,1,Registered,Yes,1907000,Semi Urban,Business Expansion,Yes,Approved
BL100085,23,Restaurant,3.0,495700,309100,189900,47300,1720000,5,3,Registered,Yes,6031000,Semi Urban,Working Capital,Yes,Approved
BL100086,37,IT Services,4.7,182500,155300,24900,3000,704000,2,0,Registered,Yes,2307000,Rural,Equipment Purchase,Yes,Approved
BL100087,62,Transport,6.8,45600,28900,16500,4000,446000,2,0,Registered,Yes,507000,Rural,Inventory,Yes,Rejected
BL100088,41,Restaurant,12.6,111800,76900,37200,2300,292000,2,2,Registered,Yes,1372000,Rural,Technology Upgrade,Yes,Approved
BL100089,35,Transport,4.7,235200,170300,58300,9700,1125000,7,2,Registered,Yes,2886000,Urban,New Branch,Yes,Approved
BL100090,44,Construction,3.7,470400,400600,53700,3800,1267000,5,3,Registered,Yes,6019000,Rural,Working Capital,No,Approved
BL100091,39,Retail,4.3,167300,107500,58300,14200,710000,7,2,Registered,Yes,2208000,Semi Urban,Business Expansion,Yes,Approved
BL100092,29,Healthcare,5.4,383600,372100,8900,0,100000,1,0,Registered,Yes,4767000,Urban,Working Capital,Yes,Rejected
BL100093,23,Construction,1.1,251900,115900,134900,25000,2945000,3,0,Unregistered,No,3109000,Urban,Technology Upgrade,No,Rejected
BL100094,39,Other Services,11.2,155300,95500,59200,100,1456000,5,0,Registered,No,1746000,Semi Urban,Technology Upgrade,No,Rejected
BL100095,37,Healthcare,3.7,318800,272200,47000,4700,1108000,7,1,Registered,Yes,3806000,Urban,Technology Upgrade,Yes,Rejected
BL100096,37,Construction,3.1,353700,218900,132300,19600,1332000,5,1,Registered,Yes,4462000,Rural,Inventory,No,Approved
BL100097,47,Retail,2.1,167300,119700,52300,16000,1025000,2,1,Registered,Yes,2190000,Rural,Working Capital,Yes,Rejected
BL100098,52,IT Services,10.5,129100,73300,58100,0,666000,5,0,Registered,Yes,1458000,Rural,New Branch,Yes,Rejected
BL100099,46,Restaurant,5.6,75300,38300,36900,0,766000,3,0,Registered,No,823000,Urban,New Branch,Yes,Rejected
BL100100,36,Healthcare,5.4,255400,159800,100500,36800,1766000,2,2,Registered,Yes,3229000,Rural,Working Capital,No,Approved
BL100101,40,Transport,16.7,140700,111300,22300,3300,439000,7,1,Registered,Yes,1572000,Semi Urban,Working Capital,No,Approved
BL100102,49,Wholesale,12.2,272000,167000,107100,0,1451000,5,0,Registered,Yes,3365000,Urban,Technology Upgrade,No,Rejected
BL100103,47,Restaurant,6.2,237000,161400,79900,10800,1490000,3,0,Registered,Yes,2698000,Urban,Equipment Purchase,Yes,Approved
BL100104,45,Retail,12.1,245600,154100,89000,11200,1635000,7,2,Registered,Yes,3212000,Urban,Technology Upgrade,No,Approved
BL100105,35,Restaurant,10.7,180100,140700,41500,4600,420000,10,1,Registered,Yes,2300000,Urban,Equipment Purchase,No,Approved
BL100106,49,Transport,14.7,92500,44800,46600,10800,301000,5,0,Registered,Yes,1131000,Semi Urban,Technology Upgrade,Yes,Approved
BL100107,52,Restaurant,12.4,264000,179000,87100,0,1901000,7,0,Registered,Yes,2920000,Urban,Equipment Purchase,No,Approved
BL100108,47,Retail,3.7,328700,212700,107800,22000,1278000,3,1,Registered,Yes,4016000,Rural,Inventory,Yes,Approved
BL100109,65,Retail,4.9,802200,460700,356800,45300,6687000,7,5,Registered,Yes,8745000,Urban,Equipment Purchase,Yes,Approved
BL100110,47,Education,2.6,139200,118400,21000,3900,135000,5,0,Registered,Yes,1531000,Rural,New Branch,No,Rejected
BL100111,50,Manufacturing,1.3,106000,49500,57100,18900,709000,7,1,Registered,Yes,1322000,Urban,Working Capital,No,Rejected
BL100112,46,Other Services,13.1,98700,73000,25700,8900,179000,7,0,Registered,Yes,1102000,Urban,Equipment Purchase,Yes,Rejected
BL100113,39,Retail,7.8,192900,145000,52300,22700,683000,3,0,Registered,Yes,2122000,Urban,Business Expansion,Yes,Approved
BL100114,29,IT Services,9.0,321800,206400,117400,0,2761000,7,1,Registered,Yes,3822000,Urban,Inventory,No,Approved
BL100115,33,IT Services,8.2,339300,320800,25300,6300,533000,3,2,Registered,Yes,4466000,Urban,Working Capital,Yes,Rejected
BL100116,33,IT Services,4.3,509600,381500,123100,38400,1225000,5,1,Registered,No,6421000,Semi Urban,Business Expansion,Yes,Approved
BL100117,29,Retail,5.0,250500,150100,103500,11100,922000,5,2,Registered,Yes,3011000,Urban,Business Expansion,No,Approved
BL100118,37,Education,7.1,96800,74800,25100,4800,222000,10,0,Registered,Yes,1085000,Urban,New Branch,Yes,Rejected
BL100119,40,Education,4.2,229600,144900,92400,36500,2438000,5,2,Registered,Yes,2612000,Rural,Working Capital,Yes,Approved
BL100120,51,Construction,5.3,56400,36100,17500,2900,225000,5,0,Registered,No,718000,Semi Urban,Business Expansion,Yes,Rejected
BL100121,29,Retail,5.5,161500,135500,26700,10400,798000,10,0,Registered,Yes,1768000,Semi Urban,Equipment Purchase,No,Rejected
BL100122,48,Manufacturing,5.1,154100,117600,32100,6000,620000,7,1,Registered,Yes,1873000,Urban,Technology Upgrade,No,Rejected
BL100123,42,Restaurant,5.7,262000,218000,42200,11100,1265000,5,1,Registered,Yes,3399000,Rural,Inventory,Yes,Approved
BL100124,43,Other Services,4.6,258800,95700,155300,51800,1829000,5,3,Registered,Yes,3076000,Semi Urban,Equipment Purchase,Yes,Rejected
BL100125,39,Healthcare,4.8,127600,94300,35000,1100,1007000,2,1,Registered,Yes,1664000,Urban,Equipment Purchase,Yes,Approved
BL100126,59,IT Services,6.1,129900,115700,14000,3600,394000,3,2,Registered,Yes,1633000,Rural,Equipment Purchase,Yes,Rejected
BL100127,33,Wholesale,8.8,206600,113100,90600,11100,915000,10,0,Registered,Yes,2579000,Semi Urban,Working Capital,Yes,Approved
BL100128,35,Healthcare,5.0,264600,189400,78300,29500,2323000,2,1,Registered,Yes,3124000,Urban,Working Capital,Yes,Rejected
BL100129,41,Retail,3.2,309100,205400,97600,14600,1406000,7,1,Registered,No,3466000,Semi Urban,Equipment Purchase,No,Approved
BL100130,44,IT Services,5.5,148500,116900,29500,4300,281000,5,0,Registered,Yes,1688000,Rural,Business Expansion,Yes,Approved
BL100131,42,Retail,2.4,193000,120300,71400,5000,1053000,2,2,Registered,Yes,2157000,Semi Urban,Business Expansion,No,Approved
BL100132,40,Education,5.6,106400,84800,21300,4000,170000,10,2,Registered,Yes,1334000,Rural,Equipment Purchase,Yes,Rejected
BL100133,45,IT Services,7.8,107200,70400,37300,10400,759000,3,0,Registered,No,1309000,Rural,Working Capital,Yes,Rejected
BL100134,45,Retail,16.0,62300,60400,2200,500,100000,3,1,Registered,No,762000,Rural,Inventory,No,Rejected
BL100135,40,Other Services,16.3,136000,100900,33500,17800,468000,3,0,Registered,Yes,1575000,Urban,Inventory,Yes,Rejected
BL100136,57,Education,7.1,428200,415400,15200,2000,206000,2,3,Registered,Yes,4874000,Urban,New Branch,Yes,Approved
BL100137,44,Wholesale,4.6,465200,362400,104000,7100,714000,5,5,Registered,Yes,5878000,Urban,Working Capital,No,Approved
BL100138,38,Other Services,5.1,279400,180300,99400,17900,2185000,3,4,Registered,No,3174000,Semi Urban,New Branch,No,Approved
BL100139,51,Manufacturing,6.0,363400,254400,98100,24600,1179000,10,0,Registered,Yes,4021000,Semi Urban,Inventory,No,Approved
BL100140,23,Construction,3.0,323200,240800,85600,700,1486000,5,3,Registered,Yes,3861000,Urban,Technology Upgrade,No,Approved
BL100141,30,Healthcare,2.9,220600,87500,132400,52500,2403000,3,2,Registered,Yes,2764000,Rural,Working Capital,Yes,Approved
BL100142,38,Wholesale,8.9,46100,37800,9000,1500,224000,7,0,Registered,Yes,500000,Rural,Inventory,No,Approved
BL100143,29,IT Services,7.7,774000,554800,221900,100800,4704000,10,4,Registered,No,8841000,Urban,Working Capital,Yes,Approved
BL100144,47,Restaurant,6.7,175500,134400,44900,18000,1315000,5,0,Registered,Yes,2177000,Urban,Inventory,Yes,Rejected
BL100145,47,Transport,2.7,175000,135700,41100,12300,870000,10,1,Registered,No,2062000,Urban,Inventory,Yes,Rejected
BL100146,55,Restaurant,12.5,477600,251500,222300,43700,3240000,3,2,Registered,Yes,5161000,Semi Urban,Equipment Purchase,Yes,Approved
BL100147,35,Retail,14.7,218800,154500,64100,3100,1723000,2,0,Registered,Yes,2733000,Rural,Business Expansion,No,Approved
BL100148,45,Education,3.4,900700,626500,264200,27800,4856000,3,8,Registered,No,10172000,Semi Urban,Working Capital,Yes,Approved
BL100149,52,Healthcare,13.5,120700,64300,54000,2100,567000,3,0,Registered,Yes,1383000,Urban,Technology Upgrade,Yes,Approved
BL100150,41,Restaurant,3.1,370200,327000,48500,1600,949000,3,2,Registered,Yes,4439000,Rural,Technology Upgrade,Yes,Approved
BL100151,49,Retail,3.9,171600,161000,9800,2400,100000,2,1,Registered,Yes,2228000,Rural,Technology Upgrade,No,Rejected
BL100152,39,Manufacturing,4.8,211100,136000,78100,19400,1116000,2,3,Registered,No,2500000,Rural,Technology Upgrade,No,Approved
BL100153,52,Wholesale,6.2,117200,89200,32400,0,218000,3,0,Registered,Yes,1285000,Semi Urban,Inventory,Yes,Approved
BL100154,33,Construction,6.9,136200,93500,45600,5800,359000,5,0,Registered,Yes,1615000,Urban,Equipment Purchase,Yes,Approved
BL100155,26,IT Services,6.0,431200,278900,144100,11300,1620000,2,4,Registered,Yes,5036000,Semi Urban,New Branch,Yes,Approved
BL100156,37,Education,3.9,271200,172300,95900,40100,2007000,1,2,Registered,No,3005000,Semi Urban,Working Capital,No,Approved
BL100157,39,Manufacturing,4.9,256300,135700,123600,0,2205000,2,1,Registered,No,2862000,Rural,Working Capital,Yes,Approved
BL100158,44,Other Services,1.3,74600,55200,20000,9800,328000,3,0,Unregistered,No,913000,Semi Urban,New Branch,No,Approved
BL100159,44,Transport,9.5,75900,46300,31600,9100,623000,1,0,Registered,No,998000,Urban,Business Expansion,No,Rejected
BL100160,34,Construction,7.4,114300,88100,25400,0,272000,3,0,Registered,Yes,1477000,Semi Urban,Working Capital,Yes,Approved
BL100161,31,Wholesale,3.8,156700,99400,53400,5500,1195000,5,0,Registered,Yes,2005000,Urban,New Branch,Yes,Rejected
BL100162,55,Other Services,3.4,186900,100700,82800,22100,1578000,7,3,Registered,Yes,2128000,Urban,Inventory,Yes,Approved
BL100163,39,Retail,1.5,240300,144700,101400,9900,948000,3,1,Registered,No,2932000,Rural,Working Capital,Yes,Rejected
BL100164,36,IT Services,3.1,367100,270600,97800,15600,1887000,5,0,Registered,Yes,4091000,Urban,Working Capital,No,Approved
BL100165,43,Manufacturing,1.4,480300,309900,178500,96600,1554000,5,2,Unregistered,Not Applicable,5685000,Urban,Working Capital,Yes,Approved
BL100166,31,Manufacturing,8.0,223400,127300,94600,12900,2098000,3,1,Registered,No,2807000,Urban,Inventory,No,Approved
BL100167,34,Healthcare,14.0,119700,107600,10400,400,119000,5,3,Registered,Yes,1355000,Urban,Working Capital,Yes,Approved
BL100168,47,Wholesale,6.5,308000,158000,154100,52000,1105000,2,1,Registered,Yes,3961000,Rural,Working Capital,No,Approved
BL100169,31,Retail,3.0,222000,190700,25500,0,268000,2,2,Registered,Yes,2789000,Semi Urban,Working Capital,No,Approved
BL100170,28,Other Services,8.0,263000,219800,45800,14000,806000,3,0,Registered,Yes,3261000,Semi Urban,Inventory,Yes,Rejected
BL100171,37,Retail,3.6,409900,329700,93600,26900,2160000,2,2,Registered,Yes,5298000,Semi Urban,Technology Upgrade,No,Approved
BL100172,42,Construction,10.6,157500,124200,26200,12400,390000,3,2,Registered,Yes,1804000,Urban,Business Expansion,No,Approved
BL100173,52,Transport,3.5,476200,280500,186900,49000,2761000,5,4,Registered,Yes,6222000,Semi Urban,Working Capital,Yes,Approved
BL100174,43,Healthcare,1.4,84600,52200,32400,5300,536000,5,0,Unregistered,No,993000,Semi Urban,Equipment Purchase,Yes,Approved
BL100175,45,Transport,8.0,307800,289200,15800,3100,423000,2,3,Registered,No,3620000,Rural,Working Capital,No,Rejected
BL100176,31,IT Services,11.0,134500,111200,23000,12000,580000,2,1,Registered,Yes,1718000,Urban,Working Capital,No,Rejected
BL100177,42,Manufacturing,9.1,227500,171700,65900,13800,1861000,7,2,Registered,Yes,2926000,Urban,Business Expansion,Yes,Rejected
BL100178,30,Wholesale,1.3,242100,149100,89900,15100,2234000,3,3,Unregistered,Not Applicable,3031000,Urban,Working Capital,Yes,Rejected
BL100179,48,Retail,6.1,161100,92600,67800,12900,1131000,2,0,Registered,Yes,1892000,Rural,Working Capital,No,Rejected
BL100180,41,Wholesale,17.3,135300,73000,59700,16200,1178000,5,0,Registered,Yes,1751000,Urban,Business Expansion,Yes,Rejected
BL100181,40,Retail,5.0,119400,71700,44400,6400,854000,10,0,Registered,Yes,1514000,Rural,Equipment Purchase,Yes,Rejected
BL100182,45,Transport,9.3,236100,154800,83400,3800,2479000,5,4,Registered,Yes,2798000,Semi Urban,Equipment Purchase,No,Rejected
BL100183,36,IT Services,4.9,290900,207300,74200,7400,1759000,5,1,Registered,Yes,3411000,Rural,Technology Upgrade,No,Approved
BL100184,36,Construction,2.5,592700,502200,75100,5100,1412000,7,6,Registered,Yes,7134000,Rural,Working Capital,Yes,Approved
BL100185,31,Wholesale,1.7,170500,165200,5500,1000,118000,2,0,Registered,Yes,2202000,Urban,Working Capital,Yes,Rejected
BL100186,56,IT Services,8.1,79100,70100,9900,1100,287000,5,0,Registered,Yes,1012000,Urban,Business Expansion,No,Rejected
BL100187,38,Transport,10.9,263900,139100,120200,20800,1272000,2,5,Registered,Yes,2877000,Semi Urban,Inventory,No,Rejected
BL100188,37,Manufacturing,5.2,70000,41500,27500,4900,787000,5,2,Registered,Yes,871000,Urban,Business Expansion,Yes,Rejected
BL100189,46,Other Services,13.9,519700,294800,207900,49800,3008000,5,4,Registered,Yes,6232000,Semi Urban,Technology Upgrade,Yes,Approved
BL100190,40,Retail,1.9,313300,261400,55100,3100,791000,7,1,Registered,Yes,3491000,Urban,Working Capital,Yes,Approved
BL100191,23,Restaurant,2.4,108500,86300,22300,10200,254000,5,3,Registered,No,1174000,Rural,Business Expansion,No,Rejected
BL100192,58,Retail,2.4,76800,48400,28400,11000,412000,5,0,Registered,No,907000,Urban,Equipment Purchase,Yes,Rejected
BL100193,36,Wholesale,16.0,118500,80600,34800,9800,631000,3,0,Registered,Yes,1347000,Semi Urban,Equipment Purchase,Yes,Rejected
BL100194,32,IT Services,3.0,273400,197900,79900,24800,807000,1,2,Registered,Yes,3115000,Semi Urban,Equipment Purchase,Yes,Approved
BL100195,39,Retail,14.4,125300,96100,27900,800,280000,3,0,Registered,Yes,1539000,Rural,Working Capital,No,Approved
BL100196,35,Transport,12.3,310500,266200,49800,5600,643000,1,0,Registered,No,3726000,Rural,New Branch,Yes,Approved
BL100197,36,Other Services,16.0,349000,252400,92000,11900,569000,5,3,Registered,Yes,3945000,Semi Urban,Business Expansion,Yes,Approved
BL100198,41,Retail,6.5,141100,94400,47600,0,1024000,2,4,Registered,Yes,1828000,Urban,Technology Upgrade,No,Approved
BL100199,23,Manufacturing,1.8,337800,253300,79400,11400,860000,1,4,Registered,No,4056000,Urban,Working Capital,Yes,Approved
BL100200,47,Manufacturing,6.2,410400,274600,143700,77700,3873000,5,3,Registered,Yes,4538000,Urban,Working Capital,Yes,Approved
BL100201,49,Construction,3.5,279100,208900,63400,13700,956000,3,0,Registered,Yes,3145000,Urban,Equipment Purchase,No,Approved
BL100202,25,IT Services,5.0,275700,185300,92100,39600,1558000,5,2,Registered,No,3620000,Rural,Working Capital,Yes,Approved
BL100203,44,Construction,6.0,141900,120800,17600,7400,498000,5,2,Registered,Yes,1695000,Urban,Business Expansion,No,Rejected
BL100204,32,IT Services,12.0,672300,579900,86700,5100,573000,3,8,Registered,Yes,8455000,Semi Urban,Working Capital,No,Approved
BL100205,36,Retail,15.3,110300,74000,37700,7700,866000,1,1,Registered,Yes,1455000,Urban,Inventory,No,Rejected
BL100206,43,Retail,2.5,152400,147300,3000,400,100000,5,1,Registered,Yes,1766000,Rural,Inventory,No,Rejected
BL100207,48,Restaurant,3.5,349100,252300,100100,34000,2130000,3,4,Registered,Yes,3795000,Rural,Working Capital,No,Rejected
BL100208,43,Transport,13.0,158600,119100,41900,11300,1227000,2,1,Registered,Yes,1940000,Semi Urban,Equipment Purchase,No,Rejected
BL100209,27,Construction,4.6,166000,146600,12800,5800,117000,5,5,Registered,No,1802000,Rural,Working Capital,Yes,Rejected
BL100210,41,Transport,1.2,87800,84200,4400,1000,100000,5,2,Registered,Yes,1031000,Rural,Business Expansion,No,Rejected
BL100211,44,Retail,13.2,150000,127400,26000,8400,596000,7,2,Registered,Yes,1690000,Urban,Working Capital,Yes,Rejected
BL100212,33,Restaurant,13.0,846400,625400,208300,21600,3516000,5,8,Registered,No,10899000,Rural,Working Capital,Yes,Approved
BL100213,32,Transport,6.5,160200,103600,53800,0,555000,2,1,Registered,Yes,1761000,Urban,Inventory,Yes,Rejected
BL100214,39,Transport,11.2,428200,315600,98700,29700,1000000,5,5,Registered,Yes,5524000,Urban,Business Expansion,No,Approved
BL100215,45,Wholesale,6.2,147300,114000,30500,6800,491000,2,0,Registered,Yes,1741000,Rural,Working Capital,Yes,Rejected
BL100216,35,IT Services,7.7,104900,78700,28300,8000,628000,3,1,Registered,Yes,1252000,Urban,Equipment Purchase,Yes,Rejected
BL100217,42,Retail,3.1,124500,83000,40500,16700,778000,2,0,Registered,Yes,1352000,Semi Urban,Business Expansion,Yes,Rejected
BL100218,29,Wholesale,1.4,307200,183500,126800,31800,1074000,2,2,Unregistered,Not Applicable,3848000,Rural,Working Capital,No,Approved
BL100219,42,Manufacturing,6.4,53700,38800,14200,4600,103000,5,0,Registered,Yes,671000,Rural,Working Capital,No,Rejected
BL100220,24,Restaurant,4.0,552800,336600,215000,75900,3203000,5,4,Registered,No,6848000,Rural,Business Expansion,Yes,Approved
BL100221,43,Wholesale,3.9,264700,125800,145500,25900,1264000,5,2,Registered,Yes,2970000,Rural,Working Capital,No,Approved
BL100222,48,IT Services,8.2,158800,91700,71400,7900,668000,2,0,Registered,Yes,1882000,Urban,Equipment Purchase,Yes,Approved
BL100223,38,IT Services,18.0,123500,78200,45700,22700,1019000,3,1,Registered,Yes,1579000,Rural,Inventory,Yes,Approved
BL100224,45,IT Services,1.3,145400,85600,59200,15300,1031000,5,2,Registered,Yes,1572000,Urban,Working Capital,Yes,Approved
BL100225,42,Construction,14.2,396500,285000,105200,25600,2268000,3,1,Registered,Yes,5004000,Urban,Business Expansion,No,Approved
BL100226,28,IT Services,4.0,77100,40500,37800,2000,542000,2,0,Registered,Yes,972000,Urban,Inventory,No,Rejected
BL100227,29,Transport,4.6,192300,103700,88100,20900,728000,1,0,Registered,No,2509000,Semi Urban,Working Capital,Yes,Approved
BL100228,37,Retail,5.1,391400,333400,68100,16900,514000,2,3,Registered,No,4762000,Urban,Working Capital,No,Approved
BL100229,39,Transport,3.7,58900,47700,9200,500,100000,3,0,Registered,Yes,682000,Urban,New Branch,No,Rejected
BL100230,33,Retail,2.8,136400,99200,36000,11200,962000,2,0,Registered,No,1495000,Urban,Working Capital,No,Rejected
BL100231,29,Healthcare,9.0,80200,69700,10300,1700,300000,7,0,Registered,No,1032000,Urban,New Branch,No,Rejected
BL100232,23,Retail,2.4,91700,54500,38100,0,366000,5,0,Registered,Yes,1111000,Urban,Working Capital,Yes,Rejected
BL100233,55,Construction,0.5,226400,177200,43300,5300,1243000,2,1,Registered,Yes,2614000,Urban,Inventory,Yes,Rejected
BL100234,55,Wholesale,5.6,293500,194100,98600,34000,1215000,2,3,Registered,Yes,3769000,Urban,Working Capital,Yes,Rejected
BL100235,32,Construction,4.4,155400,136600,21800,1400,468000,1,1,Registered,Yes,1941000,Urban,Technology Upgrade,No,Approved
BL100236,27,Manufacturing,2.7,80900,57900,23500,13200,355000,7,0,Registered,Yes,891000,Semi Urban,Inventory,Yes,Rejected
BL100237,53,Wholesale,11.0,118200,67500,51500,14000,1074000,2,1,Registered,Yes,1460000,Urban,Working Capital,No,Rejected
BL100238,23,Healthcare,3.0,252200,217500,30600,16400,803000,10,0,Registered,No,3232000,Rural,Working Capital,No,Rejected
BL100239,49,Manufacturing,11.1,194600,123300,70500,2400,1879000,10,0,Registered,Yes,2221000,Urban,New Branch,Yes,Approved
BL100240,46,Retail,3.7,97900,52100,43800,800,1176000,2,0,Registered,Yes,1109000,Urban,Inventory,Yes,Rejected
BL100241,37,Construction,1.6,148300,130900,20400,3300,252000,10,2,Registered,No,1940000,Urban,New Branch,No,Approved
BL100242,53,Construction,7.7,317400,243600,76500,700,1885000,3,1,Registered,Yes,3971000,Urban,Working Capital,Yes,Approved
BL100243,34,Retail,10.7,224300,128300,96600,12700,1389000,3,3,Registered,Yes,2900000,Urban,Inventory,Yes,Approved
BL100244,48,Restaurant,2.8,106200,71300,35300,15500,365000,7,1,Registered,No,1239000,Rural,Business Expansion,No,Rejected
BL100245,38,IT Services,4.0,231700,154600,82700,12700,1108000,5,0,Registered,Yes,3014000,Semi Urban,New Branch,No,Approved
BL100246,29,Retail,9.0,141900,80600,67000,0,962000,5,2,Registered,Yes,1734000,Rural,Equipment Purchase,No,Approved
BL100247,58,IT Services,1.1,134900,77300,57800,14200,1128000,3,3,Registered,No,1638000,Semi Urban,Business Expansion,Yes,Rejected
BL100248,34,Retail,4.0,215200,144500,71100,28300,1480000,3,2,Registered,Yes,2459000,Urban,Working Capital,Yes,Rejected
BL100249,36,Other Services,16.0,102900,83600,20100,0,313000,5,1,Registered,Yes,1117000,Rural,Working Capital,No,Approved
BL100250,47,Other Services,5.4,152600,121000,36000,0,931000,2,0,Registered,Yes,1841000,Urban,Equipment Purchase,No,Rejected
BL100251,51,Wholesale,14.9,372600,228300,150100,31300,1093000,10,1,Registered,No,4901000,Rural,Inventory,No,Approved
BL100252,28,IT Services,1.5,874800,693300,188500,3800,5054000,7,8,Registered,Yes,10272000,Urban,Equipment Purchase,No,Approved
BL100253,53,Other Services,1.8,71100,62400,9800,1700,231000,2,0,Registered,Yes,928000,Semi Urban,Inventory,Yes,Rejected
BL100254,40,Transport,4.2,117400,67200,51200,21300,755000,5,0,Registered,Yes,1287000,Semi Urban,Inventory,Yes,Rejected
BL100255,39,Retail,2.0,391700,305400,75400,10800,1567000,1,2,Registered,No,4442000,Urban,Equipment Purchase,Yes,Rejected
BL100256,38,Manufacturing,6.7,93600,64200,31400,8400,513000,5,1,Registered,Yes,1075000,Urban,Business Expansion,Yes,Rejected
BL100257,40,Transport,20.0,184100,119400,61800,17300,531000,5,2,Registered,Yes,2152000,Semi Urban,Equipment Purchase,No,Approved
BL100258,26,Other Services,4.3,584400,401100,182300,14800,5311000,2,7,Registered,No,7092000,Semi Urban,Working Capital,Yes,Rejected
BL100259,44,Restaurant,4.1,128400,101400,25000,1000,362000,3,0,Registered,Yes,1645000,Urban,Business Expansion,Yes,Rejected
BL100260,42,Retail,1.8,171000,88900,81200,28400,2128000,5,0,Registered,Yes,2081000,Rural,Working Capital,No,Rejected
BL100261,37,Construction,17.0,91800,62800,29400,6100,726000,5,0,Registered,Yes,1019000,Semi Urban,Inventory,Yes,Approved
BL100262,42,Manufacturing,14.7,300100,191000,117300,27100,2842000,1,1,Registered,No,3266000,Semi Urban,Working Capital,No,Approved
BL100263,38,Retail,11.2,68000,46700,20700,4000,142000,3,0,Registered,Yes,848000,Urban,Working Capital,Yes,Rejected
BL100264,39,Construction,5.0,131300,86700,48400,8800,1259000,3,1,Registered,No,1643000,Urban,Business Expansion,No,Approved
BL100265,44,Wholesale,12.3,91300,53500,34900,8000,610000,5,0,Registered,Yes,987000,Urban,Equipment Purchase,Yes,Approved
BL100266,38,IT Services,8.6,163900,152300,7600,200,205000,3,1,Registered,No,1804000,Semi Urban,Working Capital,Yes,Rejected
BL100267,33,Retail,3.4,605200,211800,363100,93800,5588000,3,5,Registered,Yes,7818000,Rural,Equipment Purchase,Yes,Approved
BL100268,47,Retail,26.6,250600,190000,64400,3200,1389000,2,1,Registered,Yes,3061000,Semi Urban,Business Expansion,Yes,Rejected
BL100269,30,IT Services,0.9,229400,174200,50900,27900,673000,7,0,Registered,Yes,2733000,Urban,Working Capital,Yes,Rejected
BL100270,49,Transport,4.6,237400,164800,66700,19500,1557000,1,0,Registered,No,2616000,Rural,Inventory,No,Rejected
BL100271,37,Education,3.1,196100,141300,61800,15000,1842000,3,2,Registered,Yes,2250000,Urban,Business Expansion,Yes,Rejected
BL100272,48,Wholesale,0.3,429500,329400,99000,4000,1356000,2,5,Registered,Yes,5380000,Semi Urban,Business Expansion,No,Approved
BL100273,53,IT Services,0.8,316200,194700,130900,47900,1829000,1,1,Unregistered,No,3848000,Urban,Technology Upgrade,Yes,Rejected
BL100274,39,Retail,17.5,91100,58000,35000,4500,836000,5,1,Registered,No,1103000,Semi Urban,Business Expansion,No,Approved
BL100275,48,Retail,3.8,356800,229500,133100,38700,2339000,2,4,Registered,Yes,4535000,Semi Urban,Inventory,No,Rejected
BL100276,46,Transport,4.7,228900,170800,63900,6400,813000,5,1,Registered,Yes,2873000,Rural,Working Capital,Yes,Rejected
BL100277,42,Restaurant,3.9,261200,196200,63600,0,1862000,5,2,Registered,No,2999000,Urban,Working Capital,No,Rejected
BL100278,45,Retail,4.1,59500,32600,25500,11000,194000,10,0,Registered,Yes,774000,Urban,Inventory,Yes,Rejected
BL100279,37,IT Services,0.8,198900,134600,66400,19000,1792000,3,1,Unregistered,No,2435000,Urban,New Branch,Yes,Rejected
BL100280,55,Construction,7.5,182900,110700,70900,10000,513000,1,2,Registered,No,2032000,Semi Urban,Working Capital,No,Approved
BL100281,41,Retail,8.2,131200,73900,58900,29200,1265000,3,0,Registered,No,1578000,Rural,Business Expansion,No,Approved
BL100282,33,Retail,3.5,378500,236100,149200,29400,2163000,2,6,Registered,No,4473000,Rural,New Branch,Yes,Approved
BL100283,36,Wholesale,10.2,74500,40200,33100,12600,738000,3,0,Registered,Yes,949000,Urban,New Branch,Yes,Rejected
BL100284,48,Wholesale,17.8,1222300,551300,656500,0,14373000,3,11,Registered,Yes,15928000,Semi Urban,Equipment Purchase,No,Approved
BL100285,32,Retail,0.9,101700,70800,30700,4600,397000,3,0,Unregistered,No,1151000,Urban,Working Capital,Yes,Approved
BL100286,57,Transport,4.9,263600,213000,57300,9000,827000,5,1,Registered,Yes,3305000,Rural,Technology Upgrade,No,Approved
BL100287,52,Transport,7.4,226100,146000,76500,4000,1827000,3,2,Registered,Yes,2734000,Urban,Working Capital,Yes,Rejected
BL100288,29,Retail,1.1,400700,322800,92600,6200,581000,5,4,Registered,Yes,5195000,Semi Urban,New Branch,Yes,Approved
BL100289,47,Construction,14.9,541800,425700,98300,21900,1470000,5,4,Registered,No,5949000,Semi Urban,Working Capital,Yes,Approved
BL100290,31,Retail,9.4,153100,87600,70500,12300,753000,3,2,Registered,Yes,1914000,Semi Urban,New Branch,Yes,Approved
BL100291,32,Construction,9.5,220900,127700,94300,16100,1691000,3,0,Registered,Yes,2899000,Semi Urban,Inventory,Yes,Approved
BL100292,36,Manufacturing,14.9,153800,76700,78700,9700,871000,1,0,Registered,Yes,1874000,Urban,Working Capital,No,Approved
BL100293,33,Manufacturing,4.8,111300,79700,32900,11600,746000,5,1,Registered,Yes,1284000,Semi Urban,Business Expansion,Yes,Rejected
BL100294,47,Transport,4.9,202900,152500,41000,500,1024000,5,1,Registered,Yes,2513000,Semi Urban,Working Capital,No,Approved
BL100295,42,Transport,6.0,195600,133900,60600,12600,798000,2,1,Registered,Yes,2123000,Rural,New Branch,Yes,Approved
BL100296,44,Manufacturing,7.9,200100,116900,82600,10900,1607000,2,1,Registered,Yes,2427000,Urban,Inventory,Yes,Approved
BL100297,40,Other Services,8.3,158400,106800,55400,6700,974000,5,2,Registered,No,1859000,Urban,Working Capital,No,Approved
BL100298,35,IT Services,2.5,243800,188800,54600,0,637000,2,1,Registered,No,2700000,Urban,Equipment Purchase,Yes,Rejected
BL100299,35,IT Services,1.8,317800,241900,85000,16500,2035000,5,4,Registered,Yes,4127000,Semi Urban,Technology Upgrade,No,Approved
BL100300,50,Manufacturing,8.8,96400,72400,27500,3000,356000,2,0,Registered,Yes,1151000,Rural,Working Capital,Yes,Approved
BL100301,37,Retail,8.3,287800,208600,82600,19900,1673000,3,1,Registered,Yes,3716000,Semi Urban,Working Capital,Yes,Approved
BL100302,53,Healthcare,12.5,507300,422500,86800,57400,2315000,2,1,Registered,No,5793000,Urban,New Branch,No,Rejected
BL100303,34,Restaurant,10.9,92500,51500,39100,8800,851000,2,2,Registered,No,1068000,Urban,Equipment Purchase,Yes,Approved
BL100304,40,IT Services,1.4,218100,131900,89000,24000,1361000,5,1,Registered,No,2871000,Urban,Equipment Purchase,Yes,Approved
BL100305,43,Healthcare,1.8,261100,146700,112800,9300,2118000,7,1,Registered,Yes,3166000,Urban,Technology Upgrade,Yes,Approved
BL100306,51,Retail,2.8,318100,200600,126500,28600,3450000,5,1,Registered,Yes,3722000,Semi Urban,Working Capital,Yes,Approved
BL100307,49,Transport,6.7,340400,297400,33200,6100,705000,2,4,Registered,No,4289000,Semi Urban,Inventory,No,Rejected
BL100308,43,Restaurant,14.1,409500,239400,164700,12500,3159000,5,4,Registered,Yes,4478000,Urban,New Branch,Yes,Approved
BL100309,41,Healthcare,6.7,215700,126600,93200,5900,1474000,2,0,Registered,Yes,2727000,Urban,Equipment Purchase,No,Approved
BL100310,32,IT Services,5.4,109300,50400,62700,17000,1512000,3,0,Registered,Yes,1220000,Semi Urban,Equipment Purchase,No,Rejected
BL100311,38,Other Services,1.9,160400,122800,40000,4000,405000,2,0,Registered,Yes,1740000,Rural,Working Capital,No,Rejected
BL100312,60,Restaurant,5.2,472600,320400,164500,9600,3811000,5,2,Registered,Yes,6231000,Urban,Business Expansion,No,Approved
BL100313,31,Retail,9.4,117300,101200,16600,6600,323000,7,0,Registered,Yes,1324000,Rural,Working Capital,No,Rejected
BL100314,35,Wholesale,4.2,271400,234400,46400,19900,379000,5,5,Registered,Yes,3516000,Urban,Working Capital,Yes,Rejected
BL100315,28,Retail,3.7,330100,177100,154900,9400,4038000,3,1,Registered,No,3964000,Urban,Working Capital,No,Approved
BL100316,33,Retail,11.7,287000,192900,97300,34900,1930000,7,1,Registered,Yes,3213000,Rural,Working Capital,Yes,Approved
BL100317,29,IT Services,8.0,347200,293800,55200,0,1142000,3,2,Registered,Yes,4184000,Rural,New Branch,No,Approved
BL100318,29,Restaurant,9.0,195000,114200,80000,4600,1590000,3,1,Registered,No,2197000,Semi Urban,Equipment Purchase,No,Approved
BL100319,43,Wholesale,2.9,187100,151300,37600,700,1051000,2,0,Registered,Yes,2054000,Urban,Technology Upgrade,No,Rejected
BL100320,47,Transport,17.0,591000,211400,354600,44200,6779000,7,1,Registered,Yes,6817000,Urban,Working Capital,No,Approved
BL100321,43,Education,3.5,649200,437100,218700,43700,5329000,2,4,Registered,Yes,7766000,Urban,Equipment Purchase,No,Approved
BL100322,31,Restaurant,4.7,473500,283900,168900,1900,3191000,10,4,Registered,Yes,5870000,Semi Urban,Equipment Purchase,No,Approved
BL100323,25,Wholesale,5.0,276400,226400,45500,6100,1147000,5,1,Registered,Yes,3211000,Urban,Technology Upgrade,No,Approved
BL100324,23,Construction,3.0,140700,88900,50500,2900,1255000,7,2,Registered,Yes,1619000,Rural,Business Expansion,No,Approved
BL100325,29,Wholesale,7.2,215800,169900,39700,9300,1183000,3,1,Registered,Yes,2561000,Urban,Working Capital,Yes,Rejected
BL100326,31,Restaurant,7.4,184000,137800,43000,9300,873000,2,1,Registered,No,2185000,Rural,Inventory,No,Rejected
BL100327,36,Retail,5.0,384800,224300,166400,67900,2437000,3,1,Registered,Yes,4920000,Urban,Inventory,No,Approved
BL100328,42,Manufacturing,7.7,251300,200200,53000,0,1470000,7,2,Registered,Yes,2777000,Rural,Business Expansion,No,Approved
BL100329,37,Retail,4.1,282200,212100,75900,28000,1643000,3,1,Registered,No,3108000,Urban,Equipment Purchase,Yes,Approved
BL100330,54,Transport,8.0,194900,94500,104200,38600,2159000,2,0,Registered,Yes,2347000,Urban,Working Capital,Yes,Approved
BL100331,61,Wholesale,9.4,44500,33300,12100,1400,288000,5,1,Registered,Yes,543000,Urban,New Branch,Yes,Rejected
BL100332,39,Restaurant,5.9,436900,270800,166900,24100,3023000,1,3,Registered,Yes,5028000,Semi Urban,Inventory,No,Approved
BL100333,23,Other Services,3.0,191300,141900,54800,13600,1265000,5,1,Registered,Yes,2164000,Semi Urban,Equipment Purchase,Yes,Approved
BL100334,35,Wholesale,3.0,355400,253800,97900,34300,2898000,5,2,Registered,No,4572000,Rural,Equipment Purchase,Yes,Approved
BL100335,38,Other Services,6.0,162300,131900,34800,0,807000,2,3,Registered,Yes,1835000,Urban,Technology Upgrade,Yes,Rejected
BL100336,46,Restaurant,18.6,526100,423200,112800,14700,2739000,2,1,Registered,Yes,6500000,Rural,Business Expansion,No,Approved
BL100337,28,Transport,5.9,144200,83500,62700,16600,1430000,5,1,Registered,Yes,1802000,Urban,Equipment Purchase,No,Approved
BL100338,25,Restaurant,5.0,190500,117000,73600,15400,1569000,2,1,Registered,No,2324000,Semi Urban,Business Expansion,No,Approved
BL100339,42,Other Services,2.2,200700,130100,68100,13800,1452000,5,2,Registered,No,2360000,Urban,Technology Upgrade,Yes,Rejected
BL100340,35,Manufacturing,3.2,80400,65900,14600,0,433000,5,0,Registered,No,1027000,Urban,Working Capital,Yes,Rejected
BL100341,35,Manufacturing,5.6,254300,159900,86900,10800,1896000,5,0,Registered,Yes,3013000,Semi Urban,Working Capital,No,Approved
BL100342,32,Transport,11.9,326600,236100,97600,13800,695000,1,0,Registered,Yes,3597000,Urban,Business Expansion,No,Approved
BL100343,36,Restaurant,9.9,255700,204200,49300,3300,547000,3,1,Registered,Yes,2766000,Rural,Business Expansion,No,Approved
BL100344,42,Education,2.7,798500,548600,243900,89300,3077000,5,4,Registered,Yes,10389000,Semi Urban,Technology Upgrade,No,Approved
BL100345,23,Retail,3.0,116500,105500,6800,1000,152000,5,0,Registered,Yes,1489000,Semi Urban,Inventory,Yes,Rejected
BL100346,40,Retail,6.0,70600,43100,26100,1900,259000,3,0,Registered,Yes,912000,Rural,Technology Upgrade,Yes,Rejected
BL100347,46,Retail,6.3,97300,73100,29400,14500,807000,2,0,Registered,Yes,1110000,Semi Urban,Working Capital,No,Rejected
BL100348,44,Restaurant,9.4,209100,153100,53500,14300,538000,3,0,Registered,Yes,2392000,Rural,Working Capital,Yes,Approved
BL100349,59,Healthcare,8.7,408100,284500,132200,29600,3452000,5,1,Registered,Yes,4989000,Semi Urban,Inventory,No,Rejected
BL100350,36,Other Services,8.3,220700,89000,126100,22700,3530000,7,1,Registered,No,2858000,Rural,Inventory,No,Rejected
BL100351,39,Education,8.7,147900,95400,48600,4800,1449000,5,3,Registered,Yes,1914000,Urban,Technology Upgrade,No,Rejected
BL100352,51,Other Services,0.9,488100,221600,266400,19700,1701000,3,2,Unregistered,Not Applicable,5652000,Rural,Business Expansion,No,Approved
BL100353,40,Restaurant,19.0,185500,114200,71600,1700,1257000,5,2,Registered,Yes,2389000,Semi Urban,Equipment Purchase,No,Approved
BL100354,54,Wholesale,6.2,87200,58500,27700,4100,692000,3,2,Registered,Yes,1023000,Urban,Equipment Purchase,Yes,Approved
BL100355,47,Restaurant,9.7,361900,351000,10900,0,306000,2,2,Registered,No,4065000,Semi Urban,Inventory,Yes,Rejected
BL100356,41,Construction,11.9,292700,227800,60400,20200,1109000,2,3,Registered,Yes,3269000,Rural,Technology Upgrade,No,Approved
BL100357,40,Education,3.7,229200,125200,109600,10800,1292000,5,1,Registered,Yes,2796000,Semi Urban,New Branch,Yes,Rejected
BL100358,38,Retail,5.3,525900,371300,175800,57700,2525000,5,6,Registered,Yes,5774000,Urban,Inventory,Yes,Approved
BL100359,40,IT Services,11.9,186700,137200,53400,4000,839000,5,1,Registered,Yes,2268000,Rural,Working Capital,No,Approved
BL100360,32,IT Services,12.0,235100,162900,65800,17000,1647000,3,1,Registered,No,2551000,Urban,Working Capital,No,Approved
BL100361,46,Education,6.0,110700,75500,36200,0,1029000,3,1,Registered,Yes,1256000,Rural,Inventory,No,Approved
BL100362,57,Education,1.3,130300,79200,49600,5200,844000,2,0,Registered,No,1684000,Semi Urban,Working Capital,No,Rejected
BL100363,24,Education,2.9,149600,108700,39200,4800,1137000,5,3,Registered,No,1941000,Semi Urban,Inventory,Yes,Rejected
BL100364,51,Construction,4.1,301300,215100,90500,21500,2047000,3,2,Registered,No,3753000,Semi Urban,Technology Upgrade,No,Approved
BL100365,42,Education,7.2,132500,101800,31000,400,530000,3,0,Registered,Yes,1461000,Urban,Equipment Purchase,No,Approved
BL100366,49,Other Services,7.8,187600,148000,40100,16700,344000,3,3,Registered,No,2436000,Urban,Equipment Purchase,Yes,Rejected
BL100367,35,Retail,10.0,173900,136500,37600,7400,682000,1,2,Registered,No,1987000,Semi Urban,Inventory,No,Approved
BL100368,38,Education,11.5,192600,133700,55500,10500,855000,3,3,Registered,Yes,2116000,Urban,Equipment Purchase,Yes,Approved
BL100369,51,Wholesale,0.4,125700,82800,40400,0,367000,3,0,Unregistered,Not Applicable,1463000,Urban,Equipment Purchase,No,Rejected
BL100370,40,Manufacturing,4.5,175600,136300,38300,9400,1042000,1,3,Registered,Yes,1965000,Semi Urban,Inventory,Yes,Rejected
BL100371,47,Wholesale,11.4,99600,57100,42100,15300,374000,3,2,Registered,No,1244000,Semi Urban,Business Expansion,Yes,Rejected
BL100372,35,IT Services,15.0,194100,69600,116500,7000,3316000,10,1,Registered,Yes,2248000,Urban,Inventory,Yes,Approved
BL100373,38,Wholesale,8.2,195500,88800,110200,12000,727000,3,1,Registered,No,2392000,Semi Urban,Business Expansion,No,Rejected
BL100374,45,Restaurant,2.3,207600,90600,116300,18700,1226000,3,1,Registered,No,2723000,Urban,Inventory,Yes,Approved
BL100375,44,Transport,6.6,278100,209400,69700,10600,1612000,5,0,Registered,Yes,3299000,Rural,Equipment Purchase,Yes,Approved
BL100376,47,Transport,12.9,588600,410400,189000,10700,5462000,3,4,Registered,Yes,6800000,Urban,Working Capital,Yes,Approved
BL100377,37,Retail,1.7,73500,57500,15600,4000,116000,2,1,Registered,Yes,898000,Rural,Working Capital,Yes,Rejected
BL100378,40,Healthcare,2.4,159100,118900,41600,15600,501000,5,1,Registered,Yes,1952000,Urban,Working Capital,Yes,Rejected
BL100379,49,Wholesale,2.5,114900,93600,21800,4100,443000,5,0,Registered,Yes,1397000,Semi Urban,Working Capital,Yes,Rejected
BL100380,53,Education,8.7,239700,198200,40000,2600,1145000,5,0,Registered,Yes,2648000,Semi Urban,Business Expansion,Yes,Approved
BL100381,32,Transport,3.1,304000,244100,52200,1700,847000,2,1,Registered,Yes,3297000,Semi Urban,Working Capital,No,Approved
BL100382,51,Other Services,0.3,96000,77300,16900,9500,337000,5,0,Unregistered,Not Applicable,1236000,Rural,Working Capital,Yes,Rejected
BL100383,33,Construction,13.0,240600,214800,30800,4100,447000,3,2,Registered,Yes,2710000,Urban,Working Capital,Yes,Approved
BL100384,42,IT Services,5.7,334100,317600,6700,1800,100000,5,3,Registered,Yes,3640000,Rural,Business Expansion,Yes,Approved
BL100385,43,Manufacturing,19.2,256500,176900,88700,0,579000,5,3,Registered,No,3124000,Semi Urban,Inventory,No,Approved
BL100386,36,Transport,9.6,162300,142800,17300,1500,383000,3,0,Registered,Yes,1813000,Rural,Inventory,No,Rejected
BL100387,38,IT Services,5.8,298200,180200,107500,38900,2909000,5,4,Registered,Yes,3907000,Rural,New Branch,Yes,Approved
BL100388,24,IT Services,4.0,170600,104300,64500,4400,641000,5,1,Registered,Yes,2123000,Urban,Business Expansion,Yes,Approved
BL100389,47,Healthcare,2.8,342300,306600,20300,1500,405000,5,1,Registered,Yes,4516000,Rural,Business Expansion,Yes,Approved
BL100390,38,Education,7.5,245600,170300,66900,17000,1592000,5,1,Registered,Yes,3134000,Semi Urban,Working Capital,No,Approved
BL100391,40,IT Services,7.4,177600,82300,95700,9600,1260000,5,2,Registered,Yes,2054000,Semi Urban,Business Expansion,Yes,Rejected
BL100392,35,Retail,5.4,93500,49000,41600,11700,633000,5,0,Registered,Yes,1164000,Urban,Equipment Purchase,No,Approved
BL100393,47,Education,1.9,200800,116400,78300,7900,2207000,5,3,Registered,Yes,2375000,Urban,Inventory,No,Rejected
BL100394,42,Retail,7.2,104500,55100,49500,9100,696000,2,1,Registered,No,1188000,Urban,Working Capital,No,Approved
BL100395,30,IT Services,7.0,103500,77600,26100,7800,325000,3,0,Registered,Yes,1253000,Urban,Inventory,Yes,Rejected
BL100396,39,Restaurant,3.5,161300,91600,71300,9300,579000,7,2,Registered,Yes,2104000,Urban,Working Capital,No,Approved
BL100397,31,Restaurant,1.7,189900,122200,68600,800,1408000,2,1,Registered,Yes,2055000,Semi Urban,Inventory,Yes,Approved
BL100398,40,Transport,3.1,97100,58400,38600,5200,665000,3,0,Registered,No,1264000,Semi Urban,Working Capital,Yes,Rejected
BL100399,46,Education,16.6,180000,90500,91600,4600,2658000,5,2,Registered,Yes,2054000,Urban,Working Capital,Yes,Approved
BL100400,42,Construction,3.8,172400,87700,87800,11000,1776000,2,0,Registered,Yes,1897000,Semi Urban,New Branch,Yes,Rejected
BL100401,44,IT Services,7.2,138700,110800,28100,5600,328000,2,2,Registered,Yes,1829000,Semi Urban,Inventory,No,Rejected
BL100402,50,Healthcare,6.9,170400,123100,49000,9800,362000,7,0,Registered,Yes,1885000,Urban,Business Expansion,Yes,Approved
BL100403,33,Transport,5.2,292700,102400,175000,58700,4828000,1,0,Registered,Yes,3841000,Urban,Working Capital,No,Approved
BL100404,36,IT Services,16.0,157500,94100,62000,5100,1483000,2,1,Registered,Yes,1929000,Urban,Working Capital,No,Approved
BL100405,24,Restaurant,4.0,281800,224300,65600,12900,1335000,5,1,Registered,No,3622000,Urban,Working Capital,No,Approved
BL100406,37,IT Services,8.4,189500,142800,44600,18100,751000,7,5,Registered,Yes,2335000,Urban,Working Capital,No,Approved
BL100407,34,Healthcare,5.9,366300,350300,19700,4900,138000,2,2,Registered,No,3986000,Semi Urban,Business Expansion,No,Rejected
BL100408,46,Construction,3.7,323500,209100,115900,39600,2301000,3,2,Registered,Yes,4084000,Semi Urban,Technology Upgrade,No,Approved
BL100409,44,Healthcare,6.1,175000,127500,45300,8700,408000,7,0,Registered,Yes,2198000,Semi Urban,Technology Upgrade,Yes,Approved
BL100410,54,Other Services,9.3,132100,74700,58600,18800,1417000,2,1,Registered,No,1481000,Semi Urban,Working Capital,Yes,Approved
BL100411,35,Other Services,10.7,265900,127400,136100,23500,3731000,1,3,Registered,No,2929000,Rural,Equipment Purchase,No,Approved
BL100412,44,Education,9.3,145100,105500,38200,0,1077000,1,0,Registered,No,1700000,Semi Urban,Equipment Purchase,Yes,Approved
BL100413,47,Construction,0.7,77600,48800,28000,8300,206000,7,0,Unregistered,No,843000,Urban,Working Capital,No,Rejected
BL100414,61,Other Services,1.3,309100,299800,6200,1600,101000,7,0,Registered,Yes,3340000,Rural,New Branch,No,Approved
BL100415,44,IT Services,4.8,137700,83100,51800,10700,1061000,3,0,Registered,Yes,1763000,Urban,Working Capital,Yes,Rejected
BL100416,40,Retail,1.3,57400,35900,20900,1200,352000,7,0,Registered,Yes,733000,Urban,Working Capital,Yes,Rejected
BL100417,41,Healthcare,2.7,189900,131100,59000,25600,1289000,1,3,Registered,Yes,2263000,Rural,Business Expansion,No,Approved
BL100418,44,Retail,2.1,348600,279700,66200,21100,1205000,1,0,Registered,Yes,4143000,Semi Urban,Business Expansion,No,Approved
BL100419,52,Wholesale,5.0,139600,110500,27900,2900,240000,3,1,Registered,No,1633000,Semi Urban,Equipment Purchase,Yes,Rejected
BL100420,36,Education,6.0,161300,74900,94700,39100,917000,5,1,Registered,No,1799000,Semi Urban,Technology Upgrade,Yes,Rejected
BL100421,34,Healthcare,1.8,268100,227900,44100,17900,943000,1,1,Registered,Yes,3310000,Semi Urban,Business Expansion,No,Approved
BL100422,64,Restaurant,14.0,151300,99700,46600,7900,1175000,3,1,Registered,Yes,1755000,Urban,Business Expansion,Yes,Rejected
BL100423,30,Manufacturing,7.6,186800,65400,112100,8000,716000,2,2,Registered,Yes,2148000,Rural,Working Capital,Yes,Approved
BL100424,48,Transport,5.8,340100,231400,110700,30000,1572000,5,2,Registered,No,3738000,Urban,Equipment Purchase,Yes,Approved
BL100425,44,Construction,10.2,298500,163500,155900,26600,1767000,2,2,Registered,Yes,3612000,Semi Urban,Working Capital,Yes,Approved
BL100426,43,Construction,5.6,227700,189900,39300,23700,1128000,3,1,Registered,Yes,2995000,Urban,Business Expansion,Yes,Rejected
BL100427,29,Construction,7.9,73100,53000,23200,1000,323000,1,1,Registered,Yes,951000,Urban,New Branch,Yes,Approved
BL100428,64,Retail,3.8,282200,231400,48500,21100,814000,3,1,Registered,Yes,3175000,Urban,Equipment Purchase,No,Approved
BL100429,42,Construction,2.9,156800,131000,23400,3200,551000,1,2,Registered,No,1868000,Urban,New Branch,No,Rejected
BL100430,35,Transport,2.1,266700,165500,95000,15700,837000,7,3,Registered,Yes,3181000,Semi Urban,Equipment Purchase,No,Approved
BL100431,28,IT Services,6.2,80000,57000,24400,1800,314000,5,0,Registered,Yes,935000,Urban,Working Capital,No,Rejected
BL100432,23,Other Services,3.0,348900,288800,53700,11700,1481000,5,2,Registered,Yes,3974000,Semi Urban,Working Capital,No,Approved
BL100433,46,IT Services,21.2,120100,85100,33400,2300,718000,3,1,Registered,Yes,1511000,Rural,Equipment Purchase,Yes,Rejected
BL100434,32,Retail,0.7,257500,147500,112600,18600,2006000,1,0,Registered,No,3014000,Urban,Business Expansion,No,Approved
BL100435,38,Retail,5.7,348000,302000,43700,500,936000,3,0,Registered,Yes,4413000,Urban,Working Capital,No,Approved
BL100436,35,IT Services,10.4,251300,171700,80400,0,1710000,2,2,Registered,Yes,2759000,Rural,New Branch,Yes,Approved
BL100437,45,Transport,2.7,250600,144800,99500,16500,1184000,3,0,Registered,Yes,3246000,Rural,Technology Upgrade,Yes,Rejected
BL100438,44,Other Services,12.2,209600,194700,4900,1900,141000,2,3,Registered,No,2645000,Rural,Equipment Purchase,No,Rejected
BL100439,47,IT Services,10.4,95600,41300,56800,13400,804000,5,2,Registered,Yes,1108000,Urban,Equipment Purchase,No,Rejected
BL100440,47,Wholesale,12.7,440300,261200,189300,32900,3021000,7,1,Registered,No,5520000,Semi Urban,Inventory,Yes,Approved
BL100441,34,Healthcare,8.3,383600,232200,149500,88400,1297000,3,0,Registered,Yes,4677000,Urban,Technology Upgrade,Yes,Rejected
BL100442,28,Construction,2.9,158000,125500,32800,0,610000,1,0,Registered,No,1810000,Semi Urban,Business Expansion,Yes,Rejected
BL100443,39,Education,5.9,40000,25400,13800,3300,283000,5,0,Registered,Yes,466000,Urban,Inventory,Yes,Rejected
BL100444,45,Transport,11.2,363700,214900,146900,9800,2655000,10,3,Registered,No,4424000,Rural,Equipment Purchase,Yes,Approved
BL100445,41,Other Services,3.2,66700,54400,15500,3200,375000,10,0,Registered,No,801000,Rural,Business Expansion,No,Rejected
BL100446,23,Transport,1.3,273600,213800,69600,5600,980000,3,3,Registered,Yes,3100000,Urban,Technology Upgrade,No,Approved
BL100447,41,Retail,1.9,128400,82500,46600,4600,946000,3,0,Registered,No,1649000,Rural,Inventory,No,Rejected
BL100448,31,Restaurant,9.3,265200,188400,66700,16000,746000,2,0,Registered,No,3464000,Rural,Working Capital,Yes,Approved
BL100449,40,IT Services,3.4,108600,57900,51800,8800,1481000,7,0,Registered,No,1349000,Semi Urban,Business Expansion,Yes,Rejected
BL100450,49,Healthcare,7.5,199500,129700,68700,6100,1639000,2,1,Registered,Yes,2445000,Rural,Equipment Purchase,No,Approved
BL100451,23,Restaurant,3.0,71400,47900,22900,0,274000,5,0,Registered,No,895000,Urban,New Branch,No,Approved
BL100452,54,IT Services,4.1,200600,102600,98000,30700,802000,3,1,Registered,No,2274000,Semi Urban,New Branch,No,Rejected
BL100453,31,Manufacturing,2.3,198300,92200,113700,18500,1139000,1,0,Registered,Yes,2273000,Rural,Technology Upgrade,No,Approved
BL100454,49,Restaurant,2.5,305800,192100,114600,1600,1099000,3,3,Registered,No,3317000,Semi Urban,Business Expansion,Yes,Approved
BL100455,48,Restaurant,19.4,149200,121900,30300,0,696000,5,2,Registered,Yes,1632000,Urban,Inventory,Yes,Approved
BL100456,37,Other Services,2.7,235600,178000,59600,14300,371000,2,1,Registered,Yes,2703000,Semi Urban,Inventory,No,Rejected
BL100457,44,Education,7.9,156700,94300,63600,9600,782000,2,0,Registered,Yes,1740000,Rural,Inventory,Yes,Approved
BL100458,34,Construction,10.8,261000,253200,11300,2500,177000,3,0,Registered,No,3062000,Semi Urban,Working Capital,Yes,Rejected
BL100459,24,Retail,4.0,251400,135900,113400,65600,757000,10,1,Registered,Yes,2894000,Semi Urban,Equipment Purchase,Yes,Approved
BL100460,50,Other Services,5.0,337000,253200,74700,23900,900000,10,1,Registered,No,4326000,Urban,Inventory,No,Rejected
BL100461,34,Retail,5.6,98400,60100,41400,8000,1025000,3,1,Registered,Yes,1297000,Rural,Business Expansion,Yes,Rejected
BL100462,56,Retail,6.7,188200,157700,24800,0,656000,5,3,Registered,Yes,2151000,Urban,Equipment Purchase,Yes,Approved
BL100463,48,Retail,1.4,235700,156800,80300,35500,1379000,5,5,Registered,Yes,2650000,Urban,Inventory,No,Rejected
BL100464,32,Manufacturing,8.7,592200,384300,229400,48100,5305000,10,3,Registered,Yes,6746000,Urban,Working Capital,No,Approved
BL100465,45,Retail,17.6,653200,526000,131800,74500,3462000,5,4,Registered,Yes,7172000,Semi Urban,New Branch,No,Approved
BL100466,45,Retail,0.3,87900,57900,31100,2400,247000,2,1,Registered,Yes,1062000,Urban,New Branch,Yes,Approved
BL100467,56,Restaurant,3.1,137500,106700,32500,200,827000,10,0,Registered,Yes,1763000,Urban,New Branch,Yes,Rejected
BL100468,36,Education,5.7,44400,29600,15800,6500,413000,3,0,Registered,Yes,513000,Rural,Inventory,No,Rejected
BL100469,38,Education,13.6,742500,259900,445500,105300,10324000,2,1,Registered,Yes,9371000,Urban,Inventory,Yes,Approved
BL100470,44,Education,16.5,240500,230900,4800,1900,100000,3,0,Registered,Yes,3128000,Semi Urban,Technology Upgrade,No,Rejected
BL100471,40,Healthcare,0.6,281600,210500,78500,1200,1442000,10,5,Registered,No,3053000,Semi Urban,Working Capital,No,Approved
BL100472,27,Transport,7.0,164400,105200,59000,800,573000,5,1,Registered,Yes,2006000,Rural,Technology Upgrade,Yes,Approved
BL100473,49,Wholesale,15.6,198300,170000,25300,1200,608000,5,5,Registered,Yes,2271000,Rural,Working Capital,No,Approved
BL100474,54,Other Services,1.0,391400,217000,166000,0,3859000,3,2,Unregistered,No,4800000,Urban,Business Expansion,Yes,Approved
BL100475,41,Restaurant,8.0,106100,59600,47000,5700,985000,5,1,Registered,Yes,1157000,Urban,New Branch,Yes,Approved
BL100476,29,Construction,9.0,101000,50100,49800,0,1293000,2,0,Registered,Yes,1093000,Urban,New Branch,Yes,Rejected
BL100477,39,Retail,4.5,172100,112500,59900,12700,478000,1,1,Registered,No,1894000,Semi Urban,Working Capital,No,Rejected
BL100478,32,Retail,7.2,200000,118800,81200,15100,1514000,7,1,Registered,Yes,2531000,Semi Urban,Working Capital,No,Approved
BL100479,38,Wholesale,4.2,277400,178200,100800,6600,1372000,3,1,Registered,Yes,3242000,Urban,Business Expansion,No,Approved
BL100480,42,Education,8.0,201200,98400,106000,29300,2150000,7,2,Registered,Yes,2589000,Semi Urban,Business Expansion,Yes,Approved
BL100481,46,Education,11.7,119700,70700,51800,11600,324000,1,0,Registered,No,1362000,Semi Urban,Working Capital,Yes,Rejected
BL100482,53,Retail,13.2,158200,116900,45000,18000,578000,5,2,Registered,No,1803000,Urban,Business Expansion,Yes,Rejected
BL100483,46,Restaurant,3.3,221100,189600,38200,18200,309000,2,2,Registered,No,2467000,Semi Urban,Business Expansion,No,Rejected
BL100484,30,Education,1.9,295500,202700,91300,20100,1506000,2,0,Registered,Yes,3822000,Urban,Working Capital,No,Rejected
BL100485,46,Wholesale,8.0,362100,222800,134000,35500,3773000,2,0,Registered,Yes,4570000,Semi Urban,Inventory,Yes,Approved
BL100486,37,Retail,9.4,168600,128500,39800,11400,282000,1,0,Registered,No,1840000,Semi Urban,New Branch,Yes,Rejected
BL100487,38,IT Services,1.7,130000,108300,20400,10000,573000,10,1,Registered,No,1647000,Semi Urban,Working Capital,No,Rejected
BL100488,40,Healthcare,4.7,116000,95800,17200,0,392000,5,2,Registered,No,1473000,Urban,Technology Upgrade,Yes,Rejected
BL100489,41,Healthcare,15.1,400300,298800,99400,11400,2702000,7,1,Registered,Yes,4401000,Urban,Business Expansion,No,Approved
BL100490,49,Education,4.6,153000,89000,66100,0,1654000,2,1,Registered,No,1694000,Rural,Working Capital,Yes,Approved
BL100491,44,Retail,12.5,125700,84600,44100,4700,716000,5,0,Registered,Yes,1560000,Urban,Equipment Purchase,No,Rejected
BL100492,29,Restaurant,3.6,219800,156400,63000,8900,1053000,1,1,Registered,No,2482000,Urban,New Branch,Yes,Approved
BL100493,26,Restaurant,6.0,523700,189000,314200,21500,2009000,2,5,Registered,Yes,5685000,Urban,New Branch,No,Approved
BL100494,46,Manufacturing,5.8,114200,78100,36100,9500,652000,7,1,Registered,Yes,1430000,Semi Urban,Inventory,Yes,Approved
BL100495,45,IT Services,4.9,283400,256200,13700,3800,248000,2,1,Registered,No,3538000,Rural,Working Capital,No,Rejected
BL100496,51,IT Services,6.0,151300,90300,56900,11300,1378000,7,2,Registered,Yes,1664000,Semi Urban,New Branch,No,Rejected
BL100497,39,IT Services,3.0,212500,94400,119800,29800,2356000,7,0,Registered,Yes,2380000,Semi Urban,Business Expansion,Yes,Rejected
BL100498,43,IT Services,1.7,323400,191900,119800,55800,1537000,1,2,Registered,No,3645000,Semi Urban,Business Expansion,No,Rejected
BL100499,44,Restaurant,4.5,412300,242800,158500,40200,1814000,10,3,Registered,Yes,5119000,Urban,Inventory,Yes,Approved
BL100500,26,Other Services,6.0,144700,119100,21200,0,521000,3,2,Registered,No,1664000,Urban,Business Expansion,No,Rejected
BL100501,25,Wholesale,1.1,311800,302400,8100,700,147000,5,3,Unregistered,Not Applicable,3585000,Urban,Technology Upgrade,No,Rejected
BL100502,47,IT Services,13.4,229200,160500,69800,4900,587000,7,4,Registered,Yes,2736000,Urban,Equipment Purchase,Yes,Approved
BL100503,43,Manufacturing,4.9,253100,144100,100300,41400,2525000,5,1,Registered,Yes,2906000,Urban,Business Expansion,Yes,Rejected
BL100504,52,Manufacturing,9.6,417200,218000,205500,25600,3185000,10,2,Registered,No,5143000,Rural,Technology Upgrade,Yes,Approved
BL100505,57,Construction,4.4,129800,105700,24100,1100,305000,7,1,Registered,Yes,1413000,Urban,Working Capital,Yes,Rejected
BL100506,37,IT Services,8.9,316400,244900,63100,1800,551000,2,0,Registered,Yes,3868000,Urban,Working Capital,No,Approved
BL100507,37,Restaurant,9.3,218400,181800,36800,4200,392000,5,2,Registered,No,2436000,Semi Urban,Business Expansion,Yes,Approved
BL100508,28,Manufacturing,8.0,404500,247300,151100,16300,1096000,3,1,Registered,No,4395000,Semi Urban,New Branch,Yes,Rejected
BL100509,45,Other Services,1.1,254200,226800,23500,2000,548000,2,6,Registered,No,2960000,Urban,Inventory,Yes,Rejected
BL100510,23,Restaurant,3.0,181600,127600,49400,16400,1027000,3,1,Registered,Yes,2328000,Semi Urban,Inventory,Yes,Rejected
BL100511,31,Manufacturing,11.0,335300,196900,138300,21600,4027000,1,1,Registered,No,3797000,Semi Urban,Working Capital,No,Approved
BL100512,43,Construction,5.6,141400,58400,82300,15500,822000,3,1,Registered,No,1590000,Urban,Equipment Purchase,Yes,Rejected
BL100513,34,Education,4.9,156300,95800,59700,18600,798000,1,0,Registered,No,1887000,Semi Urban,Inventory,No,Approved
BL100514,40,Construction,4.6,126700,77500,48900,15800,1044000,2,1,Registered,No,1541000,Urban,Technology Upgrade,Yes,Rejected
BL100515,38,Restaurant,6.2,136500,73800,63300,6900,1224000,10,0,Registered,No,1668000,Urban,Equipment Purchase,Yes,Approved
BL100516,30,Construction,9.2,40000,29500,10300,3900,196000,10,1,Registered,No,492000,Urban,Working Capital,No,Rejected
BL100517,23,Restaurant,3.0,146300,86300,54200,10600,446000,5,0,Registered,Yes,1783000,Semi Urban,Business Expansion,Yes,Rejected
BL100518,46,IT Services,11.9,190200,105800,84200,9400,547000,10,1,Registered,No,2122000,Semi Urban,Working Capital,Yes,Approved
BL100519,38,Retail,7.1,313700,175900,131700,44300,3072000,3,2,Registered,No,3771000,Semi Urban,Business Expansion,Yes,Approved
BL100520,43,Restaurant,5.2,114400,56700,60300,15600,1386000,3,1,Registered,Yes,1294000,Semi Urban,Business Expansion,No,Rejected
BL100521,39,Wholesale,6.2,147200,89200,59300,14500,396000,3,0,Registered,Yes,1766000,Urban,Equipment Purchase,Yes,Approved
BL100522,39,Retail,11.6,178800,108900,73400,10700,1904000,1,2,Registered,Yes,1987000,Urban,Business Expansion,No,Approved
BL100523,41,Construction,3.4,314700,204000,107200,21400,2616000,3,3,Registered,Yes,3828000,Rural,Business Expansion,No,Approved
BL100524,38,IT Services,4.6,221500,161600,63800,5800,715000,3,1,Registered,Yes,2807000,Semi Urban,Business Expansion,No,Approved
BL100525,37,Wholesale,3.7,248900,218800,24500,4100,480000,3,1,Registered,Yes,3227000,Rural,Equipment Purchase,Yes,Rejected
BL100526,31,IT Services,4.7,337500,273800,63500,8700,782000,3,2,Registered,Yes,4343000,Urban,Business Expansion,Yes,Approved
BL100527,62,Construction,6.0,268800,128100,135800,32100,3533000,3,2,Registered,No,3019000,Rural,Equipment Purchase,Yes,Approved
BL100528,49,Transport,11.6,138500,110300,29800,12800,303000,5,1,Registered,Yes,1646000,Semi Urban,Equipment Purchase,Yes,Approved
BL100529,53,Construction,9.2,554700,455300,118500,20600,3072000,10,0,Registered,Yes,5999000,Semi Urban,Working Capital,No,Approved
BL100530,51,Manufacturing,5.8,63500,49400,14500,4600,316000,7,0,Registered,Yes,744000,Rural,Technology Upgrade,Yes,Approved
BL100531,37,Transport,5.7,340800,211700,118900,26200,1243000,3,5,Registered,Yes,4118000,Urban,Technology Upgrade,No,Approved
BL100532,38,Wholesale,8.1,258900,225300,30100,11200,806000,2,0,Registered,Yes,3253000,Semi Urban,Technology Upgrade,Yes,Approved
BL100533,40,Retail,4.4,419400,236200,208900,95100,5411000,7,2,Registered,Yes,4808000,Semi Urban,New Branch,Yes,Approved
BL100534,37,Retail,3.3,172800,141500,34100,4200,725000,2,3,Registered,No,2035000,Semi Urban,Business Expansion,Yes,Rejected
BL100535,48,Wholesale,8.2,147600,120300,25000,0,449000,2,2,Registered,Yes,1901000,Urban,Working Capital,Yes,Approved
BL100536,33,Wholesale,3.4,102600,76400,28100,400,593000,2,0,Registered,Yes,1270000,Urban,Working Capital,No,Approved
BL100537,30,Healthcare,2.8,105000,46900,58400,20300,1289000,3,2,Registered,No,1276000,Urban,Business Expansion,No,Rejected
BL100538,28,Construction,8.0,179800,127000,62200,15400,527000,1,2,Registered,Yes,2156000,Urban,Equipment Purchase,No,Rejected
BL100539,37,IT Services,0.9,119900,94500,25600,1400,400000,2,0,Registered,Yes,1442000,Semi Urban,New Branch,Yes,Rejected
BL100540,36,IT Services,0.7,129700,89000,40000,17600,1138000,2,1,Unregistered,No,1494000,Urban,New Branch,No,Rejected
BL100541,34,IT Services,5.5,105200,70400,34600,5300,850000,5,2,Registered,Yes,1152000,Semi Urban,Working Capital,Yes,Rejected
BL100542,41,Other Services,8.8,369700,233400,133400,19500,1047000,5,1,Registered,No,4507000,Urban,Working Capital,Yes,Approved
BL100543,30,Construction,5.1,128900,78800,48300,7500,1284000,10,0,Registered,Yes,1662000,Urban,Inventory,Yes,Approved
BL100544,47,Restaurant,4.4,253000,168900,78400,30600,588000,2,0,Registered,Yes,3338000,Semi Urban,Inventory,No,Rejected
BL100545,30,Construction,10.0,184300,154000,28500,2400,639000,5,0,Registered,Yes,2033000,Semi Urban,New Branch,Yes,Approved
BL100546,29,Wholesale,3.6,244800,144100,104500,41000,1472000,2,2,Registered,Yes,2763000,Semi Urban,Business Expansion,Yes,Approved
BL100547,34,Wholesale,6.0,169800,124100,44800,12700,561000,5,2,Registered,Yes,2121000,Urban,Business Expansion,Yes,Approved
BL100548,39,Education,4.8,316500,110800,189900,76900,3330000,2,4,Registered,No,3841000,Rural,Inventory,No,Approved
BL100549,48,Transport,6.7,287300,175700,104000,32700,821000,3,0,Registered,No,3703000,Rural,Inventory,Yes,Approved
BL100550,39,Education,4.9,410700,317400,99100,25100,2894000,3,3,Registered,Yes,4790000,Rural,New Branch,Yes,Approved
BL100551,26,Wholesale,6.0,133700,108400,29600,9000,857000,10,1,Registered,Yes,1629000,Urban,Technology Upgrade,No,Rejected
BL100552,44,Construction,6.1,119600,64000,53600,11500,541000,2,1,Registered,Yes,1552000,Urban,Technology Upgrade,No,Approved
BL100553,44,Wholesale,4.3,157400,112800,42600,4000,1237000,7,1,Registered,No,1952000,Semi Urban,Equipment Purchase,Yes,Approved
BL100554,35,Wholesale,1.9,212800,166200,42700,12800,1237000,5,1,Registered,No,2411000,Semi Urban,New Branch,No,Approved
BL100555,42,IT Services,0.3,272700,156700,120500,22800,1076000,3,3,Unregistered,Not Applicable,3452000,Urban,Working Capital,No,Rejected
BL100556,53,Transport,8.5,136500,63100,76200,29700,482000,5,1,Registered,Yes,1522000,Urban,New Branch,No,Approved
BL100557,32,Retail,2.8,224100,112900,111900,43000,1931000,3,0,Registered,No,2477000,Urban,Inventory,Yes,Approved
BL100558,49,Construction,6.1,178200,84100,89900,25900,1268000,5,1,Registered,Yes,2070000,Semi Urban,Equipment Purchase,Yes,Rejected
BL100559,51,Wholesale,1.9,169400,130700,40000,14000,703000,2,0,Registered,Yes,2029000,Urban,Working Capital,Yes,Rejected
BL100560,42,Construction,10.4,197700,136800,61800,16900,1135000,5,1,Registered,Yes,2461000,Semi Urban,New Branch,Yes,Approved
BL100561,29,Retail,9.0,489200,304700,187800,51700,4524000,3,5,Registered,Yes,6209000,Urban,Inventory,No,Approved
BL100562,52,Restaurant,3.0,319400,179800,132900,14000,2812000,10,2,Registered,Yes,3941000,Urban,Equipment Purchase,Yes,Approved
BL100563,48,Wholesale,9.1,373000,306500,58200,13900,1063000,3,2,Registered,Yes,4699000,Semi Urban,Equipment Purchase,No,Approved
BL100564,45,IT Services,10.3,247100,160800,78300,20900,1413000,10,2,Registered,Yes,3261000,Urban,Business Expansion,No,Approved
BL100565,40,Retail,13.9,571900,411700,173400,44300,4950000,2,4,Registered,Yes,6214000,Rural,Equipment Purchase,Yes,Approved
BL100566,50,Retail,2.1,339100,189900,157200,37900,2061000,2,3,Registered,No,4363000,Urban,Business Expansion,Yes,Approved
BL100567,32,IT Services,4.4,84500,44400,37400,8700,395000,7,0,Registered,No,1025000,Rural,Business Expansion,Yes,Rejected
BL100568,48,IT Services,5.5,307600,249200,53500,27400,724000,7,1,Registered,Yes,3610000,Semi Urban,Working Capital,No,Rejected
BL100569,37,Restaurant,4.7,243500,167800,71800,15800,1788000,3,0,Registered,Yes,2730000,Rural,New Branch,Yes,Rejected
BL100570,25,Other Services,5.0,288700,202200,91700,28600,1206000,1,1,Registered,Yes,3805000,Semi Urban,Equipment Purchase,Yes,Approved
BL100571,31,Manufacturing,8.0,80800,58200,22700,4600,491000,3,0,Registered,Yes,991000,Rural,Equipment Purchase,No,Rejected
BL100572,44,Construction,2.7,82600,66600,18500,4600,279000,7,0,Registered,Yes,1015000,Urban,Equipment Purchase,Yes,Rejected
BL100573,42,Manufacturing,18.4,187800,155800,30900,2300,481000,3,1,Registered,Yes,2098000,Urban,Working Capital,Yes,Approved
BL100574,44,Retail,8.7,69300,36900,30500,3500,727000,5,0,Registered,Yes,885000,Semi Urban,Business Expansion,No,Approved
BL100575,37,Transport,4.5,303200,195400,103300,13300,1083000,3,2,Registered,Yes,3631000,Urban,Technology Upgrade,No,Rejected
BL100576,42,Healthcare,1.3,217200,118200,95000,0,1977000,1,1,Registered,Yes,2405000,Urban,Working Capital,No,Approved
BL100577,46,Restaurant,4.9,639600,448600,204500,45200,4026000,5,5,Registered,No,7013000,Urban,Equipment Purchase,No,Rejected
BL100578,61,Wholesale,13.3,248900,156200,102300,7100,2593000,2,2,Registered,Yes,3275000,Semi Urban,Working Capital,No,Approved
BL100579,36,Transport,5.9,301400,192200,112200,4700,3133000,3,2,Registered,No,3265000,Rural,Equipment Purchase,Yes,Approved
BL100580,49,Transport,4.7,281400,182700,94800,49900,894000,7,0,Registered,Yes,3627000,Urban,Technology Upgrade,Yes,Approved
BL100581,46,Transport,8.0,208400,133900,75600,28500,920000,2,4,Registered,Yes,2314000,Rural,Inventory,No,Approved
BL100582,41,Education,5.2,213300,206900,4300,2200,100000,3,1,Registered,Yes,2659000,Semi Urban,Inventory,No,Rejected
BL100583,28,Manufacturing,8.0,192200,82100,109300,21300,3275000,2,1,Registered,Yes,2175000,Urban,New Branch,Yes,Rejected
BL100584,53,Construction,10.7,47500,31300,14600,2300,301000,1,0,Registered,Yes,574000,Semi Urban,New Branch,No,Rejected
BL100585,42,Other Services,3.0,389800,188600,204900,54600,5844000,3,2,Registered,Yes,4239000,Semi Urban,Inventory,Yes,Approved
BL100586,35,Restaurant,12.1,392100,274400,116400,30800,3390000,1,2,Registered,Yes,5029000,Rural,Inventory,No,Rejected
BL100587,32,Healthcare,2.9,333800,165100,174200,27300,4826000,2,1,Registered,Yes,3810000,Semi Urban,Technology Upgrade,No,Approved
BL100588,42,Transport,6.6,209700,140500,72300,6800,896000,7,2,Registered,Yes,2657000,Urban,Working Capital,No,Approved
BL100589,32,Manufacturing,12.0,183300,107000,74300,22200,1349000,1,2,Registered,Yes,2365000,Urban,Equipment Purchase,No,Approved
BL100590,35,IT Services,6.4,100600,82300,20300,0,236000,5,3,Registered,Yes,1201000,Semi Urban,Working Capital,No,Rejected
BL100591,35,Education,1.3,93800,45500,46100,13700,753000,3,0,Unregistered,Not Applicable,1230000,Rural,Working Capital,Yes,Rejected
BL100592,40,IT Services,7.0,139200,69900,76600,12600,1243000,3,1,Registered,No,1719000,Semi Urban,Business Expansion,Yes,Rejected
BL100593,45,Restaurant,9.8,224600,119000,99600,32500,2782000,3,0,Registered,Yes,2534000,Semi Urban,Equipment Purchase,Yes,Approved
BL100594,37,Other Services,9.9,248700,180900,71500,26500,1621000,3,0,Registered,Yes,2946000,Rural,Inventory,No,Approved
BL100595,38,Restaurant,11.9,145900,102900,46600,13700,1109000,1,1,Registered,No,1677000,Semi Urban,Working Capital,Yes,Approved
BL100596,41,Retail,6.8,90900,58100,33100,1100,786000,7,0,Registered,Yes,1143000,Rural,Working Capital,No,Rejected
BL100597,33,Manufacturing,10.8,133300,101500,29000,0,554000,2,2,Registered,No,1701000,Urban,Equipment Purchase,Yes,Rejected
BL100598,35,Other Services,2.7,185100,70900,111100,0,1587000,5,1,Registered,Yes,2049000,Semi Urban,Working Capital,Yes,Approved
BL100599,36,Restaurant,9.4,77900,50300,26000,3500,679000,5,1,Registered,Yes,881000,Semi Urban,Business Expansion,No,Rejected
BL100600,43,Education,4.3,221900,149900,72000,0,1032000,2,2,Registered,Yes,2418000,Urban,Business Expansion,Yes,Approved
BL100601,54,Education,13.8,523000,366600,164700,32500,3047000,2,8,Registered,Yes,6520000,Urban,Working Capital,Yes,Approved
BL100602,29,Retail,6.7,122800,84300,39700,2800,383000,7,1,Registered,Yes,1513000,Urban,Working Capital,Yes,Approved
BL100603,42,Construction,4.6,709000,503800,206000,24300,4165000,1,6,Registered,Yes,8057000,Urban,Working Capital,Yes,Approved
BL100604,38,Wholesale,10.9,130300,95900,30800,6200,532000,3,1,Registered,Yes,1608000,Urban,Working Capital,No,Rejected
BL100605,38,Transport,6.3,173900,161900,17900,4700,485000,1,1,Registered,Yes,2061000,Urban,Working Capital,Yes,Rejected
BL100606,36,IT Services,1.3,265700,204800,60000,4900,796000,3,0,Registered,No,3314000,Urban,Working Capital,Yes,Approved
BL100607,50,Retail,2.5,193300,93200,98600,13600,1311000,2,0,Registered,Yes,2467000,Urban,Working Capital,Yes,Approved
BL100608,23,Retail,3.0,71900,56600,15600,4000,140000,7,1,Registered,Yes,808000,Rural,Business Expansion,Yes,Rejected
BL100609,30,Retail,7.8,231000,152200,71100,13000,1249000,3,0,Registered,Yes,2856000,Urban,Equipment Purchase,Yes,Approved
BL100610,50,Manufacturing,6.9,208300,125800,82300,14700,2008000,5,4,Registered,Yes,2547000,Rural,New Branch,Yes,Rejected
BL100611,50,Transport,5.2,169800,83200,85900,26100,1850000,3,1,Registered,Yes,1997000,Urban,Equipment Purchase,Yes,Approved
BL100612,56,Restaurant,7.7,207500,132800,74000,4900,602000,3,0,Registered,Yes,2420000,Urban,New Branch,No,Rejected
BL100613,43,Restaurant,8.4,259200,182400,83100,27000,1097000,5,5,Registered,No,3401000,Semi Urban,Technology Upgrade,Yes,Approved
BL100614,44,Wholesale,1.7,116800,90600,23300,12700,322000,5,0,Registered,Yes,1275000,Rural,Working Capital,No,Approved
BL100615,23,Transport,3.0,274200,146700,127300,30900,2599000,7,2,Registered,Yes,3397000,Urban,Business Expansion,Yes,Approved
BL100616,40,Education,3.2,137900,86100,50100,6700,1249000,3,1,Registered,Yes,1777000,Urban,Working Capital,No,Rejected
BL100617,45,Restaurant,1.8,499400,306500,190700,0,5691000,3,7,Registered,No,6495000,Semi Urban,Business Expansion,No,Approved
BL100618,36,Construction,0.8,371000,224100,153100,19300,1856000,7,2,Registered,Yes,4642000,Urban,Business Expansion,No,Approved
BL100619,39,Restaurant,19.0,109300,52500,56500,14400,601000,3,2,Registered,No,1286000,Rural,Business Expansion,Yes,Approved
BL100620,51,Construction,28.1,415800,224600,188900,34600,3051000,2,1,Registered,Yes,4545000,Semi Urban,Inventory,Yes,Approved
BL100621,53,Other Services,21.2,253800,162200,79700,15300,1772000,2,0,Registered,Yes,3143000,Urban,Inventory,Yes,Approved
BL100622,42,Restaurant,10.9,273200,207600,69900,12800,1624000,3,2,Registered,Yes,3453000,Urban,Equipment Purchase,Yes,Rejected
BL100623,40,IT Services,7.2,178300,115600,56900,7200,1475000,2,3,Registered,No,2059000,Semi Urban,Working Capital,Yes,Rejected
BL100624,47,Manufacturing,4.0,161800,84600,75700,14500,1021000,2,2,Registered,Yes,1924000,Urban,Business Expansion,Yes,Rejected
BL100625,37,Wholesale,4.7,169000,108900,57200,4500,1498000,1,0,Registered,Yes,1890000,Semi Urban,Working Capital,No,Rejected
BL100626,49,Wholesale,2.0,112200,58000,49100,10500,1084000,2,0,Registered,Yes,1260000,Urban,Working Capital,No,Rejected
BL100627,35,Healthcare,5.6,64700,50100,14800,3300,100000,7,1,Registered,Yes,819000,Urban,New Branch,No,Approved
BL100628,47,Healthcare,1.2,135600,118400,16100,6600,472000,5,1,Unregistered,No,1547000,Urban,New Branch,No,Rejected
BL100629,40,IT Services,6.7,135200,93400,43200,3700,521000,3,0,Registered,Yes,1661000,Urban,Business Expansion,No,Approved
BL100630,34,Retail,2.1,103400,79200,25300,7800,198000,7,1,Registered,No,1200000,Urban,Equipment Purchase,No,Rejected
BL100631,43,Manufacturing,11.4,281900,165000,120400,39400,2003000,5,1,Registered,Yes,3372000,Urban,Working Capital,No,Rejected
BL100632,36,Wholesale,4.3,230100,162900,69500,11300,1309000,2,1,Registered,Yes,2816000,Semi Urban,Equipment Purchase,No,Approved
BL100633,49,Other Services,13.5,139300,93300,47400,4700,816000,5,2,Registered,Yes,1767000,Urban,Working Capital,Yes,Approved
BL100634,31,Transport,11.0,164900,132500,35500,14200,867000,10,1,Registered,Yes,1904000,Semi Urban,Business Expansion,Yes,Rejected
BL100635,42,Manufacturing,9.0,227300,135600,93300,500,821000,1,3,Registered,Yes,2541000,Urban,Working Capital,No,Rejected
BL100636,33,Other Services,13.0,128500,85200,43900,3400,1119000,10,0,Registered,Yes,1510000,Urban,Technology Upgrade,No,Approved
BL100637,51,Healthcare,6.4,42900,22700,20100,800,355000,3,0,Registered,Yes,540000,Urban,Inventory,Yes,Rejected
BL100638,46,IT Services,12.9,407500,308300,101300,10000,796000,3,1,Registered,Yes,4550000,Rural,Business Expansion,No,Approved
BL100639,40,Construction,7.8,185600,109500,78000,12800,2294000,1,0,Registered,Yes,2022000,Semi Urban,Equipment Purchase,Yes,Approved
BL100640,40,Retail,13.5,233800,147600,88500,37400,2430000,2,1,Registered,No,2634000,Semi Urban,Business Expansion,No,Rejected
BL100641,55,Other Services,7.1,220400,122600,97000,13300,1322000,3,1,Registered,Yes,2903000,Rural,Inventory,Yes,Approved
BL100642,47,Retail,12.5,83600,54100,33000,17000,598000,10,0,Registered,Yes,955000,Urban,Working Capital,Yes,Rejected
BL100643,33,Education,11.9,131600,100700,34900,11700,413000,5,2,Registered,Yes,1650000,Semi Urban,New Branch,No,Rejected
BL100644,48,IT Services,7.0,197200,141600,52400,6500,952000,10,1,Registered,No,2602000,Urban,Business Expansion,Yes,Approved
BL100645,35,Construction,3.1,176400,147800,28600,3600,342000,5,1,Registered,Yes,2084000,Urban,Inventory,Yes,Approved
BL100646,41,Restaurant,12.6,100600,59000,44800,10300,667000,7,1,Registered,Yes,1159000,Semi Urban,Business Expansion,Yes,Rejected
BL100647,23,Wholesale,3.0,244200,164300,75600,16000,949000,1,3,Registered,No,2954000,Semi Urban,Working Capital,No,Approved
BL100648,47,Wholesale,13.1,279700,229700,43100,1100,722000,7,0,Registered,Yes,3630000,Semi Urban,Equipment Purchase,Yes,Approved
BL100649,34,IT Services,4.1,158200,87000,79700,7200,608000,7,0,Registered,Yes,1815000,Urban,Working Capital,Yes,Approved
BL100650,38,IT Services,1.2,362800,300500,58800,0,1107000,5,2,Registered,Yes,4569000,Rural,Working Capital,No,Approved
BL100651,27,Other Services,1.0,273700,238400,24200,11200,273000,5,2,Unregistered,Not Applicable,3216000,Urban,Working Capital,No,Rejected
BL100652,42,IT Services,3.0,250700,132700,113900,25200,1145000,5,2,Registered,Yes,2943000,Urban,Technology Upgrade,No,Approved
BL100653,41,Retail,12.9,147300,142900,3100,500,100000,1,3,Registered,Yes,1641000,Urban,Working Capital,No,Rejected
BL100654,29,IT Services,4.5,179500,114400,68000,6800,1596000,2,0,Registered,Yes,2180000,Rural,Equipment Purchase,Yes,Rejected
BL100655,40,Education,8.8,327700,148700,179200,20800,2606000,10,0,Registered,Yes,3590000,Urban,Technology Upgrade,No,Approved
BL100656,38,Manufacturing,8.5,83300,44200,36700,0,884000,3,0,Registered,Yes,1030000,Semi Urban,Business Expansion,Yes,Rejected
BL100657,51,Restaurant,0.7,86600,56500,25000,5600,737000,2,0,Registered,Yes,1119000,Urban,Equipment Purchase,No,Rejected
BL100658,34,Manufacturing,9.3,155600,96400,60700,19200,1739000,5,2,Registered,No,1787000,Urban,New Branch,No,Rejected
BL100659,44,Restaurant,9.0,196400,112100,84500,36800,955000,3,0,Registered,Yes,2339000,Urban,Equipment Purchase,No,Rejected
BL100660,27,IT Services,3.1,187500,96000,96000,30600,2720000,7,0,Registered,Yes,2208000,Urban,Working Capital,Yes,Rejected
BL100661,41,Restaurant,7.7,271900,133400,135000,42200,3608000,5,2,Registered,Yes,3411000,Urban,New Branch,No,Approved
BL100662,43,Manufacturing,15.0,229800,204100,24400,9100,163000,10,2,Registered,Yes,2933000,Semi Urban,Inventory,Yes,Approved
BL100663,44,Restaurant,6.3,201300,144800,54300,9600,1592000,5,1,Registered,Yes,2351000,Rural,Working Capital,Yes,Approved
BL100664,39,IT Services,11.1,165900,133300,30500,0,884000,5,2,Registered,Yes,2064000,Urban,Business Expansion,Yes,Approved
BL100665,56,IT Services,5.5,324500,179000,148000,46900,3523000,3,2,Registered,Yes,3554000,Urban,Equipment Purchase,No,Approved
BL100666,37,Transport,17.0,408400,254100,150500,14000,3083000,1,3,Registered,Yes,4979000,Rural,Technology Upgrade,Yes,Approved
BL100667,44,Construction,2.7,166400,90100,70700,13200,2104000,1,2,Registered,No,1995000,Semi Urban,Technology Upgrade,Yes,Rejected
BL100668,37,Healthcare,7.1,251100,152900,104800,5100,1120000,5,2,Registered,Yes,2738000,Semi Urban,New Branch,Yes,Approved
BL100669,32,Manufacturing,1.5,170300,138300,32700,12200,804000,5,1,Registered,Yes,2192000,Urban,Working Capital,Yes,Approved
BL100670,29,Transport,8.4,96200,59400,38100,12500,1055000,2,0,Registered,Yes,1140000,Urban,Equipment Purchase,Yes,Rejected
BL100671,32,Manufacturing,0.9,73100,48300,26700,0,481000,5,2,Unregistered,Not Applicable,933000,Rural,Equipment Purchase,Yes,Rejected
BL100672,45,Transport,5.8,402500,236300,164500,35400,2164000,3,4,Registered,Yes,4767000,Urban,Business Expansion,No,Approved
BL100673,52,Education,16.8,321200,248800,71100,25300,1186000,5,1,Registered,Yes,3720000,Urban,Working Capital,Yes,Approved
BL100674,45,Education,11.0,253100,152100,95500,17300,2801000,7,2,Registered,No,3013000,Urban,Business Expansion,Yes,Approved
BL100675,37,Transport,1.8,361800,303700,64300,12700,1532000,3,5,Registered,Yes,4184000,Semi Urban,New Branch,Yes,Rejected
BL100676,34,Manufacturing,14.0,122900,77300,41800,14400,799000,5,1,Registered,No,1371000,Semi Urban,Inventory,No,Rejected
BL100677,41,Retail,5.7,339200,329000,11500,1800,100000,3,4,Registered,Yes,4118000,Semi Urban,Business Expansion,Yes,Rejected
BL100678,31,IT Services,5.2,245000,204800,42700,8000,965000,3,2,Registered,No,2674000,Semi Urban,Business Expansion,Yes,Rejected
BL100679,48,IT Services,4.8,153500,103300,46100,14700,569000,5,2,Registered,No,1663000,Semi Urban,Inventory,Yes,Rejected
BL100680,43,Transport,4.5,49900,34400,16700,800,497000,2,2,Registered,Yes,597000,Rural,New Branch,No,Rejected
BL100681,31,Retail,2.5,84300,72300,8700,800,160000,1,0,Registered,Yes,1048000,Semi Urban,Equipment Purchase,No,Rejected
BL100682,53,Retail,4.3,557800,402900,140100,0,2906000,5,2,Registered,No,7216000,Urban,New Branch,Yes,Approved
BL100683,29,Construction,5.5,546500,414200,131900,66100,3955000,5,1,Registered,Yes,6263000,Urban,Working Capital,No,Rejected
BL100684,40,Transport,0.8,84900,81100,5000,1100,120000,5,0,Registered,Yes,1028000,Urban,Business Expansion,No,Approved
BL100685,48,Restaurant,3.4,60000,42400,16000,5700,283000,2,1,Registered,Yes,780000,Rural,Technology Upgrade,No,Rejected
BL100686,47,Construction,9.9,434400,176700,260600,5500,5010000,3,6,Registered,No,4788000,Urban,Business Expansion,No,Approved
BL100687,34,IT Services,5.5,189400,133000,59500,23000,1649000,3,5,Registered,Yes,2190000,Rural,Working Capital,No,Rejected
BL100688,36,Healthcare,11.1,129000,107400,20600,3200,587000,10,0,Registered,Yes,1447000,Rural,Working Capital,No,Rejected
BL100689,31,Healthcare,1.4,94800,68300,26700,10900,470000,5,0,Unregistered,No,1166000,Urban,Equipment Purchase,Yes,Rejected
BL100690,42,Construction,1.3,94400,50000,46600,7900,668000,3,0,Registered,Yes,1243000,Urban,Working Capital,Yes,Rejected
BL100691,47,Other Services,7.3,434800,290900,157200,5900,3892000,3,2,Registered,Yes,5379000,Semi Urban,Working Capital,No,Approved
BL100692,23,Retail,3.0,230900,201600,26900,9800,264000,3,1,Registered,Yes,2984000,Semi Urban,Working Capital,No,Rejected
BL100693,45,Retail,3.3,67800,33600,33100,6900,514000,2,0,Registered,Yes,846000,Semi Urban,Working Capital,Yes,Approved
BL100694,36,Healthcare,4.3,130500,59500,70600,1700,460000,5,1,Registered,Yes,1606000,Urban,Technology Upgrade,No,Rejected
BL100695,39,Construction,3.5,513800,293500,209200,0,5465000,3,1,Registered,No,5962000,Urban,Technology Upgrade,Yes,Approved
BL100696,30,IT Services,4.7,238200,197500,46700,12200,335000,1,1,Registered,Yes,2982000,Semi Urban,Equipment Purchase,Yes,Approved
BL100697,34,Wholesale,8.2,86000,35600,51200,10000,978000,3,0,Registered,Yes,951000,Rural,Business Expansion,Yes,Approved
BL100698,58,Manufacturing,27.5,134600,93600,41000,9500,1224000,5,0,Registered,Yes,1462000,Rural,Inventory,No,Rejected
BL100699,37,Restaurant,3.5,186100,138600,51700,12200,715000,2,2,Registered,Yes,2314000,Semi Urban,Working Capital,No,Approved
BL100700,40,Retail,13.0,351400,239000,117800,21000,2978000,5,6,Registered,Yes,4561000,Urban,Business Expansion,Yes,Approved
BL100701,32,Retail,0.5,187400,91400,99700,25600,921000,3,0,Registered,Yes,2344000,Urban,New Branch,No,Approved
BL100702,63,Transport,5.1,454200,316600,142600,43900,1298000,1,4,Registered,No,5149000,Urban,Business Expansion,No,Approved
BL100703,44,Wholesale,6.3,232700,125300,114000,20300,1303000,10,5,Registered,No,2982000,Semi Urban,Business Expansion,No,Approved
BL100704,40,Construction,3.4,50300,35200,13700,3800,346000,2,1,Registered,Yes,607000,Semi Urban,Working Capital,Yes,Rejected
BL100705,48,IT Services,4.8,274000,154600,122300,35000,2573000,1,0,Registered,Yes,3070000,Urban,Business Expansion,No,Approved
BL100706,43,Healthcare,5.7,178200,128900,54900,19800,1425000,3,1,Registered,Yes,2191000,Urban,Inventory,No,Rejected
BL100707,38,Restaurant,2.5,146800,98900,47000,0,604000,2,1,Registered,Yes,1628000,Semi Urban,Technology Upgrade,Yes,Rejected
BL100708,39,Restaurant,7.6,251900,129900,119100,16100,1214000,1,2,Registered,No,2862000,Urban,Working Capital,Yes,Rejected
BL100709,26,Wholesale,6.0,171200,128700,41200,11600,788000,5,0,Registered,Yes,2151000,Rural,New Branch,Yes,Approved
BL100710,37,Wholesale,5.3,224300,148200,76100,39100,520000,2,1,Registered,Yes,2942000,Urban,Inventory,No,Approved
BL100711,35,Construction,5.0,145200,104700,43600,16400,772000,10,5,Registered,Yes,1690000,Rural,Business Expansion,Yes,Approved
BL100712,43,IT Services,9.9,141800,100000,41800,15900,1213000,7,2,Registered,Yes,1598000,Urban,New Branch,Yes,Approved
BL100713,38,Other Services,9.1,386300,313000,82000,49100,1769000,7,2,Registered,Yes,4312000,Semi Urban,Inventory,No,Rejected
BL100714,46,IT Services,3.5,212900,160700,54300,10200,985000,5,0,Registered,Yes,2588000,Rural,Working Capital,No,Approved
BL100715,41,Retail,13.2,254200,186200,72800,37200,780000,3,1,Registered,Yes,2752000,Urban,Equipment Purchase,Yes,Approved
BL100716,32,Wholesale,7.2,140600,60800,79900,24200,1360000,5,0,Registered,Yes,1763000,Semi Urban,Business Expansion,No,Rejected
BL100717,53,Construction,4.9,376400,234500,140100,7400,2691000,5,5,Registered,No,4608000,Urban,Business Expansion,No,Approved
BL100718,37,IT Services,13.3,224900,78700,134900,0,2434000,7,0,Registered,Yes,2801000,Urban,Working Capital,Yes,Approved
BL100719,45,Restaurant,1.2,162300,78700,75700,12600,1446000,2,1,Registered,Yes,1893000,Urban,Inventory,No,Rejected
BL100720,28,Wholesale,3.3,425100,346800,75000,22400,2190000,2,0,Registered,No,4699000,Urban,Business Expansion,No,Rejected
BL100721,47,Transport,13.8,162300,98000,56100,9000,597000,5,1,Registered,Yes,2129000,Urban,Working Capital,No,Rejected
BL100722,25,Transport,5.0,221500,180000,41100,8900,639000,2,1,Registered,Yes,2836000,Rural,Equipment Purchase,No,Rejected
BL100723,57,IT Services,8.2,96600,54200,43700,21300,418000,10,0,Registered,Yes,1169000,Rural,Equipment Purchase,Yes,Rejected
BL100724,46,IT Services,5.6,136600,88200,48500,10000,770000,2,0,Registered,Yes,1535000,Urban,Inventory,No,Rejected
BL100725,38,Healthcare,2.9,316800,216400,82500,40800,685000,5,0,Registered,Yes,4153000,Semi Urban,Business Expansion,No,Approved
BL100726,45,Manufacturing,5.4,192900,166800,24500,7700,356000,5,2,Registered,Yes,2229000,Semi Urban,Technology Upgrade,Yes,Approved
BL100727,29,IT Services,9.0,210100,166900,45400,16300,694000,2,3,Registered,Yes,2717000,Urban,Working Capital,No,Approved
BL100728,38,Transport,5.5,188400,112900,80200,13300,1881000,5,2,Registered,Yes,2133000,Urban,Inventory,Yes,Rejected
BL100729,47,IT Services,9.5,193000,115800,79100,14900,2210000,10,2,Registered,Yes,2217000,Semi Urban,New Branch,No,Approved
BL100730,45,IT Services,7.7,143800,99100,44600,9000,809000,10,2,Registered,No,1669000,Urban,Working Capital,No,Rejected
BL100731,40,Retail,3.2,149900,145400,5800,1100,143000,2,1,Registered,No,1766000,Urban,Technology Upgrade,Yes,Rejected
BL100732,43,Wholesale,7.7,166600,112600,60100,17900,946000,2,1,Registered,No,2162000,Urban,Equipment Purchase,Yes,Rejected
BL100733,50,Other Services,10.5,167000,93400,73600,29000,941000,3,1,Registered,Yes,2178000,Semi Urban,Working Capital,Yes,Rejected
BL100734,47,Education,2.4,262300,148400,106000,60400,1018000,1,1,Registered,Yes,2881000,Urban,Equipment Purchase,No,Approved
BL100735,23,Healthcare,3.0,257200,165300,89400,8500,1382000,2,0,Registered,Yes,3297000,Urban,Working Capital,Yes,Rejected
BL100736,40,IT Services,5.1,438300,310400,121200,24200,2932000,3,0,Registered,Yes,5147000,Urban,Inventory,Yes,Approved
BL100737,40,Healthcare,6.9,301200,165400,128700,44900,2627000,1,1,Registered,Yes,3688000,Urban,Inventory,No,Rejected
BL100738,29,Education,9.0,116800,92300,22800,4800,256000,1,2,Registered,Yes,1305000,Semi Urban,Working Capital,Yes,Rejected
BL100739,30,Manufacturing,3.1,133000,77400,62900,400,1506000,10,1,Registered,Yes,1474000,Semi Urban,Inventory,Yes,Rejected
BL100740,53,IT Services,4.9,347400,290400,49700,15900,404000,5,2,Registered,Yes,4146000,Rural,Business Expansion,Yes,Approved
BL100741,33,Education,3.2,295400,207100,85200,6800,830000,3,2,Registered,Yes,3683000,Urban,Working Capital,Yes,Approved
BL100742,36,Healthcare,1.2,370800,231400,159900,36700,1656000,2,3,Registered,Yes,4820000,Urban,Equipment Purchase,No,Approved
BL100743,33,Education,8.9,198300,69400,119000,54500,2666000,3,1,Registered,No,2611000,Urban,Working Capital,Yes,Rejected
BL100744,44,Other Services,17.0,170100,105700,65500,20000,839000,5,1,Registered,No,2175000,Urban,Inventory,No,Approved
BL100745,43,Restaurant,9.5,244100,163500,83100,24500,2258000,2,1,Registered,Yes,3117000,Rural,Business Expansion,No,Rejected
BL100746,57,Wholesale,2.7,87200,58900,28600,12100,235000,5,1,Registered,No,967000,Urban,Inventory,No,Rejected
BL100747,35,Retail,2.7,176600,131800,43000,7800,1225000,3,2,Registered,Yes,2088000,Semi Urban,Working Capital,No,Rejected
BL100748,45,Wholesale,4.8,644100,398900,248900,62600,1523000,5,6,Registered,Yes,8053000,Urban,Working Capital,Yes,Approved
BL100749,23,Retail,3.0,163100,122000,42800,7400,1199000,3,2,Registered,No,1966000,Rural,Equipment Purchase,No,Rejected
BL100750,27,IT Services,2.9,196900,108700,81400,25900,744000,3,1,Registered,No,2232000,Urban,Business Expansion,No,Rejected
BL100751,52,Wholesale,11.0,176000,141000,33300,0,218000,2,0,Registered,No,1987000,Semi Urban,Equipment Purchase,Yes,Approved
BL100752,50,Construction,11.4,489800,393200,79600,5300,991000,2,1,Registered,No,5929000,Urban,New Branch,No,Rejected
BL100753,44,Manufacturing,4.3,97700,69800,26100,5300,367000,3,0,Registered,Yes,1260000,Urban,Technology Upgrade,No,Rejected
BL100754,50,Education,11.3,298000,230000,70900,20600,1677000,3,5,Registered,No,3417000,Urban,Inventory,Yes,Approved
BL100755,30,Retail,10.0,156400,99000,55900,27100,1540000,5,1,Registered,Yes,1792000,Urban,Inventory,Yes,Rejected
BL100756,55,Transport,2.5,134600,87400,46400,3100,708000,2,1,Registered,No,1760000,Semi Urban,Technology Upgrade,Yes,Approved
BL100757,31,Education,5.5,72700,46700,22000,4200,265000,5,0,Registered,Yes,833000,Semi Urban,Technology Upgrade,Yes,Rejected
BL100758,43,Education,1.5,556100,468100,72500,17300,923000,3,0,Unregistered,No,6125000,Semi Urban,Equipment Purchase,Yes,Approved
BL100759,65,Wholesale,3.1,306800,214400,85000,2300,2297000,1,4,Registered,No,3611000,Semi Urban,Business Expansion,No,Approved
BL100760,32,Retail,12.0,89700,51400,35100,3100,256000,1,0,Registered,Yes,1123000,Semi Urban,Equipment Purchase,Yes,Approved
BL100761,52,Retail,16.5,93400,62100,31600,0,519000,3,1,Registered,Yes,1231000,Semi Urban,Working Capital,Yes,Rejected
BL100762,49,Construction,7.8,134900,82500,52500,14900,593000,5,0,Registered,No,1573000,Semi Urban,Technology Upgrade,Yes,Rejected
BL100763,35,Retail,11.4,268200,186700,85800,6800,1250000,7,2,Registered,Yes,2905000,Semi Urban,Inventory,Yes,Approved
BL100764,59,Retail,3.7,184100,120000,68800,26400,844000,2,1,Registered,Yes,2153000,Rural,Equipment Purchase,No,Approved
BL100765,32,IT Services,3.6,114900,57100,61000,16000,1509000,7,0,Registered,Yes,1393000,Urban,Working Capital,No,Rejected
BL100766,40,Manufacturing,8.6,189400,101100,89600,15300,1080000,2,0,Registered,Yes,2148000,Rural,Working Capital,Yes,Approved
BL100767,46,Healthcare,4.9,425400,265800,161200,14100,4452000,5,3,Registered,No,5238000,Rural,Working Capital,No,Approved
BL100768,39,Wholesale,0.8,284100,242200,43500,11200,999000,2,0,Registered,No,3194000,Semi Urban,Working Capital,Yes,Approved
BL100769,65,Education,4.7,67200,29300,36500,5900,475000,5,1,Registered,Yes,882000,Rural,Working Capital,No,Rejected
BL100770,29,IT Services,9.0,105700,76700,29600,8300,224000,2,2,Registered,Yes,1181000,Urban,Equipment Purchase,No,Approved
BL100771,55,Other Services,5.5,183800,162200,19700,7400,200000,3,2,Registered,No,2306000,Semi Urban,Business Expansion,No,Approved
BL100772,23,Other Services,3.0,215400,173500,36600,3200,677000,5,1,Registered,Yes,2714000,Urban,Working Capital,No,Rejected
BL100773,23,Wholesale,1.1,436000,295000,125300,16900,3235000,3,6,Registered,No,5284000,Semi Urban,New Branch,No,Approved
BL100774,40,Manufacturing,5.9,197600,128500,59500,23300,905000,1,2,Registered,Yes,2260000,Urban,Business Expansion,Yes,Approved
BL100775,47,Retail,4.3,274700,209700,63600,26000,993000,5,1,Registered,No,3236000,Semi Urban,Business Expansion,Yes,Approved
BL100776,53,Education,1.8,53500,46900,5900,300,165000,5,1,Registered,Yes,674000,Semi Urban,Equipment Purchase,No,Rejected
BL100777,54,Wholesale,5.6,156600,121100,33100,2500,538000,5,1,Registered,Yes,1841000,Urban,Working Capital,Yes,Rejected
BL100778,42,Manufacturing,4.6,302300,212900,82400,6000,831000,7,1,Registered,Yes,3565000,Semi Urban,Equipment Purchase,Yes,Approved
BL100779,44,Restaurant,15.1,617300,516900,93400,22000,970000,2,4,Registered,Yes,7455000,Urban,Business Expansion,No,Approved
BL100780,42,Other Services,13.0,89000,62600,24400,0,644000,5,0,Registered,No,1097000,Semi Urban,Technology Upgrade,No,Rejected
BL100781,54,Other Services,4.9,179300,124100,55500,11400,972000,3,1,Registered,Yes,2286000,Semi Urban,Inventory,No,Approved
BL100782,29,Manufacturing,5.2,69100,52700,17400,3400,432000,2,0,Registered,Yes,896000,Rural,Working Capital,No,Rejected
BL100783,34,Wholesale,3.4,175900,105000,69200,7500,1366000,5,0,Registered,Yes,1911000,Semi Urban,New Branch,Yes,Rejected
BL100784,48,Healthcare,2.2,371400,360300,19200,4100,212000,3,1,Registered,Yes,4714000,Urban,Inventory,No,Rejected
BL100785,49,Construction,6.6,345900,242300,98200,20900,1176000,7,3,Registered,No,4295000,Urban,Business Expansion,Yes,Approved
BL100786,52,Transport,1.0,193100,126700,58900,8600,547000,2,1,Unregistered,No,2524000,Rural,Technology Upgrade,Yes,Approved
BL100787,39,Healthcare,4.1,170200,134400,40400,18300,340000,2,1,Registered,Yes,1984000,Urban,Business Expansion,Yes,Approved
BL100788,36,Healthcare,2.1,946500,778500,129300,18000,2673000,3,6,Registered,Yes,12300000,Semi Urban,Technology Upgrade,No,Approved
BL100789,46,Transport,8.0,174400,103100,69300,14300,1731000,5,1,Registered,Yes,1930000,Semi Urban,Business Expansion,No,Approved
BL100790,30,IT Services,10.0,142800,65400,79600,8700,1787000,3,0,Registered,Yes,1680000,Urban,Business Expansion,No,Approved
BL100791,55,Healthcare,5.4,141700,90300,54900,19000,1520000,3,0,Registered,Yes,1674000,Urban,Equipment Purchase,Yes,Rejected
BL100792,35,Construction,4.6,82400,59100,23000,700,638000,5,0,Registered,Yes,902000,Semi Urban,Working Capital,Yes,Rejected
BL100793,38,Manufacturing,11.0,258500,150900,104600,23300,3002000,3,3,Registered,No,3024000,Semi Urban,Working Capital,Yes,Approved
BL100794,47,Wholesale,3.4,293200,198400,107100,6800,2620000,5,2,Registered,Yes,3382000,Urban,New Branch,Yes,Rejected
BL100795,33,Wholesale,10.7,287100,190400,102000,0,1782000,5,4,Registered,Yes,3681000,Semi Urban,Business Expansion,Yes,Approved
BL100796,30,Other Services,7.4,316200,147800,175200,17500,2514000,10,1,Registered,Yes,3825000,Urban,Working Capital,Yes,Approved
BL100797,50,IT Services,5.6,138900,106400,33800,3500,267000,2,0,Registered,Yes,1523000,Semi Urban,Working Capital,No,Rejected
BL100798,31,Manufacturing,11.0,180000,143400,38800,10900,1104000,5,1,Registered,No,2130000,Urban,Business Expansion,No,Rejected
BL100799,42,Manufacturing,10.8,396400,279700,118700,8700,1525000,5,3,Registered,Yes,4547000,Semi Urban,Business Expansion,Yes,Approved
BL100800,40,Other Services,1.7,149800,109400,40000,0,388000,2,0,Registered,Yes,1689000,Semi Urban,Working Capital,Yes,Approved
BL100801,23,Wholesale,3.0,141800,84400,52100,0,419000,10,0,Registered,No,1691000,Urban,Business Expansion,No,Approved
BL100802,31,Manufacturing,2.3,360800,239700,111400,25000,1322000,5,4,Registered,No,4175000,Urban,Business Expansion,No,Rejected
BL100803,43,IT Services,4.7,123200,94600,30300,8200,803000,2,1,Registered,No,1471000,Semi Urban,Equipment Purchase,Yes,Rejected
BL100804,51,Retail,12.1,100000,50200,52200,11800,1502000,10,0,Registered,No,1189000,Semi Urban,Business Expansion,Yes,Rejected
BL100805,33,Retail,9.7,105800,57900,48300,6600,580000,2,1,Registered,Yes,1208000,Semi Urban,Technology Upgrade,Yes,Approved
BL100806,32,Restaurant,1.9,1005100,497200,485700,120200,12695000,2,4,Registered,Yes,11312000,Urban,Working Capital,Yes,Approved
BL100807,46,Construction,3.6,363400,326700,38200,0,768000,1,3,Registered,Yes,4472000,Urban,Equipment Purchase,No,Approved
BL100808,47,Construction,4.3,288400,185700,104900,0,1358000,2,2,Registered,Yes,3554000,Semi Urban,Inventory,Yes,Approved
BL100809,48,Retail,7.3,113100,98000,10800,0,141000,1,1,Registered,Yes,1282000,Semi Urban,Inventory,Yes,Approved
BL100810,42,Construction,7.9,268000,179700,96300,16700,1500000,10,0,Registered,Yes,2968000,Rural,Business Expansion,Yes,Approved
BL100811,35,Construction,1.0,549100,501400,57200,18100,540000,7,6,Registered,Yes,6945000,Semi Urban,Working Capital,Yes,Approved
BL100812,47,Manufacturing,12.7,246800,207400,34200,1700,739000,5,3,Registered,Yes,3127000,Urban,Inventory,No,Approved
BL100813,39,Retail,4.5,102300,60500,41600,2700,283000,3,0,Registered,Yes,1238000,Rural,Technology Upgrade,Yes,Approved
BL100814,46,Construction,11.5,273800,190200,81800,24100,2239000,5,2,Registered,Yes,3313000,Rural,Inventory,Yes,Approved
BL100815,35,Wholesale,1.8,180500,99200,85900,11800,2077000,3,0,Registered,Yes,2010000,Urban,Working Capital,No,Rejected
BL100816,38,IT Services,1.4,215800,165300,48000,10900,684000,10,3,Unregistered,No,2769000,Semi Urban,Equipment Purchase,Yes,Approved
BL100817,45,Wholesale,7.6,111300,91300,17300,3700,309000,1,0,Registered,Yes,1300000,Urban,Inventory,No,Rejected
BL100818,23,Healthcare,3.0,125800,116300,9200,100,147000,1,1,Registered,Yes,1427000,Rural,Working Capital,Yes,Rejected
BL100819,52,Retail,4.9,149700,128600,18000,8400,519000,3,2,Registered,Yes,1770000,Rural,New Branch,Yes,Rejected
BL100820,40,Wholesale,4.6,124600,91700,35300,2400,628000,7,1,Registered,Yes,1389000,Urban,Working Capital,Yes,Rejected
BL100821,23,Manufacturing,3.0,191900,139300,52200,25300,1500000,5,1,Registered,Yes,2194000,Urban,Technology Upgrade,No,Rejected
BL100822,42,Restaurant,6.8,131900,85500,43300,12200,1071000,3,1,Registered,Yes,1554000,Urban,Inventory,No,Approved
BL100823,36,Healthcare,8.7,530800,486800,36200,8700,891000,1,3,Registered,Yes,6018000,Rural,New Branch,Yes,Rejected
BL100824,31,Transport,11.0,267000,151600,112900,0,2599000,5,0,Registered,Yes,3048000,Semi Urban,Technology Upgrade,No,Approved
BL100825,58,Education,20.4,313300,170800,140500,35300,3124000,5,2,Registered,Yes,3756000,Urban,Business Expansion,No,Approved
BL100826,48,Restaurant,11.6,182900,98300,78500,14800,1218000,1,0,Registered,Yes,2288000,Semi Urban,Inventory,Yes,Approved
BL100827,39,Wholesale,10.0,59700,48900,9400,1600,100000,7,0,Registered,Yes,712000,Semi Urban,Working Capital,No,Rejected
BL100828,40,Retail,5.6,328900,264800,65800,300,1190000,5,2,Registered,Yes,4335000,Semi Urban,Business Expansion,Yes,Approved
BL100829,42,Education,0.4,186100,137300,53500,17700,1326000,3,2,Unregistered,No,2050000,Rural,Working Capital,No,Approved
BL100830,25,Transport,3.7,255200,183900,68600,23200,614000,2,4,Registered,Yes,3070000,Urban,Equipment Purchase,Yes,Approved
BL100831,64,Education,7.8,190500,100200,90600,0,1572000,3,0,Registered,Yes,2241000,Semi Urban,Business Expansion,Yes,Approved
BL100832,40,Transport,1.1,52300,37400,17300,1900,209000,5,1,Registered,Yes,589000,Urban,Technology Upgrade,No,Rejected
BL100833,56,Retail,8.4,153500,129000,25200,4000,425000,7,1,Registered,No,1667000,Semi Urban,New Branch,No,Rejected
BL100834,32,Wholesale,1.5,121100,65300,51000,12800,555000,2,1,Registered,Yes,1313000,Urban,Technology Upgrade,Yes,Approved
BL100835,45,Other Services,3.4,225200,117400,110200,24400,2453000,5,2,Registered,No,2811000,Urban,Working Capital,Yes,Approved
BL100836,29,Retail,4.5,261700,188600,74100,14000,1593000,3,2,Registered,Yes,3200000,Rural,Working Capital,No,Approved
BL100837,23,Restaurant,2.7,724200,564600,153000,41700,2495000,1,4,Registered,Yes,8907000,Semi Urban,New Branch,Yes,Approved
BL100838,48,Transport,3.5,263000,206700,50200,24100,604000,7,2,Registered,Yes,3004000,Rural,Equipment Purchase,Yes,Approved
BL100839,42,Wholesale,8.2,142000,118900,25400,4000,322000,5,0,Registered,No,1736000,Urban,New Branch,No,Approved
BL100840,35,Manufacturing,9.1,154200,108100,37700,13400,405000,1,0,Registered,Yes,1787000,Urban,Business Expansion,Yes,Rejected
BL100841,23,Retail,3.0,270900,125900,142600,66000,4163000,5,2,Registered,Yes,3536000,Semi Urban,Equipment Purchase,No,Rejected
BL100842,36,Retail,9.0,330000,246500,81000,34800,933000,5,3,Registered,Yes,3587000,Semi Urban,New Branch,No,Approved
BL100843,42,Wholesale,11.3,94100,78500,14200,4200,230000,3,2,Registered,Yes,1236000,Urban,Inventory,Yes,Rejected
BL100844,30,Education,10.0,171400,102700,68300,20400,1232000,1,1,Registered,Yes,2254000,Urban,Business Expansion,No,Approved
BL100845,41,Wholesale,12.5,181200,120000,56600,15000,1251000,7,1,Registered,Yes,2377000,Semi Urban,Inventory,No,Rejected
BL100846,34,IT Services,7.9,75400,29900,45200,20500,1086000,10,0,Registered,No,970000,Semi Urban,Working Capital,No,Rejected
BL100847,29,Manufacturing,9.0,306200,197100,126900,18000,1935000,10,3,Registered,No,3569000,Semi Urban,Equipment Purchase,Yes,Approved
BL100848,39,Education,16.2,227500,202000,21300,3100,392000,5,0,Registered,Yes,2941000,Urban,Working Capital,Yes,Approved
BL100849,23,Other Services,2.3,176700,109900,68200,6900,1883000,1,2,Registered,No,2013000,Urban,New Branch,Yes,Rejected
BL100850,45,Construction,9.2,230100,124900,105900,59900,927000,5,2,Registered,No,2674000,Semi Urban,New Branch,Yes,Rejected
BL100851,41,Wholesale,1.7,294200,275000,20300,8700,337000,7,2,Registered,Yes,3879000,Semi Urban,Technology Upgrade,Yes,Rejected
BL100852,45,Education,7.2,634400,482100,146300,16000,1543000,10,7,Registered,No,7214000,Urban,Equipment Purchase,No,Approved
BL100853,50,Wholesale,3.2,294500,218500,76000,1500,540000,5,1,Registered,Yes,3397000,Semi Urban,Equipment Purchase,No,Approved
BL100854,38,Restaurant,11.6,100000,70000,30400,5200,295000,3,0,Registered,Yes,1265000,Urban,Business Expansion,No,Approved
BL100855,23,Manufacturing,3.0,1079500,639400,457300,96300,5477000,3,5,Registered,Yes,13729000,Urban,Equipment Purchase,No,Approved
BL100856,38,Retail,9.7,101400,65500,37400,8900,730000,5,1,Registered,No,1179000,Urban,Technology Upgrade,Yes,Rejected
BL100857,30,IT Services,4.4,251200,225100,32500,0,793000,7,1,Registered,Yes,3208000,Urban,New Branch,No,Approved
BL100858,53,IT Services,15.1,175600,103700,69300,6200,1980000,10,0,Registered,Yes,2126000,Urban,Working Capital,No,Approved
BL100859,37,Manufacturing,5.1,185100,158700,27100,10400,786000,2,1,Registered,No,2286000,Semi Urban,Working Capital,No,Rejected
BL100860,48,Wholesale,3.0,249600,181100,67700,19800,1834000,2,1,Registered,No,3221000,Semi Urban,Working Capital,No,Approved
BL100861,53,Construction,4.3,261200,189700,76000,7200,1395000,7,2,Registered,Yes,3086000,Rural,New Branch,Yes,Approved
BL100862,33,Transport,2.8,455100,210700,230100,79400,3722000,3,1,Registered,Yes,5063000,Urban,Equipment Purchase,No,Approved
BL100863,41,Healthcare,3.9,133900,98500,38300,13300,644000,2,0,Registered,Yes,1723000,Urban,Working Capital,Yes,Approved
BL100864,40,Healthcare,5.0,252700,169700,84600,45100,2467000,2,1,Registered,Yes,3077000,Urban,Equipment Purchase,Yes,Rejected
BL100865,60,Retail,13.8,286300,134600,158600,26600,3195000,2,1,Registered,Yes,3740000,Semi Urban,Working Capital,No,Approved
BL100866,51,Other Services,1.6,815900,559200,257500,25500,6151000,3,7,Registered,No,9992000,Urban,Equipment Purchase,No,Approved
BL100867,30,Retail,3.8,268300,167600,99700,17700,754000,1,5,Registered,Yes,2962000,Urban,Working Capital,Yes,Rejected
BL100868,35,Construction,9.2,99700,71200,27200,9200,799000,10,0,Registered,Yes,1151000,Semi Urban,Inventory,No,Approved
BL100869,36,Wholesale,6.3,453500,258000,191800,2300,3547000,3,3,Registered,Yes,5754000,Urban,Working Capital,Yes,Approved
BL100870,33,Wholesale,9.3,152400,83500,62700,12600,1283000,7,0,Registered,Yes,1752000,Urban,Equipment Purchase,No,Approved
BL100871,37,Education,17.0,118600,82100,36100,7400,917000,3,2,Registered,Yes,1518000,Urban,Business Expansion,Yes,Rejected
BL100872,35,Healthcare,5.7,440600,277000,158900,63400,1276000,10,1,Registered,No,5730000,Urban,Technology Upgrade,Yes,Approved
BL100873,40,Retail,2.8,215200,136900,78700,9400,496000,3,1,Registered,Yes,2552000,Rural,Business Expansion,No,Approved
BL100874,39,Transport,5.6,176400,92000,81900,14600,2369000,3,2,Registered,No,2252000,Semi Urban,Business Expansion,No,Rejected
BL100875,50,IT Services,4.3,546600,367600,182800,50900,2033000,5,2,Registered,Yes,6221000,Urban,Business Expansion,Yes,Approved
BL100876,33,IT Services,4.2,146200,111600,34200,3700,292000,5,1,Registered,Yes,1726000,Urban,Business Expansion,No,Approved
BL100877,25,Retail,2.8,145500,104100,36100,2900,1027000,3,1,Registered,No,1836000,Semi Urban,Working Capital,Yes,Approved
BL100878,36,Education,12.4,267800,169300,98700,47500,1481000,1,0,Registered,No,3007000,Semi Urban,Business Expansion,Yes,Approved
BL100879,34,Restaurant,1.5,51300,23900,28200,8000,747000,2,2,Unregistered,No,595000,Urban,Working Capital,No,Rejected
BL100880,53,Other Services,10.8,219000,124700,98200,37500,2784000,2,2,Registered,Yes,2531000,Semi Urban,Inventory,Yes,Approved
BL100881,48,Healthcare,9.3,208500,121600,83200,25700,892000,2,0,Registered,No,2730000,Urban,Inventory,Yes,Approved
BL100882,52,Healthcare,1.1,119100,94000,21500,3900,165000,3,1,Registered,Yes,1428000,Urban,Business Expansion,No,Rejected
BL100883,49,Wholesale,7.4,196800,154400,46700,5100,324000,3,1,Registered,Yes,2275000,Urban,Inventory,Yes,Approved
BL100884,23,Healthcare,2.0,232300,167400,66800,7700,844000,5,1,Registered,Yes,2685000,Semi Urban,Working Capital,Yes,Rejected
BL100885,32,Manufacturing,5.5,193700,123000,66900,6000,688000,3,1,Registered,No,2268000,Urban,New Branch,No,Approved
BL100886,27,Wholesale,5.4,324400,275600,43400,3900,1199000,2,3,Registered,Yes,3724000,Urban,Working Capital,No,Approved
BL100887,54,Wholesale,3.3,233700,178000,55800,4600,1579000,3,2,Registered,Yes,2693000,Rural,Technology Upgrade,Yes,Approved
BL100888,48,IT Services,5.2,179600,73700,107800,34200,1790000,5,0,Registered,Yes,2124000,Semi Urban,New Branch,Yes,Approved
BL100889,44,Wholesale,14.1,302800,268200,32500,1800,470000,3,4,Registered,Yes,3771000,Rural,Working Capital,Yes,Approved
BL100890,35,Construction,1.6,233500,153800,72700,29700,1148000,3,0,Registered,Yes,2657000,Urban,Equipment Purchase,No,Rejected
BL100891,36,Manufacturing,4.9,1203600,965600,192000,60100,4994000,3,7,Registered,Yes,14676000,Semi Urban,Working Capital,Yes,Approved
BL100892,32,Other Services,1.7,367300,272200,89100,26800,844000,5,2,Registered,Yes,4622000,Semi Urban,Working Capital,Yes,Approved
BL100893,46,IT Services,20.6,144700,74100,68200,16100,656000,5,0,Registered,Yes,1631000,Urban,Working Capital,Yes,Approved
BL100894,41,Construction,3.5,70900,43900,25400,6700,323000,5,0,Registered,Yes,887000,Urban,Equipment Purchase,Yes,Rejected
BL100895,46,Education,3.2,132400,56900,79200,10800,1583000,5,0,Registered,No,1629000,Semi Urban,Working Capital,Yes,Rejected
BL100896,44,Other Services,22.7,58400,33800,22800,1700,527000,3,0,Registered,Yes,674000,Urban,Equipment Purchase,Yes,Approved
BL100897,47,Wholesale,8.3,296300,206900,85000,11300,2531000,5,0,Registered,Yes,3622000,Urban,Working Capital,No,Approved
BL100898,45,Other Services,11.3,166900,115000,59000,200,412000,7,0,Registered,Yes,2202000,Semi Urban,New Branch,Yes,Approved
BL100899,50,Wholesale,0.7,125300,74300,49000,13200,714000,2,1,Unregistered,No,1508000,Semi Urban,New Branch,Yes,Approved
BL100900,47,Manufacturing,10.5,284600,184200,100300,5000,1343000,10,1,Registered,No,3639000,Urban,Inventory,No,Approved
BL100901,35,Wholesale,3.8,159300,110600,53200,15800,373000,2,1,Registered,Yes,1988000,Urban,Equipment Purchase,Yes,Rejected
BL100902,44,Retail,9.2,251800,193200,58000,17500,1450000,2,0,Registered,Yes,3184000,Semi Urban,Equipment Purchase,No,Approved
BL100903,43,Construction,9.8,169400,101400,69300,16600,1124000,5,2,Registered,Yes,1865000,Urban,Working Capital,Yes,Rejected
BL100904,38,Manufacturing,1.2,208200,137500,67900,8400,1408000,3,0,Unregistered,No,2701000,Urban,Working Capital,Yes,Rejected
BL100905,40,IT Services,2.3,431100,222900,200700,14700,3383000,10,2,Registered,Yes,4829000,Semi Urban,Equipment Purchase,Yes,Approved
BL100906,49,Restaurant,9.9,344200,179500,153600,14000,2271000,3,2,Registered,Yes,3975000,Rural,Working Capital,Yes,Approved
BL100907,45,Manufacturing,1.8,469700,388400,79300,4900,738000,5,2,Registered,No,5842000,Rural,Working Capital,No,Approved
BL100908,48,Construction,1.2,244400,214800,31400,6200,860000,2,3,Unregistered,Not Applicable,2836000,Rural,Equipment Purchase,Yes,Approved
BL100909,40,Restaurant,2.5,67100,47400,22300,4100,198000,3,2,Registered,Yes,797000,Rural,Equipment Purchase,No,Rejected
BL100910,50,Other Services,0.8,131800,84100,46300,22500,921000,5,0,Unregistered,No,1547000,Semi Urban,Working Capital,Yes,Rejected
BL100911,47,Retail,5.6,75400,46700,30500,14600,898000,2,0,Registered,Yes,978000,Urban,Business Expansion,No,Rejected
BL100912,33,IT Services,3.4,345000,289300,62100,26600,800000,5,4,Registered,Yes,3991000,Rural,Working Capital,No,Approved
BL100913,37,IT Services,2.6,200600,70200,120400,20500,2102000,10,0,Registered,No,2251000,Semi Urban,Inventory,Yes,Rejected
BL100914,32,Wholesale,12.0,423200,410500,12900,0,308000,2,0,Registered,Yes,4709000,Semi Urban,Inventory,Yes,Approved
BL100915,30,Retail,5.5,370500,255800,115000,26200,1399000,5,2,Registered,Yes,4073000,Rural,Inventory,No,Approved
BL100916,64,Education,6.5,184300,64500,110600,18000,1261000,5,3,Registered,No,2394000,Urban,Inventory,No,Rejected
BL100917,55,Manufacturing,5.2,566600,549600,14100,2900,122000,7,2,Registered,Yes,7128000,Semi Urban,Working Capital,No,Approved
BL100918,50,IT Services,7.8,353500,129900,212100,56200,1388000,2,2,Registered,Yes,4333000,Semi Urban,Working Capital,No,Approved
BL100919,44,Wholesale,12.2,208700,80700,125200,38300,1601000,5,3,Registered,Yes,2641000,Urban,Equipment Purchase,Yes,Approved
BL100920,35,Retail,5.8,258100,145400,111900,0,2495000,5,0,Registered,Yes,3152000,Urban,Technology Upgrade,No,Approved
BL100921,30,Transport,9.0,464300,306200,157600,62100,1230000,3,6,Registered,Yes,6001000,Urban,Business Expansion,Yes,Approved
BL100922,38,Manufacturing,5.8,260000,217400,39500,13600,965000,5,1,Registered,Yes,2970000,Semi Urban,Equipment Purchase,Yes,Rejected
BL100923,34,Construction,3.8,133300,84700,45800,5200,745000,5,3,Registered,Yes,1643000,Semi Urban,Working Capital,No,Rejected
BL100924,46,Restaurant,7.5,98100,56400,38200,12700,737000,5,0,Registered,Yes,1252000,Urban,Working Capital,Yes,Rejected
BL100925,41,Transport,15.2,169600,108500,64300,10400,868000,1,2,Registered,Yes,1851000,Rural,Inventory,Yes,Rejected
BL100926,48,IT Services,10.8,132100,84400,47800,9800,1043000,3,1,Registered,Yes,1475000,Semi Urban,Inventory,No,Approved
BL100927,42,Education,1.7,224700,194800,34500,6100,833000,5,3,Registered,Yes,2861000,Semi Urban,Equipment Purchase,No,Approved
BL100928,25,Restaurant,5.0,145900,119200,26200,2400,211000,1,1,Registered,Yes,1586000,Semi Urban,Business Expansion,Yes,Approved
BL100929,38,Wholesale,2.6,157900,95000,62800,700,1715000,3,2,Registered,Yes,2013000,Urban,Business Expansion,Yes,Rejected
BL100930,43,Wholesale,6.8,411500,261400,147800,90200,2973000,2,6,Registered,Yes,5018000,Urban,Equipment Purchase,No,Approved
BL100931,42,Retail,1.4,536900,235300,297600,87600,6425000,3,2,Registered,Yes,6553000,Rural,New Branch,No,Approved
BL100932,35,Wholesale,6.4,124700,95000,30300,6700,565000,5,3,Registered,Yes,1515000,Rural,Working Capital,No,Rejected
BL100933,36,IT Services,2.9,160300,107900,51400,24300,424000,5,0,Registered,Yes,2030000,Semi Urban,Equipment Purchase,No,Approved
BL100934,34,Retail,6.0,173200,126500,50000,0,835000,5,1,Registered,No,2159000,Urban,Technology Upgrade,Yes,Approved
BL100935,25,Transport,4.2,240000,182900,63700,10400,652000,2,3,Registered,Yes,2732000,Semi Urban,Working Capital,Yes,Approved
BL100936,40,Wholesale,4.8,244400,215600,35100,3800,641000,5,2,Registered,Yes,3097000,Semi Urban,Equipment Purchase,Yes,Approved
BL100937,47,Retail,15.6,146600,92300,58800,7400,1625000,5,1,Registered,Yes,1827000,Urban,Inventory,Yes,Approved
BL100938,36,Transport,6.8,269900,185400,78300,16000,1355000,1,0,Registered,No,3466000,Urban,Technology Upgrade,Yes,Rejected
BL100939,29,IT Services,5.1,150700,133200,21100,2800,233000,5,1,Registered,Yes,1931000,Rural,New Branch,No,Approved
BL100940,49,Education,13.3,158900,104500,54700,0,992000,3,1,Registered,Yes,1842000,Rural,Equipment Purchase,No,Approved
BL100941,52,Wholesale,11.0,115200,77000,38400,1800,542000,5,0,Registered,Yes,1399000,Urban,Equipment Purchase,No,Rejected
BL100942,36,Manufacturing,3.1,370000,358900,7400,500,209000,5,1,Registered,No,4665000,Semi Urban,Inventory,No,Rejected
BL100943,32,Construction,12.0,343000,231200,109200,14600,1772000,1,0,Registered,Yes,4002000,Urban,Working Capital,No,Approved
BL100944,39,IT Services,1.5,244800,221700,12300,700,309000,2,1,Registered,Yes,3221000,Urban,Inventory,Yes,Rejected
BL100945,43,Healthcare,2.9,295900,179700,119500,20700,2099000,7,1,Registered,Yes,3628000,Urban,Equipment Purchase,Yes,Approved
BL100946,36,IT Services,7.2,386600,240100,144900,25800,1690000,3,3,Registered,No,4987000,Urban,Working Capital,Yes,Approved
BL100947,26,Manufacturing,6.0,312100,130800,178100,0,3904000,7,0,Registered,Yes,3854000,Semi Urban,Working Capital,Yes,Approved
BL100948,49,IT Services,14.3,307600,233600,82200,3200,530000,2,2,Registered,Yes,3367000,Semi Urban,New Branch,Yes,Approved
BL100949,42,Retail,5.1,153700,118800,34900,8100,893000,10,1,Registered,Yes,1939000,Urban,Equipment Purchase,No,Approved
BL100950,54,IT Services,14.8,80700,55800,23400,4300,641000,3,1,Registered,Yes,917000,Semi Urban,Technology Upgrade,No,Rejected
BL100951,40,Wholesale,20.0,123700,91500,32200,0,616000,3,1,Registered,Yes,1568000,Urban,Technology Upgrade,No,Approved
BL100952,53,Transport,3.6,741900,588900,178400,57200,2130000,2,1,Registered,Yes,8450000,Urban,Inventory,Yes,Approved
BL100953,38,Restaurant,5.7,172400,84000,87900,25600,895000,5,1,Registered,Yes,1909000,Rural,Business Expansion,No,Approved
BL100954,35,Retail,3.0,519400,357900,169900,93400,3961000,5,6,Registered,Yes,6481000,Semi Urban,Technology Upgrade,No,Rejected
BL100955,35,Restaurant,3.2,275100,246400,24700,11500,275000,7,1,Registered,Yes,3238000,Semi Urban,Inventory,Yes,Rejected
BL100956,56,Wholesale,6.2,195200,125600,71500,5200,1306000,3,0,Registered,Yes,2116000,Semi Urban,Working Capital,Yes,Approved
BL100957,38,Wholesale,4.1,115700,58000,58200,10500,1555000,7,0,Registered,Yes,1501000,Semi Urban,Working Capital,Yes,Rejected
BL100958,54,Healthcare,3.2,130400,107000,23400,4800,570000,3,1,Registered,Yes,1583000,Semi Urban,Business Expansion,No,Rejected
BL100959,36,Retail,3.8,183700,128500,53400,20900,339000,3,1,Registered,Yes,2247000,Urban,New Branch,No,Approved
BL100960,28,Wholesale,3.6,183400,124100,58300,9200,1334000,10,0,Registered,Yes,2148000,Rural,Technology Upgrade,No,Rejected
BL100961,46,Manufacturing,6.9,275900,173000,92500,37200,582000,2,1,Registered,Yes,3217000,Urban,Business Expansion,Yes,Approved
BL100962,34,Education,2.2,132300,105800,22200,5400,306000,2,2,Registered,Yes,1477000,Semi Urban,Inventory,Yes,Approved
BL100963,43,Construction,9.9,135300,82300,48800,3900,731000,5,1,Registered,Yes,1488000,Semi Urban,Equipment Purchase,Yes,Approved
BL100964,42,Manufacturing,10.8,335500,291200,34100,800,591000,5,3,Registered,Yes,4040000,Urban,Business Expansion,No,Approved
BL100965,42,Wholesale,10.3,621000,429100,188400,66400,4091000,2,6,Registered,Yes,7692000,Urban,Inventory,Yes,Approved
BL100966,55,Education,4.0,209300,169900,37300,12900,1111000,7,3,Registered,Yes,2545000,Semi Urban,Inventory,Yes,Approved
BL100967,42,Retail,4.0,259400,206600,47300,17200,485000,10,1,Registered,Yes,3414000,Urban,Equipment Purchase,Yes,Approved
BL100968,41,Restaurant,7.2,182000,95800,90600,0,2003000,3,0,Registered,Yes,2283000,Rural,Business Expansion,No,Rejected
BL100969,37,IT Services,4.0,191300,142000,48300,8700,500000,10,0,Registered,No,2461000,Semi Urban,Technology Upgrade,No,Approved
BL100970,45,Manufacturing,6.5,175100,113000,65200,25300,911000,2,0,Registered,Yes,1903000,Semi Urban,Working Capital,Yes,Rejected
BL100971,44,Retail,6.4,161200,123400,33000,0,843000,5,1,Registered,Yes,1767000,Urban,Technology Upgrade,Yes,Approved
BL100972,36,Manufacturing,5.7,277300,186400,93200,26600,720000,7,1,Registered,Yes,3072000,Rural,Working Capital,No,Approved
BL100973,48,Restaurant,9.7,287800,125300,168100,19700,1089000,3,1,Registered,Yes,3561000,Urban,Equipment Purchase,No,Approved
BL100974,38,Construction,6.5,171700,134400,38700,2300,567000,7,0,Registered,Yes,2230000,Urban,Equipment Purchase,Yes,Approved
BL100975,45,Other Services,1.9,140900,54900,84500,7700,1399000,5,2,Registered,Yes,1590000,Urban,Business Expansion,No,Rejected
BL100976,28,Manufacturing,8.0,149300,104300,44100,19300,700000,2,0,Registered,Yes,1924000,Rural,Technology Upgrade,Yes,Rejected
BL100977,48,Healthcare,1.4,293900,272300,23600,7900,474000,7,2,Unregistered,No,3324000,Semi Urban,Equipment Purchase,No,Approved
BL100978,34,IT Services,14.0,122800,105900,17000,3100,402000,3,0,Registered,Yes,1526000,Urban,New Branch,Yes,Approved
BL100979,46,Retail,2.8,108000,79100,31200,16500,669000,1,2,Registered,No,1180000,Semi Urban,Business Expansion,No,Rejected
BL100980,52,Wholesale,2.8,235500,144500,86500,0,2052000,2,3,Registered,Yes,2729000,Urban,Business Expansion,No,Rejected
BL100981,44,IT Services,15.5,191000,128300,66400,6900,1227000,5,4,Registered,Yes,2299000,Urban,Working Capital,No,Approved
BL100982,50,Restaurant,5.1,182900,149400,34600,15200,574000,5,2,Registered,Yes,2230000,Urban,Technology Upgrade,No,Rejected
BL100983,30,Restaurant,4.6,327700,189200,139800,24200,1278000,5,2,Registered,Yes,3794000,Urban,New Branch,No,Approved
BL100984,39,Wholesale,4.3,192700,141500,50500,8500,1498000,1,3,Registered,No,2290000,Rural,Inventory,Yes,Rejected
BL100985,34,IT Services,5.2,134200,76400,60600,11000,1319000,5,1,Registered,Yes,1477000,Semi Urban,Inventory,No,Approved
BL100986,34,IT Services,14.0,220200,141700,74600,9800,860000,5,1,Registered,Yes,2582000,Urban,Equipment Purchase,No,Approved
BL100987,26,Retail,4.0,134400,83100,48200,16400,1084000,2,0,Registered,No,1569000,Urban,Inventory,Yes,Approved
BL100988,41,Wholesale,14.8,338100,248100,90100,6900,1703000,3,1,Registered,Yes,3677000,Rural,Working Capital,Yes,Approved
BL100989,48,Education,6.9,201500,151400,47300,28500,742000,3,0,Registered,Yes,2441000,Urban,New Branch,No,Rejected
BL100990,51,IT Services,12.7,107200,102900,4900,0,102000,5,1,Registered,Yes,1406000,Rural,Working Capital,Yes,Rejected
BL100991,30,Wholesale,4.0,218200,144000,82500,37400,936000,3,2,Registered,Yes,2637000,Urban,Working Capital,No,Rejected
BL100992,36,Transport,11.6,123400,89100,34500,11200,1012000,5,1,Registered,No,1346000,Urban,Business Expansion,Yes,Rejected
BL100993,33,IT Services,2.6,368200,306600,63000,6200,1040000,7,1,Registered,Yes,4038000,Semi Urban,Business Expansion,Yes,Rejected
BL100994,33,Healthcare,6.9,187300,126800,66400,15800,1309000,3,4,Registered,Yes,2373000,Urban,Business Expansion,No,Approved
BL100995,37,Retail,2.5,290000,200900,91300,29800,773000,7,1,Registered,No,3562000,Semi Urban,Business Expansion,No,Approved
BL100996,40,Retail,3.6,137200,104200,35900,10600,973000,3,3,Registered,Yes,1690000,Semi Urban,Equipment Purchase,Yes,Rejected
BL100997,37,Retail,2.4,177000,104800,71200,0,1590000,3,0,Registered,No,2267000,Urban,Working Capital,Yes,Rejected
BL100998,27,Other Services,7.0,254900,180000,74600,19200,626000,2,3,Registered,Yes,2842000,Urban,Working Capital,Yes,Approved
BL100999,49,Retail,6.6,180900,103900,74600,0,1213000,5,0,Registered,No,2384000,Rural,Working Capital,Yes,Approved
BL101000,42,Healthcare,10.0,116400,74300,43100,15400,528000,5,1,Registered,Yes,1434000,Semi Urban,Working Capital,No,Rejected
BL101001,44,Retail,10.1,305800,293300,15400,5600,271000,2,0,Registered,No,4023000,Urban,Business Expansion,Yes,Rejected
BL101002,44,IT Services,2.2,235500,155700,83100,0,1329000,10,1,Registered,Yes,2865000,Semi Urban,Business Expansion,Yes,Approved
BL101003,46,Wholesale,8.0,104300,73900,31300,0,771000,3,3,Registered,Yes,1333000,Urban,New Branch,Yes,Rejected
BL101004,41,Healthcare,18.4,159900,56000,95900,14800,1882000,5,0,Registered,Yes,1937000,Rural,Working Capital,No,Approved
BL101005,33,Retail,5.2,121500,89600,33200,5400,551000,7,1,Registered,Yes,1382000,Semi Urban,Working Capital,No,Rejected
BL101006,54,Transport,7.2,148500,139100,13800,2800,140000,3,2,Registered,No,1929000,Urban,New Branch,Yes,Approved
BL101007,46,Education,12.7,151600,86400,65600,17300,1882000,7,1,Registered,Yes,1814000,Urban,Working Capital,No,Rejected
BL101008,32,Other Services,4.6,172400,141500,26300,4600,349000,5,0,Registered,No,1990000,Semi Urban,Inventory,Yes,Approved
BL101009,32,Other Services,10.8,84800,50800,32300,7000,242000,3,0,Registered,Yes,1092000,Semi Urban,Business Expansion,No,Rejected
BL101010,58,Other Services,8.8,154900,72000,83600,6300,1097000,3,2,Registered,Yes,1836000,Semi Urban,Business Expansion,No,Approved
BL101011,39,Restaurant,6.2,354300,220800,127400,5800,1326000,5,3,Registered,Yes,4093000,Urban,Inventory,No,Approved
BL101012,34,Manufacturing,7.3,559300,330600,223100,64800,3304000,7,4,Registered,Yes,7071000,Semi Urban,Equipment Purchase,Yes,Approved
BL101013,35,IT Services,2.6,100300,69700,29500,8200,756000,10,0,Registered,Yes,1170000,Rural,Business Expansion,No,Rejected
BL101014,44,Manufacturing,21.3,379700,243300,139400,20400,2102000,2,2,Registered,Yes,4433000,Urban,Working Capital,Yes,Approved
BL101015,36,Other Services,5.1,760400,418400,366100,15400,6226000,5,8,Registered,No,9797000,Semi Urban,Inventory,Yes,Approved
BL101016,41,IT Services,7.5,176700,132400,39000,16900,978000,7,1,Registered,No,2222000,Urban,Technology Upgrade,No,Rejected
BL101017,61,Restaurant,2.0,270100,224900,50700,23100,923000,2,2,Registered,No,3062000,Semi Urban,Working Capital,No,Rejected
BL101018,26,Other Services,6.0,365400,279300,93300,34600,2183000,3,1,Registered,No,4030000,Semi Urban,Working Capital,No,Approved
BL101019,36,Restaurant,5.6,153000,107600,46200,13600,812000,5,0,Registered,Yes,1810000,Urban,Inventory,Yes,Rejected
BL101020,41,IT Services,7.0,351600,235500,114600,4200,1636000,3,1,Registered,No,4214000,Rural,Business Expansion,Yes,Approved
BL101021,24,IT Services,4.0,177300,134100,45900,18000,830000,2,3,Registered,Yes,2008000,Rural,Equipment Purchase,No,Rejected
BL101022,45,Healthcare,8.9,353200,214900,138700,39800,4089000,2,2,Registered,Yes,4660000,Semi Urban,Equipment Purchase,Yes,Approved
BL101023,48,IT Services,10.1,493900,389900,102400,4700,879000,5,9,Registered,Yes,5674000,Semi Urban,Business Expansion,No,Approved
BL101024,28,Restaurant,4.0,423000,217200,190500,58300,5193000,10,4,Registered,Yes,4716000,Urban,Working Capital,Yes,Approved
BL101025,39,Retail,2.8,164700,74600,91600,11300,1925000,2,1,Registered,Yes,1825000,Urban,Technology Upgrade,Yes,Approved
BL101026,42,Wholesale,2.9,284700,216300,76300,24700,2231000,3,1,Registered,Yes,3153000,Semi Urban,Inventory,Yes,Approved
BL101027,45,Transport,13.1,150100,81100,64800,24100,777000,1,1,Registered,Yes,1733000,Rural,Working Capital,Yes,Rejected
BL101028,64,Manufacturing,3.7,100300,58400,40100,11100,608000,5,0,Registered,Yes,1124000,Semi Urban,Inventory,No,Rejected
BL101029,33,Transport,11.9,174100,94900,77600,5800,670000,7,2,Registered,Yes,2157000,Rural,Working Capital,No,Approved
BL101030,45,IT Services,6.4,324700,246000,76900,22500,558000,5,2,Registered,No,4010000,Rural,Business Expansion,Yes,Rejected
BL101031,39,Retail,4.7,168900,97300,69200,19700,1187000,5,3,Registered,Yes,1869000,Urban,Working Capital,Yes,Approved
BL101032,37,Retail,1.1,476200,409900,78400,7400,639000,7,0,Registered,Yes,6090000,Semi Urban,Business Expansion,No,Approved
BL101033,40,Retail,18.3,208300,162400,54200,8100,1109000,5,1,Registered,Yes,2629000,Semi Urban,Working Capital,Yes,Approved
BL101034,44,IT Services,6.0,104600,74700,30400,14800,594000,5,0,Registered,Yes,1232000,Rural,Technology Upgrade,No,Rejected
BL101035,40,Healthcare,4.4,168700,149800,16700,7500,479000,5,1,Registered,Yes,1966000,Urban,Inventory,Yes,Rejected
BL101036,42,Restaurant,6.3,135400,75600,60200,7100,1678000,2,2,Registered,Yes,1525000,Urban,Inventory,No,Approved
BL101037,39,Transport,7.0,438200,305400,122900,0,1607000,3,4,Registered,Yes,5199000,Urban,Working Capital,No,Approved
BL101038,32,Healthcare,3.6,269200,102900,161500,68200,4551000,5,3,Registered,Yes,3204000,Semi Urban,Business Expansion,No,Rejected
BL101039,47,Wholesale,4.8,191600,117100,76600,39700,560000,5,1,Registered,No,2253000,Semi Urban,Inventory,No,Rejected
BL101040,49,Other Services,2.4,310800,158100,156700,68300,3697000,2,1,Registered,Yes,3471000,Semi Urban,Business Expansion,Yes,Rejected
BL101041,49,Restaurant,3.7,125000,99800,26600,3900,530000,3,3,Registered,Yes,1387000,Rural,Equipment Purchase,No,Approved
BL101042,46,Wholesale,5.7,100600,84900,14700,4400,213000,3,0,Registered,No,1291000,Rural,New Branch,Yes,Rejected
BL101043,33,Wholesale,2.0,93600,60300,33500,2100,862000,7,0,Registered,Yes,1044000,Rural,New Branch,Yes,Rejected
BL101044,31,Retail,5.2,66400,64400,1500,500,100000,3,0,Registered,Yes,855000,Urban,Working Capital,Yes,Rejected
BL101045,48,IT Services,4.8,105200,60000,47000,5300,880000,2,1,Registered,No,1297000,Urban,Business Expansion,Yes,Approved
BL101046,29,Transport,3.9,278900,146600,134600,14100,3021000,7,3,Registered,Yes,3465000,Rural,Technology Upgrade,Yes,Approved
BL101047,34,Retail,10.7,308100,187900,130400,24400,1620000,3,2,Registered,Yes,3606000,Urban,Equipment Purchase,No,Rejected
BL101048,59,Transport,2.5,118100,86200,32700,3800,288000,7,1,Registered,Yes,1317000,Urban,Inventory,Yes,Rejected
BL101049,45,Wholesale,6.3,59600,47900,10700,3300,243000,1,1,Registered,Yes,705000,Urban,Technology Upgrade,No,Rejected
BL101050,41,Restaurant,3.7,155900,122100,30000,2200,314000,10,1,Registered,Yes,1914000,Urban,Business Expansion,No,Approved
BL101051,23,IT Services,3.0,268300,170600,98500,57900,1093000,10,0,Registered,Yes,3218000,Semi Urban,Inventory,Yes,Approved
BL101052,34,Education,6.4,327800,270800,41700,11800,450000,2,3,Registered,Yes,4236000,Rural,Technology Upgrade,No,Rejected
BL101053,48,Other Services,22.0,230000,140900,87200,12900,2087000,1,4,Registered,Yes,2550000,Semi Urban,Business Expansion,No,Approved
BL101054,27,Restaurant,7.0,108700,105400,2200,100,100000,3,2,Registered,No,1364000,Urban,Technology Upgrade,Yes,Rejected
BL101055,44,IT Services,3.4,307700,252200,50500,7700,1201000,2,4,Registered,No,3719000,Semi Urban,Technology Upgrade,No,Rejected
BL101056,28,IT Services,5.5,251900,105300,147300,24900,2890000,5,2,Registered,Yes,3083000,Urban,Working Capital,Yes,Rejected
BL101057,34,Transport,3.3,309800,191000,112400,17900,2042000,1,3,Registered,Yes,3478000,Urban,Equipment Purchase,Yes,Approved
BL101058,26,Manufacturing,6.0,116500,67800,45000,5700,1246000,2,1,Registered,No,1440000,Urban,Working Capital,Yes,Rejected
BL101059,41,Restaurant,3.4,270500,258500,14600,1100,290000,5,0,Registered,Yes,3261000,Rural,Inventory,Yes,Rejected
BL101060,25,Retail,3.3,334700,187000,145200,48800,1696000,7,2,Registered,No,4396000,Urban,Technology Upgrade,No,Rejected
BL101061,39,Retail,4.3,88400,34200,53000,21800,1569000,1,0,Registered,Yes,1086000,Rural,Technology Upgrade,Yes,Rejected
BL101062,46,Manufacturing,4.5,137400,111600,26300,1900,354000,2,2,Registered,Yes,1657000,Urban,Equipment Purchase,Yes,Rejected
BL101063,42,Retail,0.7,79800,27900,47900,9200,832000,5,0,Registered,Yes,900000,Urban,Inventory,Yes,Approved
BL101064,44,Manufacturing,4.7,122100,77500,45100,0,678000,2,1,Registered,Yes,1365000,Rural,Technology Upgrade,No,Approved
BL101065,42,Restaurant,18.9,186800,146800,42200,5000,1002000,5,1,Registered,No,2225000,Urban,Business Expansion,No,Approved
BL101066,39,Retail,3.4,83400,52600,33600,16600,576000,5,1,Registered,Yes,1041000,Semi Urban,Business Expansion,No,Rejected
BL101067,39,Other Services,10.6,387400,335700,54200,20600,781000,3,3,Registered,Yes,4296000,Urban,Working Capital,No,Approved
BL101068,43,Retail,8.1,390800,286300,108800,31900,2343000,5,3,Registered,Yes,5061000,Urban,Inventory,Yes,Approved
BL101069,30,Education,4.3,183800,103500,80700,2100,1438000,1,1,Registered,Yes,2360000,Rural,Working Capital,No,Rejected
BL101070,36,Construction,3.0,134000,95100,33800,3200,217000,2,3,Registered,No,1452000,Urban,Working Capital,Yes,Approved
BL101071,58,Construction,2.3,193600,175900,17200,2100,369000,2,0,Registered,Yes,2457000,Semi Urban,New Branch,No,Rejected
BL101072,44,Manufacturing,3.0,477100,340500,149400,52800,1467000,10,4,Registered,Yes,6219000,Semi Urban,Business Expansion,Yes,Approved
BL101073,51,Other Services,1.9,289200,217000,75000,29600,2179000,2,2,Registered,Yes,3552000,Urban,Working Capital,No,Approved
BL101074,43,Manufacturing,1.2,67500,50100,16700,3400,399000,3,0,Registered,Yes,839000,Rural,Technology Upgrade,Yes,Rejected
BL101075,33,Retail,2.7,51400,30200,21600,7300,323000,2,0,Registered,Yes,578000,Urban,Business Expansion,No,Rejected
BL101076,37,Retail,11.2,115400,53800,59000,5400,439000,5,2,Registered,Yes,1393000,Urban,Inventory,Yes,Rejected
BL101077,24,Restaurant,4.0,193700,141800,54600,13600,757000,2,4,Registered,No,2300000,Urban,Business Expansion,Yes,Rejected
BL101078,52,Retail,3.9,71600,62400,8500,3100,184000,5,0,Registered,No,826000,Urban,Business Expansion,Yes,Approved
BL101079,48,Healthcare,12.2,175700,133400,42900,18900,1183000,2,2,Registered,Yes,2101000,Urban,Working Capital,No,Rejected
BL101080,32,Wholesale,3.0,72700,36900,34300,1000,821000,7,0,Registered,Yes,789000,Rural,Equipment Purchase,Yes,Rejected
BL101081,47,Other Services,1.6,199700,147200,53400,22400,1307000,10,2,Registered,Yes,2273000,Rural,Inventory,No,Rejected
BL101082,46,Wholesale,17.6,226500,182300,33300,18800,304000,3,0,Registered,Yes,2631000,Urban,Working Capital,No,Approved
BL101083,41,Retail,6.7,552700,462800,85100,0,979000,1,3,Registered,Yes,6213000,Rural,Working Capital,Yes,Approved
BL101084,44,Wholesale,8.2,183600,140100,40700,0,1016000,3,2,Registered,Yes,2051000,Semi Urban,Technology Upgrade,No,Rejected
BL101085,45,Retail,3.2,160600,115000,43300,19400,651000,2,1,Registered,Yes,1944000,Urban,Business Expansion,Yes,Approved
BL101086,43,Other Services,3.5,442500,265300,146700,21600,3902000,7,1,Registered,Yes,5785000,Semi Urban,Business Expansion,Yes,Approved
BL101087,41,Transport,4.0,294200,193700,96400,17100,672000,10,1,Registered,Yes,3557000,Urban,Working Capital,No,Approved
BL101088,41,Restaurant,8.7,203900,165600,39300,15300,818000,2,0,Registered,Yes,2568000,Urban,Technology Upgrade,Yes,Rejected
BL101089,35,Transport,2.4,165600,94800,67800,5300,1235000,5,0,Registered,Yes,1926000,Rural,New Branch,Yes,Approved
BL101090,48,Construction,2.8,551600,313200,243500,61300,6164000,5,5,Registered,Yes,7251000,Urban,Working Capital,Yes,Approved
BL101091,58,Other Services,9.5,128100,99400,31000,200,312000,5,2,Registered,Yes,1493000,Urban,Business Expansion,No,Rejected
BL101092,30,Transport,10.0,81900,59900,22500,7700,242000,1,0,Registered,Yes,1069000,Rural,Working Capital,Yes,Rejected
BL101093,40,Transport,4.9,177200,154700,23800,8100,424000,7,2,Registered,Yes,2282000,Urban,Technology Upgrade,No,Rejected
BL101094,34,IT Services,2.3,164400,131600,33700,8100,691000,3,0,Registered,Yes,2107000,Urban,Inventory,Yes,Rejected
BL101095,45,Manufacturing,2.1,409700,250200,163900,35300,1623000,7,3,Registered,Yes,5366000,Urban,New Branch,No,Approved
BL101096,44,Restaurant,6.1,218300,192900,22400,4700,622000,3,1,Registered,Yes,2813000,Rural,Working Capital,No,Rejected
BL101097,41,Transport,13.6,344200,248600,89600,16800,2351000,7,1,Registered,Yes,4486000,Semi Urban,Working Capital,No,Approved
BL101098,35,Education,10.5,42800,33100,9000,1800,100000,2,0,Registered,Yes,513000,Urban,Business Expansion,No,Rejected
BL101099,36,Transport,7.3,162700,103600,61300,21100,1618000,2,1,Registered,Yes,1847000,Semi Urban,Equipment Purchase,Yes,Approved
BL101100,33,Other Services,2.0,481900,361200,112500,0,3144000,1,5,Registered,No,5966000,Urban,Working Capital,Yes,Approved
BL101101,25,Transport,5.0,104100,64100,39400,19300,468000,2,0,Registered,Yes,1239000,Urban,Business Expansion,No,Rejected
BL101102,51,Transport,1.5,168100,68400,98200,23700,2627000,3,1,Registered,Yes,1850000,Semi Urban,Business Expansion,Yes,Rejected
BL101103,46,Retail,15.1,328900,302500,27500,15200,537000,5,1,Registered,Yes,4242000,Urban,Equipment Purchase,No,Approved
BL101104,52,Transport,3.2,146900,83900,64800,16300,1637000,1,1,Registered,Yes,1587000,Urban,Working Capital,Yes,Rejected
BL101105,37,Retail,4.2,317900,194200,127600,27400,2611000,2,0,Registered,Yes,3672000,Semi Urban,Inventory,No,Approved
BL101106,44,Wholesale,12.4,138300,83300,50000,15400,658000,5,1,Registered,Yes,1503000,Rural,Business Expansion,Yes,Approved
BL101107,32,Wholesale,4.1,194400,178900,16800,400,380000,5,1,Registered,Yes,2278000,Urban,Business Expansion,No,Rejected
BL101108,35,Transport,15.0,297300,222100,74800,4000,1705000,5,2,Registered,No,3283000,Rural,Business Expansion,Yes,Approved
BL101109,58,Education,0.3,103300,79200,24400,4500,569000,5,0,Registered,Yes,1301000,Semi Urban,Inventory,No,Rejected
BL101110,37,IT Services,2.9,122000,98800,22300,5000,541000,5,2,Registered,Yes,1519000,Semi Urban,Business Expansion,No,Approved
BL101111,49,IT Services,8.9,344100,269300,69200,25500,1489000,2,1,Registered,Yes,3735000,Semi Urban,Equipment Purchase,No,Approved
BL101112,42,Wholesale,10.0,123900,88400,37900,8500,622000,2,1,Registered,Yes,1385000,Urban,Working Capital,Yes,Rejected
BL101113,27,Restaurant,3.1,214500,152100,61500,26500,860000,7,2,Registered,No,2389000,Urban,New Branch,No,Approved
BL101114,39,Manufacturing,1.9,356600,313600,51600,0,1436000,5,3,Registered,Yes,4528000,Semi Urban,Equipment Purchase,No,Approved
BL101115,43,Retail,7.5,210100,110700,99200,48100,2533000,10,4,Registered,Yes,2568000,Rural,Inventory,No,Approved
BL101116,46,Healthcare,5.1,234100,133300,100700,15300,2623000,10,2,Registered,No,2805000,Urban,Equipment Purchase,No,Rejected
BL101117,24,Retail,0.4,503700,387300,109300,34500,895000,1,5,Unregistered,Not Applicable,6517000,Urban,Equipment Purchase,Yes,Rejected
BL101118,31,Other Services,2.0,790500,575000,215000,84600,3387000,5,3,Registered,Yes,9030000,Urban,Working Capital,No,Approved
BL101119,43,Restaurant,9.0,215700,137900,81700,1300,1185000,5,2,Registered,Yes,2476000,Urban,Working Capital,Yes,Approved
BL101120,32,Construction,7.2,154100,149500,4200,1800,113000,5,1,Registered,Yes,1959000,Urban,Inventory,Yes,Rejected
BL101121,51,Construction,3.5,327700,173700,155300,50700,2167000,1,0,Registered,No,3571000,Rural,Technology Upgrade,No,Approved
BL101122,39,IT Services,1.7,124700,86100,42600,20400,1217000,5,1,Registered,Yes,1556000,Semi Urban,Working Capital,No,Rejected
BL101123,44,IT Services,8.3,437100,314900,111700,25100,2841000,3,5,Registered,Yes,5292000,Rural,Equipment Purchase,Yes,Approved
BL101124,52,Wholesale,11.4,143200,90300,50200,10700,1348000,5,0,Registered,Yes,1707000,Rural,Working Capital,Yes,Rejected
BL101125,29,Retail,7.5,154200,92000,63100,6400,540000,5,0,Registered,Yes,1680000,Rural,Business Expansion,Yes,Approved
BL101126,44,Retail,2.4,107400,69100,34600,3700,1018000,2,0,Registered,Yes,1204000,Urban,Equipment Purchase,No,Approved
BL101127,41,Construction,3.5,119400,106300,14300,2900,213000,3,1,Registered,Yes,1387000,Semi Urban,Business Expansion,Yes,Rejected
BL101128,41,Wholesale,19.0,403600,255700,141400,42500,1121000,1,4,Registered,No,4978000,Urban,Inventory,No,Approved
BL101129,38,Other Services,5.8,244100,179200,62700,20400,1314000,5,0,Registered,No,2758000,Semi Urban,Business Expansion,Yes,Approved
BL101130,41,Restaurant,20.8,192600,116400,79500,4900,2127000,1,2,Registered,Yes,2542000,Semi Urban,Business Expansion,No,Rejected
BL101131,23,Restaurant,3.0,680200,527500,135600,26900,3183000,2,6,Registered,Yes,8864000,Rural,Business Expansion,No,Approved
BL101132,51,Transport,4.9,213400,175600,29300,7200,672000,5,3,Registered,No,2698000,Urban,New Branch,No,Approved
BL101133,28,Construction,1.6,196700,129400,59000,0,1687000,2,0,Registered,Yes,2451000,Semi Urban,Business Expansion,Yes,Approved
BL101134,56,IT Services,2.1,102000,78700,23900,8200,698000,3,0,Registered,Yes,1290000,Semi Urban,Equipment Purchase,Yes,Rejected
BL101135,31,Retail,1.7,122300,81400,43000,7500,1108000,5,1,Registered,Yes,1532000,Semi Urban,Working Capital,No,Rejected
BL101136,31,Retail,2.3,113400,77800,33200,7100,824000,5,1,Registered,Yes,1354000,Urban,Equipment Purchase,Yes,Rejected
BL101137,44,Retail,8.3,131700,97300,37200,16000,536000,5,1,Registered,No,1455000,Urban,Working Capital,Yes,Approved
BL101138,42,Restaurant,18.6,150100,108300,41600,2600,712000,5,1,Registered,No,1684000,Urban,Working Capital,Yes,Approved
BL101139,44,Manufacturing,5.8,167500,119100,48500,4000,908000,5,2,Registered,Yes,2152000,Urban,Technology Upgrade,Yes,Approved
BL101140,43,Retail,0.9,302500,147800,160200,0,2803000,5,3,Unregistered,Not Applicable,3929000,Semi Urban,Working Capital,No,Approved
BL101141,39,Transport,4.8,195800,101700,87100,17500,2210000,3,1,Registered,Yes,2324000,Rural,Business Expansion,No,Rejected
BL101142,37,Restaurant,4.2,581200,264600,324000,121500,9667000,3,2,Registered,Yes,7274000,Rural,Business Expansion,Yes,Approved
BL101143,45,Wholesale,9.5,290200,144500,134900,0,1475000,2,2,Registered,No,3673000,Urban,Equipment Purchase,Yes,Approved
BL101144,34,Education,1.9,130100,96200,29600,1600,738000,7,1,Registered,Yes,1589000,Urban,Business Expansion,No,Rejected
BL101145,41,Restaurant,4.8,260700,165300,87700,20600,1812000,3,0,Registered,Yes,2869000,Rural,New Branch,Yes,Approved
BL101146,25,Manufacturing,5.0,217700,130200,89900,12700,2107000,5,2,Registered,Yes,2369000,Urban,Equipment Purchase,Yes,Rejected
BL101147,42,Manufacturing,19.3,459500,420100,45100,6400,812000,3,5,Registered,No,5193000,Urban,Inventory,Yes,Approved
BL101148,41,Retail,6.3,325400,272100,58700,13700,1333000,5,3,Registered,Yes,3729000,Urban,Inventory,Yes,Rejected
BL101149,40,Manufacturing,7.8,207000,98000,108600,52700,2282000,10,1,Registered,No,2326000,Semi Urban,Inventory,No,Rejected
BL101150,55,Education,8.0,567600,321900,240800,52100,5234000,1,1,Registered,Yes,6739000,Semi Urban,Technology Upgrade,No,Approved
BL101151,53,Retail,3.4,277700,154600,125500,30900,3617000,2,4,Registered,Yes,3384000,Semi Urban,Equipment Purchase,No,Approved
BL101152,48,Restaurant,9.3,285100,196200,87700,24800,623000,2,1,Registered,No,3188000,Urban,Working Capital,Yes,Approved
BL101153,48,Retail,3.1,489900,250900,240400,0,3150000,7,3,Registered,No,6069000,Semi Urban,Equipment Purchase,No,Approved
BL101154,41,Retail,5.7,332400,196600,134900,34900,2896000,2,1,Registered,Yes,4219000,Urban,Equipment Purchase,No,Approved
BL101155,43,Restaurant,0.8,226300,166200,59500,0,903000,7,1,Registered,Yes,2972000,Urban,Business Expansion,No,Approved
BL101156,44,Healthcare,1.9,189700,125700,71500,15300,1201000,2,3,Registered,Yes,2406000,Rural,Working Capital,No,Approved
BL101157,45,Retail,4.0,59200,30200,30000,11200,487000,10,0,Registered,Yes,741000,Urban,Equipment Purchase,Yes,Rejected
BL101158,41,Construction,4.7,65700,45500,20700,3100,511000,2,1,Registered,Yes,727000,Semi Urban,Working Capital,Yes,Rejected
BL101159,45,Retail,3.3,185300,129100,54500,20200,402000,1,1,Registered,Yes,2325000,Semi Urban,Working Capital,No,Approved
BL101160,41,Construction,4.9,142500,100900,41600,0,699000,7,1,Registered,Yes,1774000,Urban,Equipment Purchase,No,Approved
BL101161,44,Other Services,1.2,201000,99900,104800,26400,2306000,10,3,Registered,Yes,2371000,Urban,Working Capital,Yes,Rejected
BL101162,48,Manufacturing,0.9,365900,295500,71200,18100,1127000,3,3,Unregistered,Not Applicable,4808000,Urban,Technology Upgrade,No,Approved
BL101163,34,IT Services,9.9,125000,76900,46900,0,355000,5,0,Registered,No,1422000,Semi Urban,Inventory,Yes,Approved
BL101164,41,Wholesale,10.1,77200,40900,33600,9600,968000,2,0,Registered,Yes,983000,Urban,Business Expansion,Yes,Rejected
BL101165,41,Manufacturing,2.9,91200,62800,27600,0,417000,10,0,Registered,Yes,1122000,Urban,Working Capital,No,Rejected
BL101166,31,Retail,5.6,110100,84400,27100,6400,774000,7,5,Registered,Yes,1274000,Urban,Working Capital,Yes,Approved
BL101167,53,Retail,3.5,100300,76000,21600,6000,607000,7,0,Registered,Yes,1301000,Semi Urban,Working Capital,No,Rejected
BL101168,33,Restaurant,4.0,204000,172900,36800,5400,341000,7,0,Registered,Yes,2341000,Urban,Working Capital,Yes,Rejected
BL101169,53,Manufacturing,5.2,500500,299000,203300,47700,4333000,5,1,Registered,No,5549000,Rural,Business Expansion,Yes,Approved
BL101170,28,Wholesale,4.3,287500,135000,160200,87900,2064000,3,1,Registered,Yes,3745000,Urban,Working Capital,Yes,Rejected
BL101171,27,Retail,7.0,300500,191500,108100,13700,1183000,10,3,Registered,Yes,3514000,Semi Urban,Business Expansion,Yes,Approved
BL101172,37,Construction,7.7,226700,79300,136000,4600,2649000,3,2,Registered,Yes,2584000,Semi Urban,Inventory,Yes,Approved
BL101173,44,Retail,4.1,94500,54000,39600,20400,747000,10,0,Registered,Yes,1083000,Semi Urban,Business Expansion,Yes,Rejected
BL101174,44,Retail,6.4,762500,485300,265900,63300,7241000,2,9,Registered,No,8484000,Urban,Business Expansion,No,Approved
BL101175,52,Manufacturing,9.4,164300,101200,60000,22900,1335000,5,0,Registered,Yes,2075000,Urban,Inventory,Yes,Rejected
BL101176,33,Construction,3.0,316700,236300,82900,0,1957000,5,1,Registered,Yes,3632000,Urban,Inventory,No,Rejected
BL101177,48,Retail,12.1,51900,35100,15800,0,395000,2,0,Registered,No,562000,Urban,Working Capital,Yes,Rejected
BL101178,25,Healthcare,3.7,188400,139100,43600,3300,332000,2,0,Registered,No,2486000,Urban,New Branch,No,Rejected
BL101179,31,Transport,11.0,179300,128500,48200,8600,709000,5,0,Registered,Yes,2240000,Semi Urban,Working Capital,No,Approved
BL101180,38,Restaurant,6.5,169400,82500,89400,11300,1848000,3,2,Registered,Yes,1844000,Urban,Equipment Purchase,Yes,Approved
BL101181,30,Retail,1.3,85700,65000,20100,2500,495000,5,0,Unregistered,No,1124000,Urban,Inventory,No,Rejected
BL101182,45,Education,2.4,223900,136500,82900,0,2101000,3,3,Registered,Yes,2899000,Urban,Business Expansion,Yes,Approved
BL101183,34,Manufacturing,2.0,413300,292600,116600,27700,3138000,2,3,Registered,Yes,5039000,Semi Urban,Business Expansion,Yes,Approved
BL101184,49,Transport,7.6,700700,518500,196100,32300,4353000,2,6,Registered,Yes,8459000,Semi Urban,Equipment Purchase,Yes,Approved
BL101185,48,Construction,2.9,534600,308300,230400,0,2162000,3,5,Registered,No,6320000,Urban,Working Capital,No,Approved
BL101186,34,Wholesale,6.5,424500,250500,177700,28000,2250000,2,2,Registered,Yes,5246000,Urban,Working Capital,Yes,Approved
BL101187,37,Wholesale,7.2,554200,379300,179000,32900,3681000,2,5,Registered,Yes,6084000,Semi Urban,Inventory,Yes,Approved
BL101188,39,Restaurant,4.8,594600,367100,206600,74900,4370000,1,1,Registered,Yes,7738000,Semi Urban,Equipment Purchase,No,Approved
BL101189,52,Wholesale,13.6,114200,103200,10500,1300,100000,5,1,Registered,No,1238000,Urban,New Branch,No,Approved
BL101190,32,Healthcare,6.8,231200,157500,77900,27200,1395000,2,1,Registered,No,2526000,Urban,Working Capital,Yes,Approved
BL101191,23,Healthcare,0.9,92400,48900,39300,13100,1159000,7,0,Registered,Yes,1186000,Rural,Equipment Purchase,No,Rejected
BL101192,36,Manufacturing,6.9,274600,261200,5500,400,100000,1,0,Registered,Yes,3410000,Rural,New Branch,No,Approved
BL101193,32,Healthcare,4.7,171500,124500,42900,13100,637000,5,1,Registered,No,2032000,Semi Urban,Working Capital,Yes,Rejected
BL101194,26,Transport,0.5,181200,122300,55800,20900,1121000,2,1,Unregistered,No,2054000,Semi Urban,Inventory,Yes,Approved
BL101195,40,IT Services,11.7,168700,148000,20500,7500,584000,5,2,Registered,No,2044000,Rural,Working Capital,No,Rejected
BL101196,29,IT Services,8.2,44500,32000,11200,2900,100000,5,1,Registered,Yes,555000,Urban,Business Expansion,No,Rejected
BL101197,43,Wholesale,4.1,63200,42300,21400,4000,558000,2,0,Registered,Yes,706000,Urban,Equipment Purchase,Yes,Rejected
BL101198,29,Healthcare,3.1,332200,156800,189500,0,2539000,2,1,Registered,Yes,4252000,Semi Urban,Working Capital,Yes,Approved
BL101199,65,Transport,11.1,132700,50700,79600,30300,1048000,7,0,Registered,Yes,1457000,Rural,Business Expansion,Yes,Approved
BL101200,50,Healthcare,6.5,367200,308000,48000,0,601000,2,1,Registered,Yes,4685000,Semi Urban,Technology Upgrade,No,Approved
BL101201,33,Healthcare,0.3,180500,129800,48800,8600,1331000,2,2,Registered,Yes,2226000,Rural,Working Capital,Yes,Rejected
BL101202,33,Education,13.0,76800,50200,27300,9900,272000,5,0,Registered,Yes,872000,Rural,New Branch,Yes,Rejected
BL101203,38,Education,5.4,85800,56800,29100,1500,225000,2,0,Registered,No,1005000,Rural,Equipment Purchase,No,Rejected
BL101204,47,Retail,13.0,132900,95700,38900,7800,977000,5,2,Registered,Yes,1628000,Semi Urban,Business Expansion,Yes,Rejected
BL101205,36,Restaurant,5.6,113900,86900,26100,0,703000,3,0,Registered,Yes,1299000,Semi Urban,New Branch,No,Rejected
BL101206,30,Restaurant,3.7,188500,109100,80200,11700,976000,3,1,Registered,Yes,2186000,Semi Urban,Business Expansion,Yes,Approved
BL101207,27,Construction,6.1,231300,163100,79600,4100,2337000,1,4,Registered,Yes,2916000,Urban,Equipment Purchase,No,Rejected
BL101208,40,Wholesale,18.4,243800,182500,58800,4900,1669000,2,0,Registered,Yes,2663000,Urban,Working Capital,No,Rejected
BL101209,33,Other Services,4.4,228000,140200,87300,25000,778000,2,2,Registered,Yes,2837000,Urban,Business Expansion,Yes,Approved
BL101210,43,Transport,2.6,337900,132000,202700,60800,1973000,5,4,Registered,Yes,3934000,Urban,Working Capital,Yes,Approved
BL101211,23,Wholesale,3.0,362800,210400,169700,19500,2564000,3,1,Registered,Yes,4137000,Semi Urban,Business Expansion,Yes,Rejected
BL101212,44,Education,13.7,113800,58100,57400,13900,1271000,7,1,Registered,No,1310000,Urban,New Branch,No,Approved
BL101213,37,Healthcare,3.7,64900,54100,10800,1400,100000,1,1,Registered,Yes,840000,Urban,Equipment Purchase,Yes,Rejected
BL101214,24,Retail,4.0,132300,73400,57400,8500,1188000,3,1,Registered,Yes,1702000,Semi Urban,Equipment Purchase,No,Rejected
BL101215,43,IT Services,0.8,209000,115000,99200,2700,2633000,2,2,Registered,Yes,2511000,Semi Urban,Inventory,Yes,Rejected
BL101216,44,Other Services,7.3,145000,86400,58000,7100,1014000,3,0,Registered,Yes,1646000,Urban,New Branch,Yes,Approved
BL101217,33,Construction,5.3,290600,229200,69600,0,552000,2,3,Registered,No,3758000,Rural,Inventory,No,Approved
BL101218,46,Retail,3.1,89400,71000,17700,9200,187000,3,1,Registered,No,1017000,Urban,Technology Upgrade,No,Rejected
BL101219,28,Retail,8.0,513100,295200,210700,80400,4377000,5,1,Registered,Yes,6139000,Semi Urban,Working Capital,No,Approved
BL101220,23,Construction,3.0,318300,197800,110500,62800,2299000,7,0,Registered,Yes,3809000,Rural,Technology Upgrade,Yes,Rejected
BL101221,38,Healthcare,14.6,157800,103700,55400,20600,526000,5,3,Registered,Yes,1934000,Rural,Inventory,Yes,Approved
BL101222,32,Healthcare,2.6,125700,108200,12700,3100,267000,3,0,Registered,No,1551000,Semi Urban,Working Capital,No,Rejected
BL101223,29,Restaurant,5.3,181500,75000,108900,0,1457000,3,2,Registered,Yes,2259000,Semi Urban,Equipment Purchase,Yes,Approved
BL101224,45,Healthcare,1.8,395800,196100,187500,67000,1588000,3,1,Registered,Yes,4991000,Urban,Inventory,Yes,Rejected
BL101225,42,Other Services,14.1,156500,151800,3100,1300,100000,5,0,Registered,Yes,1805000,Urban,Working Capital,Yes,Rejected
BL101226,55,Wholesale,3.0,140200,116800,23000,700,516000,7,0,Registered,Yes,1796000,Rural,Equipment Purchase,Yes,Rejected
BL101227,44,Wholesale,2.1,198200,96400,105200,30100,1294000,10,1,Registered,No,2427000,Urban,Business Expansion,No,Rejected
BL101228,45,Manufacturing,11.9,93600,90800,2400,500,100000,2,0,Registered,Yes,1231000,Rural,Working Capital,Yes,Rejected
BL101229,32,Manufacturing,12.0,379000,289200,94800,18200,715000,10,2,Registered,Yes,4599000,Semi Urban,Business Expansion,No,Approved
BL101230,23,Retail,3.0,288600,200500,89300,25400,1113000,5,3,Registered,Yes,3681000,Urban,Business Expansion,No,Approved
BL101231,58,Manufacturing,12.6,342300,298500,47700,13000,796000,3,2,Registered,Yes,3780000,Urban,Technology Upgrade,No,Rejected
BL101232,44,Retail,7.0,456500,258500,211400,11200,3718000,2,1,Registered,Yes,4973000,Urban,Working Capital,Yes,Approved
BL101233,54,Transport,7.6,123700,76300,45400,15800,946000,5,0,Registered,Yes,1393000,Rural,Equipment Purchase,No,Rejected
BL101234,29,Retail,2.1,200600,138400,62400,0,843000,5,0,Registered,Yes,2285000,Semi Urban,Equipment Purchase,Yes,Approved
BL101235,49,Other Services,2.6,187800,140000,40100,11000,397000,7,2,Registered,Yes,2411000,Urban,Inventory,No,Rejected
BL101236,43,Education,10.1,514300,372300,155000,38200,4530000,3,3,Registered,Yes,5880000,Urban,Working Capital,Yes,Approved
BL101237,50,Restaurant,4.2,155000,109500,44100,3900,387000,3,2,Registered,No,1722000,Urban,Business Expansion,Yes,Approved
BL101238,45,Education,0.9,67900,42700,25100,9800,154000,5,0,Registered,Yes,748000,Urban,Equipment Purchase,No,Rejected
BL101239,38,IT Services,7.3,150800,109500,40000,0,761000,5,0,Registered,Yes,1667000,Urban,Equipment Purchase,Yes,Approved
BL101240,43,Education,5.3,338300,241900,91100,22100,881000,7,4,Registered,Yes,4189000,Urban,Working Capital,Yes,Approved
BL101241,37,Construction,3.4,273700,185800,91400,21100,1998000,5,3,Registered,Yes,3200000,Urban,Technology Upgrade,Yes,Approved
BL101242,48,Retail,1.1,187900,121300,68300,30000,1488000,2,3,Unregistered,No,2114000,Rural,Working Capital,Yes,Rejected
BL101243,33,Construction,4.8,158200,96900,59200,17800,1070000,3,0,Registered,No,1722000,Semi Urban,Business Expansion,Yes,Rejected
BL101244,34,Transport,5.0,243900,119400,132400,0,1865000,3,3,Registered,No,3188000,Rural,Business Expansion,No,Approved
BL101245,39,Healthcare,5.6,279200,241500,41900,5500,944000,10,2,Registered,Yes,3109000,Urban,Technology Upgrade,Yes,Approved
BL101246,46,Construction,0.3,226400,176000,57200,25400,1156000,3,0,Registered,No,2739000,Semi Urban,Inventory,Yes,Approved
BL101247,40,Construction,9.0,161200,130700,24100,4300,306000,1,0,Registered,Yes,1948000,Urban,New Branch,Yes,Rejected
BL101248,37,Transport,7.0,195100,103300,88900,3000,777000,5,1,Registered,No,2298000,Urban,Technology Upgrade,Yes,Approved
BL101249,50,Education,1.3,143200,88100,57600,11100,528000,3,0,Unregistered,No,1761000,Semi Urban,Inventory,Yes,Rejected
BL101250,45,Healthcare,8.5,369700,248000,111900,50500,2206000,3,3,Registered,Yes,4298000,Rural,Business Expansion,Yes,Approved
BL101251,36,Construction,7.9,183700,133400,48400,3500,818000,5,0,Registered,No,2038000,Urban,New Branch,No,Approved
BL101252,31,Retail,6.9,113400,65800,45000,1900,1001000,10,1,Registered,Yes,1306000,Urban,Business Expansion,No,Approved
BL101253,38,Other Services,3.5,771200,698300,77500,12900,549000,7,8,Registered,Yes,10139000,Urban,Inventory,Yes,Approved
BL101254,34,Education,10.5,128400,102000,25300,2600,742000,2,0,Registered,No,1598000,Urban,Business Expansion,Yes,Approved
BL101255,33,Wholesale,13.0,116300,81800,31900,9900,618000,2,0,Registered,No,1343000,Urban,Working Capital,No,Rejected
BL101256,47,Education,4.9,96600,69500,30300,4500,336000,10,2,Registered,Yes,1080000,Semi Urban,Equipment Purchase,Yes,Rejected
BL101257,50,Wholesale,1.8,131600,85700,47400,12000,516000,2,1,Registered,Yes,1625000,Rural,Inventory,Yes,Approved
BL101258,39,Wholesale,2.5,311100,184000,130400,58000,3522000,2,2,Registered,No,3630000,Urban,New Branch,No,Rejected
BL101259,40,Healthcare,2.2,77000,28200,46200,2700,370000,7,1,Registered,Yes,876000,Semi Urban,Business Expansion,Yes,Rejected
BL101260,33,IT Services,6.7,219000,173900,48400,17200,415000,3,3,Registered,Yes,2596000,Urban,Inventory,Yes,Approved
BL101261,30,Construction,7.1,140100,96300,45100,15100,1116000,1,1,Registered,Yes,1604000,Urban,Inventory,Yes,Rejected
BL101262,47,Healthcare,0.4,122200,101900,15600,200,448000,5,1,Registered,Yes,1410000,Rural,Inventory,No,Rejected
BL101263,29,Education,3.1,70000,52900,19700,8000,327000,3,0,Registered,Yes,800000,Urban,Equipment Purchase,Yes,Rejected
BL101264,34,Transport,6.9,193600,130900,69300,1100,577000,3,0,Registered,Yes,2382000,Semi Urban,Equipment Purchase,No,Approved
BL101265,34,Restaurant,6.5,71100,49200,21200,0,478000,5,0,Registered,Yes,912000,Semi Urban,Business Expansion,Yes,Rejected
BL101266,44,Healthcare,3.3,168000,98200,64000,4700,802000,10,0,Registered,Yes,2041000,Rural,Inventory,Yes,Approved
BL101267,38,Retail,5.7,244000,128000,110500,8800,3180000,2,2,Registered,Yes,3128000,Urban,Business Expansion,Yes,Approved
BL101268,35,Transport,15.0,51300,28300,21900,3200,605000,2,0,Registered,Yes,634000,Rural,Equipment Purchase,Yes,Rejected
BL101269,52,Construction,5.7,301400,167300,135600,4600,3676000,7,1,Registered,Yes,3678000,Urban,Working Capital,No,Approved
BL101270,55,Education,2.2,60700,39700,20500,5800,124000,2,1,Registered,Yes,796000,Urban,Business Expansion,No,Rejected
BL101271,44,IT Services,4.2,591000,462000,121300,21900,3463000,10,3,Registered,Yes,7489000,Semi Urban,Working Capital,Yes,Rejected
BL101272,41,Construction,11.8,176900,136000,43000,9800,964000,3,2,Registered,Yes,1991000,Urban,Business Expansion,Yes,Approved
BL101273,35,Wholesale,3.9,118400,57100,61000,18400,437000,5,1,Registered,No,1447000,Semi Urban,Working Capital,Yes,Approved
BL101274,40,Transport,5.0,224800,178000,51000,21900,1185000,2,3,Registered,Yes,2493000,Semi Urban,Working Capital,No,Rejected
BL101275,29,Construction,9.0,115800,80900,34700,4700,974000,3,0,Registered,Yes,1251000,Rural,Equipment Purchase,Yes,Approved
BL101276,49,Retail,2.2,46300,35700,12100,1300,173000,5,0,Registered,Yes,547000,Urban,Business Expansion,Yes,Rejected
BL101277,39,Construction,6.3,393600,294000,117100,37500,2611000,10,2,Registered,Yes,4504000,Urban,Working Capital,No,Approved
BL101278,34,Retail,4.2,161400,74600,87500,34000,1223000,3,1,Registered,No,2100000,Semi Urban,Inventory,No,Approved
BL101279,37,Other Services,7.4,208000,146800,59800,12700,1300000,7,3,Registered,No,2688000,Semi Urban,Business Expansion,No,Rejected
BL101280,46,Retail,4.1,180000,156800,22900,4800,427000,2,1,Registered,Yes,2229000,Semi Urban,Working Capital,Yes,Rejected
BL101281,38,Other Services,1.5,120800,63500,59800,10100,544000,1,3,Registered,No,1313000,Urban,Equipment Purchase,No,Approved
BL101282,33,Manufacturing,2.0,101700,56900,46500,5000,287000,7,0,Registered,Yes,1125000,Semi Urban,Working Capital,No,Approved
BL101283,23,IT Services,3.0,307900,129800,166200,23400,4045000,5,5,Registered,No,3515000,Semi Urban,Working Capital,No,Rejected
BL101284,39,Wholesale,6.1,270300,168000,105200,19800,1191000,2,2,Registered,Yes,3340000,Urban,Inventory,Yes,Approved
BL101285,43,IT Services,4.7,193700,94700,97400,29100,1541000,1,3,Registered,Yes,2346000,Urban,Working Capital,No,Approved
BL101286,36,Construction,16.0,367000,208500,160400,52200,4403000,7,0,Registered,No,4038000,Rural,Working Capital,Yes,Rejected
BL101287,33,Transport,7.6,190100,135400,54600,3400,1437000,2,1,Registered,No,2383000,Semi Urban,Equipment Purchase,No,Approved
BL101288,30,Restaurant,3.8,388700,305500,79900,16700,1702000,3,4,Registered,Yes,4239000,Urban,Working Capital,Yes,Approved
BL101289,37,Construction,6.9,481900,206100,259500,24000,3281000,7,3,Registered,Yes,6037000,Urban,Working Capital,Yes,Approved
BL101290,30,IT Services,10.0,380600,236100,132300,21400,1189000,5,0,Registered,Yes,4974000,Semi Urban,Technology Upgrade,Yes,Rejected
BL101291,30,Transport,10.0,254300,165200,87600,19200,902000,7,1,Registered,Yes,2975000,Urban,Working Capital,Yes,Rejected
BL101292,36,Construction,4.0,108500,71900,36300,12500,1045000,1,1,Registered,Yes,1387000,Urban,Working Capital,Yes,Rejected
BL101293,57,Transport,6.4,259400,203300,55700,10000,1177000,3,0,Registered,No,3413000,Semi Urban,Business Expansion,Yes,Rejected
BL101294,61,Retail,4.9,149600,117300,33000,8800,525000,2,1,Registered,No,1651000,Semi Urban,Technology Upgrade,No,Rejected
BL101295,51,Construction,24.5,306200,243500,57500,2300,1648000,3,1,Registered,Yes,3375000,Urban,Inventory,No,Approved
BL101296,46,IT Services,10.0,524000,372900,136200,4100,2559000,5,2,Registered,Yes,6288000,Rural,Business Expansion,Yes,Approved
BL101297,23,Retail,2.7,188300,121900,70000,11300,1097000,7,3,Registered,No,2472000,Semi Urban,Business Expansion,Yes,Approved
BL101298,64,Manufacturing,10.5,101500,62300,40300,28200,364000,2,0,Registered,Yes,1258000,Urban,Working Capital,Yes,Rejected
BL101299,44,Manufacturing,1.1,302800,229700,68700,5600,552000,3,1,Registered,Yes,3433000,Rural,Working Capital,No,Rejected
BL101300,30,Education,1.0,197800,112800,88400,19700,1951000,3,1,Registered,Yes,2288000,Urban,Working Capital,Yes,Approved
BL101301,64,Transport,6.5,499700,285500,204000,53300,1495000,2,2,Registered,No,5450000,Urban,Working Capital,Yes,Rejected
BL101302,39,Retail,6.4,205400,153000,53200,10900,424000,2,1,Registered,Yes,2311000,Urban,Working Capital,No,Approved
BL101303,48,Healthcare,6.6,190600,148100,43300,4800,1259000,7,1,Registered,Yes,2417000,Semi Urban,Business Expansion,No,Rejected
BL101304,37,Construction,8.8,210600,143300,64600,18300,1307000,7,2,Registered,Yes,2773000,Semi Urban,Working Capital,No,Approved
BL101305,45,Wholesale,4.4,239100,182300,59100,3700,1623000,1,0,Registered,Yes,3112000,Urban,Working Capital,No,Approved
BL101306,46,Healthcare,10.8,60500,39000,19900,5100,200000,10,0,Registered,Yes,694000,Urban,Equipment Purchase,Yes,Rejected
BL101307,48,Construction,4.0,122200,80700,41400,4700,1192000,5,1,Registered,No,1592000,Semi Urban,Business Expansion,No,Rejected
BL101308,52,Wholesale,6.7,386200,281000,104900,36700,2409000,2,5,Registered,Yes,4365000,Urban,Business Expansion,Yes,Approved
BL101309,41,Construction,3.0,134400,77700,53700,0,729000,5,3,Registered,No,1523000,Urban,Equipment Purchase,No,Approved
BL101310,42,Retail,4.9,195300,151000,46700,8600,1295000,3,1,Registered,No,2170000,Rural,Working Capital,No,Rejected
BL101311,40,Wholesale,3.9,173300,112400,64800,2100,552000,2,1,Registered,Yes,2167000,Rural,Equipment Purchase,Yes,Rejected
BL101312,31,Restaurant,4.9,131600,86500,44900,14500,1234000,2,0,Registered,Yes,1501000,Semi Urban,New Branch,No,Rejected
BL101313,32,Manufacturing,9.0,180500,124800,56000,18300,1224000,5,0,Registered,Yes,2155000,Rural,New Branch,Yes,Approved
BL101314,37,IT Services,10.5,107700,84900,22200,0,404000,1,1,Registered,Yes,1247000,Rural,Business Expansion,Yes,Rejected
BL101315,51,IT Services,11.5,81800,32200,49100,700,1332000,7,0,Registered,Yes,908000,Semi Urban,Working Capital,Yes,Approved
BL101316,44,Manufacturing,4.1,225000,115900,106700,36300,675000,5,1,Registered,No,2531000,Urban,Inventory,No,Approved
BL101317,39,Other Services,7.4,522900,425400,97400,17500,1885000,5,4,Registered,Yes,5847000,Urban,Equipment Purchase,Yes,Approved
BL101318,38,Retail,3.0,311200,231400,78100,22800,1421000,3,2,Registered,No,3529000,Semi Urban,Business Expansion,Yes,Rejected
BL101319,29,Healthcare,8.7,315200,196300,129100,25500,1255000,5,0,Registered,Yes,3665000,Semi Urban,New Branch,Yes,Approved
BL101320,32,Construction,1.4,374200,257800,114600,25700,1401000,7,3,Registered,Yes,4498000,Semi Urban,Inventory,Yes,Approved
BL101321,41,Retail,17.9,224900,170400,50100,17500,522000,5,1,Registered,Yes,2546000,Semi Urban,Business Expansion,Yes,Approved
BL101322,40,Restaurant,3.2,201600,177800,16700,400,199000,2,1,Registered,Yes,2495000,Urban,Working Capital,No,Approved
BL101323,47,Transport,7.8,118700,74200,46800,6300,1071000,5,0,Registered,Yes,1356000,Urban,Technology Upgrade,Yes,Approved
BL101324,38,Retail,18.0,319000,271500,56500,2500,1648000,3,2,Registered,Yes,3599000,Urban,Working Capital,Yes,Approved
BL101325,45,Construction,4.4,234700,176900,52200,12600,1127000,7,2,Registered,Yes,3038000,Semi Urban,Business Expansion,Yes,Rejected
BL101326,26,Restaurant,6.0,131500,73600,59400,200,1143000,3,1,Registered,No,1495000,Semi Urban,Business Expansion,Yes,Rejected
BL101327,31,Retail,1.6,164600,98900,67300,22800,1199000,2,1,Registered,No,1898000,Urban,Business Expansion,No,Approved
BL101328,42,Construction,7.3,101100,84600,16500,2000,154000,1,0,Registered,Yes,1208000,Urban,Inventory,Yes,Rejected
BL101329,40,Manufacturing,2.2,272400,235300,30800,8500,739000,3,2,Registered,Yes,3528000,Urban,Inventory,No,Approved
BL101330,47,Restaurant,5.4,502300,338400,168700,15000,4704000,3,8,Registered,No,6428000,Urban,Inventory,Yes,Approved
BL101331,51,IT Services,1.3,100900,83000,20500,6600,307000,1,0,Unregistered,No,1145000,Urban,New Branch,No,Rejected
BL101332,51,IT Services,7.2,372100,270200,112100,42400,985000,10,1,Registered,No,4028000,Urban,New Branch,Yes,Approved
BL101333,54,Healthcare,4.7,410600,275600,139000,43700,3163000,5,2,Registered,Yes,4814000,Semi Urban,Business Expansion,No,Approved
BL101334,56,Transport,4.6,98900,69700,30900,2100,739000,5,0,Registered,Yes,1157000,Urban,Business Expansion,No,Rejected
BL101335,37,Education,1.1,57500,28700,26700,11200,251000,1,0,Unregistered,No,650000,Urban,Business Expansion,Yes,Rejected
BL101336,61,Healthcare,6.5,206400,133100,75700,23000,893000,3,0,Registered,No,2505000,Urban,Working Capital,No,Approved
BL101337,65,Other Services,4.6,179100,109500,71700,7500,1015000,3,3,Registered,Yes,2328000,Semi Urban,Working Capital,Yes,Approved
BL101338,28,Restaurant,3.2,174200,141100,31900,7700,439000,5,0,Registered,No,1902000,Rural,New Branch,No,Rejected
BL101339,35,Wholesale,2.5,390800,278400,112900,48600,1424000,3,3,Registered,Yes,4935000,Urban,Equipment Purchase,Yes,Approved
BL101340,43,Healthcare,8.4,160900,104500,54600,3600,1096000,2,0,Registered,Yes,1786000,Rural,Inventory,Yes,Approved
BL101341,42,Healthcare,6.8,848800,700000,122100,7500,3227000,5,2,Registered,Yes,10895000,Semi Urban,Business Expansion,Yes,Approved
BL101342,25,Healthcare,5.0,79100,38200,41800,7600,839000,5,0,Registered,Yes,999000,Rural,Business Expansion,Yes,Rejected
BL101343,31,IT Services,11.0,118100,65700,56800,0,560000,3,1,Registered,Yes,1447000,Urban,Business Expansion,Yes,Approved
BL101344,42,IT Services,11.2,117800,99500,16200,3500,152000,7,0,Registered,No,1518000,Urban,Business Expansion,Yes,Approved
BL101345,38,Retail,8.5,177700,135700,42200,13100,1232000,2,0,Registered,Yes,2223000,Semi Urban,Working Capital,No,Rejected
BL101346,46,Retail,5.8,466100,221000,232600,52500,1443000,3,3,Registered,Yes,6038000,Semi Urban,Equipment Purchase,Yes,Approved
BL101347,58,IT Services,8.0,101700,72000,30100,2700,856000,7,1,Registered,Yes,1243000,Semi Urban,Equipment Purchase,Yes,Rejected
BL101348,29,Restaurant,9.0,115600,59600,54500,18300,936000,5,2,Registered,Yes,1301000,Semi Urban,Inventory,No,Rejected
BL101349,61,Manufacturing,1.4,135800,84800,50600,8800,311000,3,0,Registered,Yes,1625000,Semi Urban,Inventory,Yes,Rejected
BL101350,57,Retail,6.9,188400,139300,52800,4300,627000,1,2,Registered,No,2151000,Urban,Business Expansion,No,Approved
BL101351,24,Construction,4.0,219000,148000,72200,17200,1501000,1,3,Registered,Yes,2852000,Urban,Business Expansion,Yes,Rejected
BL101352,29,Healthcare,2.2,157300,105600,51300,19500,563000,5,0,Registered,Yes,1815000,Urban,Working Capital,No,Rejected
BL101353,36,IT Services,6.0,91700,52500,37500,4200,1056000,3,0,Registered,Yes,1121000,Semi Urban,Technology Upgrade,No,Rejected
BL101354,31,Healthcare,9.3,187500,155600,34500,15200,233000,3,0,Registered,Yes,2211000,Semi Urban,Working Capital,No,Approved
BL101355,45,Education,8.6,469800,349800,109400,23200,1545000,3,5,Registered,No,5174000,Urban,Inventory,Yes,Approved
BL101356,46,Retail,5.7,344300,198100,155300,34000,2220000,2,5,Registered,Yes,3902000,Urban,New Branch,No,Approved
BL101357,41,Healthcare,6.8,151100,105200,46200,10000,1055000,5,3,Registered,Yes,1690000,Urban,Equipment Purchase,Yes,Rejected
BL101358,43,Retail,6.1,207500,132700,70500,8200,2092000,3,0,Registered,Yes,2445000,Semi Urban,Business Expansion,Yes,Rejected
BL101359,39,Retail,1.7,268200,163300,96800,1000,2787000,1,4,Registered,Yes,3202000,Urban,Inventory,Yes,Approved
BL101360,44,IT Services,4.2,338100,236300,99600,49100,1599000,10,2,Registered,Yes,3871000,Semi Urban,Equipment Purchase,Yes,Rejected
BL101361,57,Transport,6.0,499200,448000,47600,1100,1014000,3,4,Registered,Yes,6456000,Urban,Technology Upgrade,No,Approved
BL101362,23,IT Services,3.0,233600,132500,103200,39900,2895000,2,0,Registered,Yes,2571000,Semi Urban,Equipment Purchase,Yes,Rejected
BL101363,40,Manufacturing,9.1,98400,74100,22300,10200,535000,5,1,Registered,Yes,1165000,Rural,New Branch,Yes,Rejected
BL101364,44,Transport,1.3,79400,62800,17800,1700,171000,7,0,Registered,Yes,869000,Rural,Working Capital,No,Rejected
BL101365,39,Education,4.1,285400,212200,58700,17200,1647000,2,3,Registered,No,3547000,Rural,Technology Upgrade,No,Rejected
BL101366,43,Healthcare,4.6,83400,66600,16900,5100,284000,10,0,Registered,Yes,971000,Urban,Working Capital,No,Rejected
BL101367,51,Restaurant,9.2,324300,217600,102000,31000,1649000,5,0,Registered,Yes,4160000,Semi Urban,Working Capital,No,Approved
BL101368,35,Education,6.1,139000,103400,35900,3800,273000,2,0,Registered,Yes,1748000,Semi Urban,Equipment Purchase,No,Approved
BL101369,60,IT Services,6.3,95900,66700,31500,4500,839000,5,1,Registered,Yes,1118000,Semi Urban,Business Expansion,Yes,Rejected
BL101370,27,Education,5.7,270500,138800,136600,43800,3818000,5,4,Registered,Yes,3539000,Semi Urban,Inventory,No,Approved
BL101371,46,Retail,2.7,107600,58600,49700,0,1366000,10,0,Registered,Yes,1311000,Semi Urban,Inventory,No,Rejected
BL101372,40,Other Services,6.4,263900,215600,55300,0,589000,7,0,Registered,No,3071000,Rural,New Branch,No,Rejected
BL101373,42,Restaurant,6.7,221800,137600,90300,19500,779000,5,2,Registered,No,2603000,Urban,Inventory,Yes,Approved
BL101374,47,IT Services,4.6,63500,40500,25000,4500,283000,5,1,Registered,Yes,791000,Urban,Business Expansion,Yes,Rejected
BL101375,34,Healthcare,7.9,464900,362400,96800,21600,1166000,2,2,Registered,No,5517000,Urban,New Branch,Yes,Approved
BL101376,50,Construction,3.2,432000,286900,151500,13900,2130000,5,3,Registered,Yes,5338000,Semi Urban,Equipment Purchase,No,Approved
BL101377,58,Wholesale,4.4,351800,271700,85500,27200,1560000,7,1,Registered,Yes,4025000,Semi Urban,Equipment Purchase,No,Approved
BL101378,37,Transport,13.1,356400,237400,119100,39000,3534000,10,2,Registered,Yes,4033000,Semi Urban,Working Capital,Yes,Approved
BL101379,35,Wholesale,3.4,128400,70100,61000,13700,905000,2,1,Registered,Yes,1571000,Semi Urban,Working Capital,Yes,Approved
BL101380,51,Retail,4.1,398500,323700,75100,100,853000,5,7,Registered,Yes,4614000,Urban,Working Capital,Yes,Approved
BL101381,49,IT Services,7.0,313300,179500,124500,44400,1364000,10,0,Registered,No,4018000,Semi Urban,Inventory,Yes,Approved
BL101382,26,Transport,6.0,56700,47900,10200,0,206000,5,0,Registered,Yes,729000,Urban,Business Expansion,No,Rejected
BL101383,45,Retail,10.0,111400,84000,26000,300,586000,3,1,Registered,Yes,1292000,Semi Urban,Business Expansion,No,Rejected
BL101384,47,Manufacturing,6.7,126100,77200,44500,14000,759000,1,2,Registered,Yes,1387000,Urban,Inventory,Yes,Approved
BL101385,40,Manufacturing,5.6,482500,365400,147900,4600,3780000,10,7,Registered,Yes,5654000,Urban,Working Capital,No,Approved
BL101386,54,Wholesale,1.0,111400,69000,40000,3600,255000,5,1,Unregistered,Not Applicable,1243000,Semi Urban,Working Capital,No,Rejected
BL101387,26,Manufacturing,6.0,139800,81200,60400,13300,1247000,7,1,Registered,Yes,1816000,Rural,Equipment Purchase,Yes,Approved
BL101388,23,Manufacturing,3.0,92000,65100,25000,8500,513000,1,0,Registered,No,1162000,Urban,Business Expansion,Yes,Rejected
BL101389,50,IT Services,2.8,149300,116600,31400,9000,866000,5,1,Registered,Yes,1696000,Semi Urban,Inventory,No,Rejected
BL101390,33,Healthcare,2.1,369800,264800,99800,39700,1089000,10,1,Registered,Yes,4493000,Rural,Inventory,Yes,Approved
BL101391,40,Manufacturing,10.1,84600,49400,33500,4400,501000,5,0,Registered,Yes,975000,Urban,Working Capital,No,Rejected
BL101392,30,Manufacturing,3.7,263800,133200,135200,9500,2413000,3,2,Registered,No,3371000,Rural,Inventory,Yes,Approved
BL101393,48,Wholesale,1.9,117500,77200,45600,400,847000,2,2,Registered,Yes,1549000,Semi Urban,Working Capital,Yes,Approved
BL101394,43,Restaurant,4.9,615500,330900,284700,61700,3639000,1,3,Registered,Yes,7591000,Urban,Working Capital,Yes,Approved
BL101395,39,Other Services,13.7,213000,142100,63300,15300,1155000,1,1,Registered,Yes,2390000,Urban,Business Expansion,Yes,Approved
BL101396,29,Healthcare,2.4,189000,127700,57300,32500,568000,3,1,Registered,Yes,2121000,Semi Urban,Technology Upgrade,No,Rejected
BL101397,39,IT Services,14.9,140300,108400,29600,8600,441000,5,2,Registered,Yes,1705000,Urban,Working Capital,No,Approved
BL101398,43,Retail,7.3,226200,172800,53900,0,1545000,7,2,Registered,Yes,2806000,Semi Urban,New Branch,No,Approved
BL101399,35,Manufacturing,14.8,82200,66400,15100,5600,158000,10,1,Registered,Yes,1076000,Urban,Working Capital,No,Approved
BL101400,36,Healthcare,4.8,210700,142800,76800,5600,714000,1,3,Registered,Yes,2426000,Urban,Working Capital,No,Approved
BL101401,40,IT Services,9.6,139800,87800,51700,200,347000,2,0,Registered,Yes,1588000,Semi Urban,Inventory,No,Rejected
BL101402,46,Manufacturing,18.1,136200,100400,38000,13500,896000,1,1,Registered,No,1679000,Urban,Inventory,No,Rejected
BL101403,44,Transport,3.6,684100,502800,179000,58400,3735000,3,5,Registered,Yes,8381000,Semi Urban,New Branch,No,Approved
BL101404,51,Transport,5.1,461600,336600,124600,45300,1351000,5,2,Registered,Yes,5604000,Rural,Inventory,Yes,Approved
BL101405,39,Restaurant,6.3,477400,443200,30800,3300,483000,3,5,Registered,No,5962000,Rural,Inventory,Yes,Approved
BL101406,49,Retail,7.0,331100,253800,77300,41200,820000,7,2,Registered,No,4006000,Urban,Business Expansion,Yes,Approved
BL101407,30,Wholesale,0.3,253900,211700,39700,13400,904000,1,1,Registered,Yes,2764000,Semi Urban,Business Expansion,No,Rejected
BL101408,44,Wholesale,7.8,479600,258500,221500,12700,2062000,5,3,Registered,Yes,5497000,Urban,Equipment Purchase,Yes,Approved
BL101409,43,IT Services,6.6,242000,133900,105400,56100,2543000,10,4,Registered,Yes,3129000,Semi Urban,Equipment Purchase,No,Rejected
BL101410,61,Other Services,4.2,288100,166900,134300,38500,1901000,2,3,Registered,Yes,3582000,Rural,Equipment Purchase,No,Approved
BL101411,34,Restaurant,14.0,456800,311500,148900,29400,2592000,10,8,Registered,Yes,5707000,Urban,Equipment Purchase,No,Rejected
BL101412,29,Wholesale,9.0,324400,214600,113600,13200,2882000,5,4,Registered,Yes,3886000,Urban,Business Expansion,No,Approved
BL101413,33,Transport,13.0,259400,185300,73200,0,1373000,3,5,Registered,Yes,3072000,Urban,Technology Upgrade,No,Approved
BL101414,34,Construction,4.5,320400,286700,24200,7600,369000,3,3,Registered,Yes,4081000,Semi Urban,Working Capital,Yes,Approved
BL101415,44,Healthcare,3.6,212500,142000,64800,6900,985000,2,0,Registered,No,2771000,Urban,Inventory,No,Rejected
BL101416,29,Manufacturing,8.2,269600,200300,68400,11300,1269000,5,3,Registered,No,3001000,Urban,Inventory,Yes,Approved
BL101417,43,Education,6.2,285600,197100,87300,16200,868000,5,2,Registered,Yes,3176000,Urban,Business Expansion,Yes,Approved
BL101418,40,Retail,4.0,94800,77800,17700,1200,224000,2,0,Registered,Yes,1035000,Rural,Working Capital,No,Rejected
BL101419,48,Retail,4.0,127800,97500,30800,8600,596000,3,0,Registered,No,1443000,Semi Urban,Business Expansion,Yes,Rejected
BL101420,46,Education,1.7,307700,207200,97600,7200,1062000,10,6,Registered,Yes,3925000,Semi Urban,Business Expansion,No,Approved
BL101421,47,Restaurant,11.3,215100,173100,53400,0,1106000,10,0,Registered,Yes,2611000,Urban,Business Expansion,Yes,Approved
BL101422,44,Healthcare,9.9,196700,149400,48700,10200,593000,5,3,Registered,Yes,2324000,Urban,Business Expansion,No,Approved
BL101423,51,Healthcare,0.6,237100,187900,47100,5300,1002000,2,1,Registered,Yes,2844000,Urban,Inventory,Yes,Approved
BL101424,27,Transport,7.0,60500,41500,18500,0,166000,3,0,Registered,Yes,780000,Urban,Working Capital,Yes,Approved
BL101425,27,Manufacturing,7.0,179600,137700,44500,700,803000,5,1,Registered,Yes,2292000,Urban,Working Capital,No,Approved
BL101426,40,IT Services,10.2,180500,117400,62300,14000,1495000,2,1,Registered,Yes,2283000,Urban,Business Expansion,No,Rejected
BL101427,41,Healthcare,3.5,221500,121300,104400,23100,1417000,7,3,Registered,Yes,2497000,Rural,Working Capital,No,Rejected
BL101428,31,Retail,6.9,332000,206000,125400,51200,3051000,5,2,Registered,Yes,4120000,Rural,Inventory,Yes,Approved
BL101429,45,Wholesale,1.1,159700,121300,37200,14000,518000,2,0,Registered,No,1848000,Semi Urban,Technology Upgrade,Yes,Approved
BL101430,28,Retail,2.6,445300,333700,98800,26300,2425000,7,3,Registered,No,5312000,Urban,Working Capital,No,Approved
BL101431,38,Retail,9.8,110800,65500,47600,4500,1276000,5,1,Registered,Yes,1235000,Urban,Inventory,Yes,Rejected
BL101432,40,IT Services,2.5,301400,258900,36000,4300,257000,7,2,Registered,Yes,3609000,Rural,New Branch,Yes,Approved
BL101433,45,Restaurant,4.7,145600,80200,67600,18000,835000,5,1,Registered,Yes,1901000,Urban,Working Capital,No,Approved
BL101434,35,Healthcare,5.3,400600,281000,114800,40100,3353000,10,5,Registered,Yes,4971000,Urban,Working Capital,Yes,Rejected
BL101435,51,IT Services,9.6,227000,142200,88700,25000,731000,7,4,Registered,Yes,2468000,Semi Urban,Working Capital,No,Approved
BL101436,55,Construction,4.8,96400,68000,30900,4000,282000,10,1,Registered,Yes,1237000,Semi Urban,Working Capital,Yes,Rejected
BL101437,54,Transport,2.6,211500,109400,98900,22900,630000,10,2,Registered,No,2621000,Urban,Inventory,Yes,Approved
BL101438,56,Other Services,7.1,252800,117100,131500,21200,1629000,5,4,Registered,Yes,2991000,Urban,Working Capital,Yes,Approved
BL101439,50,Manufacturing,1.8,227600,136800,100900,0,2033000,7,2,Registered,Yes,2696000,Urban,Business Expansion,No,Rejected
BL101440,46,Healthcare,14.0,242200,186100,58300,9800,707000,3,1,Registered,No,3062000,Urban,Equipment Purchase,No,Approved
BL101441,33,Manufacturing,1.7,173700,122300,53900,7500,1576000,1,1,Registered,Yes,1987000,Semi Urban,Business Expansion,No,Approved
BL101442,35,Education,10.2,142100,71600,66700,21300,1138000,3,1,Registered,Yes,1668000,Semi Urban,Working Capital,No,Rejected
BL101443,49,Education,8.3,74100,59700,12900,400,267000,2,1,Registered,Yes,939000,Semi Urban,Inventory,Yes,Rejected
BL101444,24,Healthcare,4.0,282000,199900,83300,4300,958000,2,1,Registered,Yes,3643000,Urban,Working Capital,No,Approved
BL101445,52,Restaurant,2.4,269600,209700,57900,20800,1224000,5,3,Registered,Yes,3456000,Rural,Business Expansion,No,Approved
BL101446,35,Retail,3.3,625300,397700,215000,13300,2695000,2,1,Registered,No,7643000,Rural,New Branch,Yes,Approved
BL101447,35,Healthcare,3.6,193900,86700,108300,10500,3093000,1,2,Registered,Yes,2490000,Urban,Working Capital,Yes,Approved
BL101448,47,Wholesale,4.7,234800,205100,21700,6000,558000,2,1,Registered,Yes,2937000,Urban,Working Capital,Yes,Approved
BL101449,43,IT Services,1.8,217600,143100,75800,23300,476000,5,0,Registered,No,2782000,Urban,Inventory,Yes,Approved
BL101450,36,IT Services,5.4,334300,270300,58000,23700,921000,3,2,Registered,No,3830000,Semi Urban,Business Expansion,Yes,Rejected
BL101451,32,Retail,5.5,146000,92000,56100,8200,895000,3,0,Registered,No,1600000,Semi Urban,Inventory,No,Rejected
BL101452,26,Transport,6.0,217600,150600,67400,10500,1286000,5,0,Registered,Yes,2857000,Urban,Equipment Purchase,Yes,Approved
BL101453,23,Wholesale,3.0,202100,94700,109500,19200,2770000,2,0,Registered,No,2537000,Rural,Business Expansion,Yes,Approved
BL101454,53,Other Services,1.0,310600,177800,141100,15500,3793000,5,2,Registered,Yes,3998000,Urban,Working Capital,No,Approved
BL101455,38,Transport,1.3,753900,657900,85900,22800,1708000,2,5,Registered,Yes,9306000,Rural,New Branch,No,Rejected
BL101456,32,Other Services,2.9,242500,192400,45400,6800,1032000,1,1,Registered,Yes,2829000,Semi Urban,Inventory,Yes,Approved
BL101457,47,Retail,4.6,83500,69600,15900,300,204000,3,1,Registered,Yes,999000,Semi Urban,New Branch,Yes,Rejected
BL101458,33,Construction,13.0,98400,73100,28600,0,231000,7,0,Registered,Yes,1229000,Urban,Working Capital,Yes,Rejected
BL101459,33,Healthcare,11.5,374400,266800,117200,21200,722000,5,4,Registered,Yes,4602000,Semi Urban,Equipment Purchase,No,Approved
BL101460,51,Transport,4.2,73300,58900,11000,3200,100000,5,1,Registered,Yes,796000,Urban,Working Capital,Yes,Rejected
BL101461,47,Transport,3.1,240400,192100,51200,5000,1202000,1,2,Registered,Yes,2976000,Semi Urban,Working Capital,Yes,Rejected
BL101462,42,Retail,5.5,128200,92200,33600,100,369000,2,1,Registered,Yes,1517000,Rural,Technology Upgrade,Yes,Rejected
BL101463,35,Restaurant,5.5,1003300,694700,326600,140500,7510000,5,10,Registered,Yes,12766000,Urban,Equipment Purchase,Yes,Approved
BL101464,42,Transport,5.1,96100,77300,18300,2700,150000,5,0,Registered,Yes,1232000,Semi Urban,Working Capital,Yes,Rejected
BL101465,45,IT Services,1.7,133600,72900,59800,20000,1524000,3,1,Registered,No,1658000,Semi Urban,Inventory,Yes,Rejected
BL101466,42,Education,3.8,317700,203600,111600,39900,2345000,7,1,Registered,No,3735000,Rural,Technology Upgrade,Yes,Approved
BL101467,51,Healthcare,3.7,173000,86300,84600,36100,1277000,10,1,Registered,Yes,2191000,Urban,Inventory,Yes,Rejected
BL101468,31,Wholesale,6.8,129100,71800,54000,10300,1390000,2,0,Registered,Yes,1688000,Rural,Equipment Purchase,No,Rejected
BL101469,38,Transport,11.4,111400,78800,31700,0,719000,2,0,Registered,Yes,1257000,Urban,Equipment Purchase,Yes,Approved
BL101470,45,Transport,3.6,134000,104600,29800,0,776000,10,2,Registered,Yes,1712000,Semi Urban,Inventory,Yes,Rejected
BL101471,35,Transport,6.5,115400,105900,13000,2100,300000,7,1,Registered,No,1258000,Semi Urban,Technology Upgrade,Yes,Rejected
BL101472,49,Construction,0.3,197300,131300,68000,30900,489000,2,2,Unregistered,Not Applicable,2246000,Urban,Business Expansion,Yes,Rejected
BL101473,52,IT Services,6.2,631000,396000,231300,48800,4544000,7,2,Registered,Yes,8171000,Urban,Business Expansion,Yes,Approved
BL101474,41,Retail,0.5,685200,459400,220800,89100,4204000,5,4,Unregistered,Not Applicable,7503000,Rural,Inventory,No,Rejected
BL101475,43,Other Services,2.2,678200,482500,155200,8400,3993000,5,6,Registered,Yes,7483000,Semi Urban,Business Expansion,No,Approved
BL101476,38,Retail,3.1,183900,168100,14400,6000,148000,5,2,Registered,Yes,2085000,Semi Urban,Inventory,No,Rejected
BL101477,37,Retail,6.8,305400,208000,98200,29600,1121000,2,1,Registered,Yes,3702000,Semi Urban,Working Capital,Yes,Rejected
BL101478,52,Other Services,5.5,214500,115300,96600,21200,801000,3,1,Registered,No,2604000,Urban,Inventory,Yes,Rejected
BL101479,32,IT Services,0.9,121500,88700,31500,10700,530000,3,0,Registered,Yes,1445000,Urban,New Branch,No,Rejected
BL101480,47,Healthcare,6.8,67300,46500,17500,2000,107000,3,0,Registered,Yes,879000,Urban,Business Expansion,No,Rejected
BL101481,36,IT Services,15.5,69100,46600,20600,5600,430000,1,0,Registered,Yes,758000,Semi Urban,New Branch,No,Approved
BL101482,32,IT Services,1.7,218200,140800,72600,5300,700000,3,2,Registered,Yes,2836000,Urban,Business Expansion,No,Approved
BL101483,49,Construction,3.6,87700,83200,3200,300,100000,2,0,Registered,No,952000,Urban,Working Capital,No,Rejected
BL101484,46,Wholesale,4.6,123300,75800,40000,2500,335000,5,0,Registered,Yes,1349000,Urban,Working Capital,Yes,Approved
BL101485,34,Education,4.3,248100,119200,128000,8400,2173000,7,2,Registered,No,2729000,Urban,Working Capital,No,Rejected
BL101486,38,Construction,9.7,49100,29600,19400,0,217000,5,1,Registered,Yes,627000,Urban,Inventory,Yes,Rejected
BL101487,39,Wholesale,8.1,479600,295600,187900,101700,1288000,3,3,Registered,No,5803000,Semi Urban,Business Expansion,Yes,Approved
BL101488,42,Healthcare,6.2,205200,105800,97600,1900,1104000,3,2,Registered,Yes,2493000,Semi Urban,Working Capital,No,Approved
BL101489,36,Wholesale,4.7,158600,104000,57200,20300,1340000,5,0,Registered,Yes,1895000,Semi Urban,New Branch,No,Approved
BL101490,56,Restaurant,8.2,135500,120600,19700,0,121000,10,1,Registered,No,1636000,Semi Urban,Business Expansion,No,Rejected
BL101491,30,Retail,0.8,264000,135900,120700,13700,1455000,10,1,Unregistered,Not Applicable,2915000,Semi Urban,Equipment Purchase,Yes,Approved
BL101492,26,Restaurant,6.0,111400,55700,52900,7700,606000,5,0,Registered,Yes,1441000,Urban,Equipment Purchase,Yes,Approved
BL101493,39,Transport,10.0,439100,341200,100800,41700,1231000,3,2,Registered,Yes,5355000,Semi Urban,Working Capital,Yes,Approved
BL101494,23,Other Services,3.0,334600,218800,119700,29900,1352000,2,2,Registered,Yes,3956000,Rural,Inventory,No,Approved
BL101495,33,Construction,13.0,128700,81100,44500,1700,644000,2,2,Registered,No,1538000,Rural,Technology Upgrade,Yes,Approved
BL101496,34,Transport,9.8,176700,145000,37700,6200,921000,1,1,Registered,Yes,2324000,Urban,Working Capital,No,Rejected
BL101497,40,Manufacturing,2.0,411600,250200,153600,58100,3273000,3,1,Registered,No,5145000,Urban,New Branch,Yes,Approved
BL101498,38,Construction,5.9,253600,120800,131600,47100,1827000,1,4,Registered,No,3192000,Urban,Working Capital,No,Approved
BL101499,42,Wholesale,9.6,173600,136100,39800,4000,923000,5,1,Registered,Yes,2238000,Urban,Working Capital,No,Rejected
BL101500,33,Construction,5.8,127200,85500,45400,0,636000,2,2,Registered,Yes,1660000,Semi Urban,Equipment Purchase,Yes,Rejected
BL101501,37,Restaurant,6.3,185800,123600,58500,6100,1016000,7,2,Registered,No,2084000,Urban,Equipment Purchase,Yes,Approved
BL101502,45,IT Services,11.8,155100,66200,91200,27500,1861000,3,0,Registered,Yes,2011000,Semi Urban,New Branch,No,Approved
BL101503,23,Wholesale,3.0,239300,131600,107200,0,2077000,7,3,Registered,No,3097000,Semi Urban,Working Capital,No,Approved
BL101504,44,Restaurant,13.6,164700,107700,52200,9100,786000,1,2,Registered,No,2127000,Urban,Equipment Purchase,Yes,Approved
BL101505,23,Wholesale,3.0,111300,60300,49600,800,612000,2,1,Registered,Yes,1357000,Urban,Working Capital,Yes,Approved
BL101506,40,Manufacturing,6.4,384000,308800,65900,8400,1432000,5,1,Registered,Yes,4269000,Urban,Working Capital,Yes,Approved
BL101507,45,Retail,1.0,275400,185000,94200,26100,1462000,5,0,Registered,Yes,3420000,Urban,Inventory,No,Rejected
BL101508,43,Retail,1.0,109300,70900,35300,6700,703000,2,1,Registered,No,1377000,Urban,Business Expansion,No,Rejected
BL101509,34,IT Services,14.0,139600,112600,28200,8600,449000,7,0,Registered,Yes,1523000,Urban,New Branch,Yes,Approved
BL101510,42,Retail,5.8,304300,183900,120300,46200,3008000,5,1,Registered,Yes,3896000,Urban,New Branch,Yes,Approved
BL101511,32,IT Services,4.6,120200,87800,33200,25200,948000,3,0,Registered,Yes,1511000,Semi Urban,Equipment Purchase,Yes,Rejected
BL101512,52,Transport,6.8,179500,122100,57400,19300,1644000,5,2,Registered,Yes,1998000,Urban,Business Expansion,Yes,Approved
BL101513,47,Wholesale,8.2,167000,131800,32300,9400,222000,5,1,Registered,No,1929000,Urban,Working Capital,Yes,Approved
BL101514,31,Wholesale,2.2,128800,94900,34900,3500,606000,1,0,Registered,Yes,1599000,Rural,Business Expansion,Yes,Rejected
BL101515,52,Construction,9.8,105100,80000,25400,8500,374000,7,0,Registered,No,1136000,Urban,Working Capital,Yes,Rejected
BL101516,42,Retail,3.9,192400,118100,72300,31400,591000,7,1,Registered,Yes,2391000,Urban,Equipment Purchase,Yes,Approved
BL101517,30,Manufacturing,10.0,113700,69000,50500,5000,1319000,5,1,Registered,No,1357000,Urban,Business Expansion,No,Approved
BL101518,51,IT Services,6.4,139000,92900,42800,5000,943000,3,1,Registered,Yes,1740000,Semi Urban,Working Capital,Yes,Rejected
BL101519,55,Manufacturing,0.5,330900,251700,82500,8500,1622000,7,3,Registered,Yes,4312000,Semi Urban,Equipment Purchase,Yes,Approved
BL101520,38,IT Services,3.7,129300,94300,36500,100,1025000,2,1,Registered,Yes,1693000,Urban,New Branch,No,Rejected
BL101521,43,Education,6.4,261600,204400,55700,11000,1194000,10,0,Registered,Yes,3219000,Urban,Inventory,Yes,Rejected
BL101522,40,Retail,1.6,353000,201500,153200,0,4303000,10,1,Registered,No,4647000,Rural,Equipment Purchase,No,Approved
BL101523,45,Restaurant,7.5,186400,94500,93500,17300,2065000,3,0,Registered,Yes,2160000,Semi Urban,Business Expansion,Yes,Approved
BL101524,47,Education,8.3,269900,166800,102700,25500,809000,5,2,Registered,No,3522000,Semi Urban,Inventory,No,Approved
BL101525,49,Wholesale,4.8,118900,70800,46800,11300,301000,5,1,Registered,Yes,1414000,Urban,Working Capital,Yes,Rejected
BL101526,23,Other Services,0.5,310100,172900,136700,17200,3693000,5,4,Registered,Yes,4005000,Urban,Inventory,No,Rejected
BL101527,35,Retail,15.0,292700,191100,98000,0,1848000,7,3,Registered,Yes,3613000,Urban,Working Capital,Yes,Approved
BL101528,49,Construction,1.2,475900,244700,244200,93500,3408000,5,6,Unregistered,No,6022000,Urban,Working Capital,Yes,Rejected
BL101529,34,Healthcare,3.9,401600,244100,164500,0,3357000,7,4,Registered,Yes,4957000,Urban,New Branch,No,Rejected
BL101530,43,Other Services,9.4,233000,129200,104100,22700,1716000,2,2,Registered,Yes,3016000,Urban,Business Expansion,No,Approved
BL101531,32,Retail,7.9,1041500,550200,475700,201200,6227000,3,12,Registered,Yes,13443000,Urban,Equipment Purchase,No,Approved
BL101532,46,Wholesale,2.8,337800,175700,159900,34200,2305000,7,2,Registered,Yes,3785000,Semi Urban,Inventory,Yes,Approved
BL101533,40,IT Services,2.8,426700,235800,185800,72800,3896000,5,3,Registered,Yes,5149000,Semi Urban,Working Capital,Yes,Approved
BL101534,45,Transport,5.9,150700,112600,37800,10500,806000,5,1,Registered,Yes,1799000,Rural,Working Capital,Yes,Rejected
BL101535,44,Retail,2.1,159300,102500,51700,0,1468000,3,1,Registered,No,1803000,Urban,Working Capital,No,Rejected
BL101536,27,IT Services,5.8,207600,144200,61100,24200,1534000,3,1,Registered,Yes,2362000,Urban,Inventory,Yes,Rejected
BL101537,59,Retail,9.9,108900,71200,35300,3900,845000,2,0,Registered,Yes,1435000,Urban,Equipment Purchase,No,Rejected
BL101538,28,Restaurant,3.6,203400,155100,45400,6200,1136000,5,2,Registered,No,2598000,Urban,Working Capital,No,Approved
BL101539,62,Healthcare,5.0,194200,144700,56600,17100,363000,5,2,Registered,No,2280000,Urban,New Branch,Yes,Approved
BL101540,23,IT Services,3.0,383300,287100,93700,5400,2767000,10,4,Registered,Yes,4328000,Urban,Working Capital,No,Approved
BL101541,41,Education,13.2,400400,262600,139300,47500,4036000,3,5,Registered,Yes,4651000,Urban,Business Expansion,Yes,Approved
BL101542,27,Retail,7.0,213800,144400,68400,18000,791000,3,0,Registered,Yes,2474000,Semi Urban,Inventory,Yes,Rejected
BL101543,55,Construction,3.4,159000,83700,77300,34600,2025000,3,2,Registered,Yes,2042000,Urban,Working Capital,Yes,Rejected
BL101544,31,Retail,11.0,582000,342600,234800,87400,3546000,7,8,Registered,Yes,6733000,Semi Urban,Working Capital,No,Approved
BL101545,30,Retail,9.5,79800,61900,17000,2900,394000,5,0,Registered,No,975000,Rural,Equipment Purchase,No,Rejected
BL101546,40,Healthcare,10.8,78300,47600,29600,4100,366000,3,1,Registered,No,1013000,Semi Urban,Technology Upgrade,Yes,Rejected
BL101547,53,Retail,4.2,265200,171500,89700,8100,2565000,2,2,Registered,No,3259000,Semi Urban,Working Capital,Yes,Approved
BL101548,51,IT Services,12.3,190700,144500,51900,8400,1428000,10,3,Registered,No,2497000,Semi Urban,Equipment Purchase,Yes,Approved
BL101549,38,Other Services,3.7,165300,117500,49100,3200,1256000,5,0,Registered,Yes,1799000,Urban,New Branch,Yes,Rejected
BL101550,37,Retail,2.8,66300,45100,20400,3100,151000,2,0,Registered,Yes,868000,Urban,Working Capital,No,Rejected
BL101551,45,Other Services,12.4,117400,76000,43400,400,332000,2,1,Registered,Yes,1536000,Semi Urban,Inventory,Yes,Approved
BL101552,39,Manufacturing,5.6,482500,378700,114900,6200,2146000,5,3,Registered,No,5801000,Urban,Inventory,No,Rejected
BL101553,41,Manufacturing,5.7,435600,258500,170900,69200,4633000,5,2,Registered,Yes,5618000,Semi Urban,Inventory,No,Rejected
BL101554,39,Transport,2.1,319500,230300,87300,0,984000,3,3,Registered,Yes,4163000,Urban,Inventory,No,Approved
BL101555,45,Retail,2.4,121800,78300,43500,0,397000,1,0,Registered,Yes,1587000,Urban,Working Capital,Yes,Approved
BL101556,44,Construction,2.9,162800,122000,38300,3500,651000,5,0,Registered,Yes,2024000,Semi Urban,Business Expansion,No,Rejected
BL101557,54,Education,4.0,156100,118700,35900,14500,1020000,2,0,Registered,Yes,2026000,Semi Urban,Equipment Purchase,Yes,Rejected
BL101558,34,Restaurant,4.1,132400,91800,39300,2300,1127000,3,1,Registered,Yes,1490000,Semi Urban,Business Expansion,No,Rejected
BL101559,34,Transport,1.0,143400,117000,26000,4000,737000,7,1,Unregistered,No,1738000,Semi Urban,Business Expansion,Yes,Rejected
BL101560,39,Restaurant,9.4,187100,143900,54600,13200,995000,3,2,Registered,Yes,2429000,Semi Urban,Working Capital,Yes,Approved
BL101561,38,Construction,17.4,82000,52600,27900,7800,795000,2,0,Registered,Yes,1082000,Urban,Working Capital,No,Rejected
BL101562,48,Wholesale,2.1,403700,285500,106300,19500,3142000,3,4,Registered,Yes,5198000,Rural,Working Capital,Yes,Approved
BL101563,31,Wholesale,5.3,183300,130600,56300,14500,1567000,1,2,Registered,Yes,1996000,Rural,Business Expansion,No,Approved
BL101564,51,Retail,10.5,147100,118100,29500,10200,487000,7,1,Registered,Yes,1941000,Semi Urban,New Branch,No,Rejected
BL101565,37,Transport,11.9,77200,37800,38900,300,467000,3,0,Registered,Yes,980000,Semi Urban,Inventory,No,Rejected
BL101566,51,Wholesale,3.8,318000,260300,63200,6200,1520000,3,5,Registered,Yes,4170000,Urban,Equipment Purchase,Yes,Approved
BL101567,63,Restaurant,10.9,106400,50800,53000,3900,652000,3,0,Registered,Yes,1333000,Urban,Business Expansion,No,Rejected
BL101568,49,IT Services,1.8,265400,195600,71500,10300,1035000,2,3,Registered,Yes,2948000,Semi Urban,Working Capital,No,Rejected
BL101569,46,Restaurant,0.3,117200,86300,30500,11800,576000,3,0,Registered,Yes,1497000,Urban,Equipment Purchase,No,Rejected
BL101570,50,Manufacturing,4.0,212900,139100,73900,25600,1972000,3,0,Registered,Yes,2562000,Semi Urban,Business Expansion,Yes,Rejected
BL101571,37,Retail,17.0,92100,69600,22600,4200,396000,5,0,Registered,Yes,1065000,Semi Urban,New Branch,Yes,Rejected
BL101572,42,Manufacturing,5.5,179500,94300,93800,30100,740000,5,1,Registered,Yes,1958000,Semi Urban,New Branch,Yes,Approved
BL101573,34,Retail,14.0,189700,109300,78500,40600,1563000,2,0,Registered,Yes,2139000,Semi Urban,Equipment Purchase,Yes,Rejected
BL101574,35,Retail,1.9,219000,118700,96600,1300,760000,7,1,Registered,Yes,2456000,Semi Urban,Business Expansion,No,Approved
BL101575,43,Construction,3.4,337700,200500,140800,14100,1647000,2,1,Registered,Yes,3657000,Urban,Business Expansion,No,Approved
BL101576,41,Retail,9.2,271000,220600,55900,8900,484000,7,1,Registered,Yes,3246000,Urban,Business Expansion,No,Approved
BL101577,44,IT Services,12.4,507800,426100,68000,17400,1354000,3,2,Registered,Yes,5717000,Rural,Working Capital,Yes,Approved
BL101578,41,Transport,7.8,84300,56300,28700,8000,342000,3,1,Registered,Yes,981000,Urban,Inventory,No,Rejected
BL101579,37,Construction,3.8,697200,490400,190500,7800,3957000,3,4,Registered,Yes,8759000,Semi Urban,Working Capital,Yes,Approved
BL101580,48,Retail,22.5,349500,324200,15800,3600,346000,5,0,Registered,Yes,3921000,Urban,Inventory,Yes,Approved
BL101581,34,Education,5.0,152400,95300,56400,18400,982000,2,0,Registered,Yes,1756000,Semi Urban,New Branch,No,Approved
BL101582,42,Retail,3.7,359800,213000,142000,2400,859000,5,3,Registered,No,4156000,Urban,New Branch,Yes,Approved
BL101583,50,Wholesale,7.2,573700,457900,101000,22500,681000,3,5,Registered,Yes,7046000,Semi Urban,New Branch,Yes,Rejected
BL101584,46,Healthcare,9.8,387500,236900,144000,15500,2529000,5,7,Registered,No,5071000,Urban,Business Expansion,Yes,Approved
BL101585,40,IT Services,3.4,109900,60900,47900,0,529000,5,1,Registered,Yes,1407000,Rural,Equipment Purchase,Yes,Approved
BL101586,24,Other Services,2.2,203700,161400,44800,15600,787000,5,3,Registered,Yes,2283000,Urban,Working Capital,No,Rejected
BL101587,37,Construction,10.7,312700,267700,38900,10500,772000,7,2,Registered,Yes,3821000,Urban,Working Capital,Yes,Approved
BL101588,59,Restaurant,0.3,195100,120100,75300,4900,1295000,3,1,Unregistered,No,2421000,Urban,New Branch,Yes,Approved
BL101589,38,Retail,2.3,258800,174800,74500,25100,1409000,2,1,Registered,No,2963000,Urban,Technology Upgrade,No,Rejected
BL101590,40,Healthcare,2.3,269900,214600,54100,28000,1579000,1,1,Registered,Yes,2916000,Rural,Working Capital,No,Approved
BL101591,42,Education,3.4,110000,63900,47700,10300,1010000,3,0,Registered,Yes,1329000,Urban,New Branch,No,Rejected
BL101592,44,Transport,10.3,423000,339100,79900,0,856000,5,3,Registered,Yes,5457000,Urban,Technology Upgrade,No,Approved
BL101593,34,Restaurant,11.3,210000,182300,29900,4600,296000,5,0,Registered,Yes,2313000,Urban,Technology Upgrade,Yes,Approved
BL101594,47,Wholesale,5.3,193500,100500,85600,0,2468000,5,2,Registered,No,2250000,Urban,Working Capital,Yes,Approved
BL101595,44,Retail,13.7,115900,58600,54700,10000,1615000,2,3,Registered,Yes,1346000,Urban,Business Expansion,No,Approved
BL101596,24,IT Services,4.0,171900,80800,93000,13200,1581000,3,0,Registered,No,2095000,Urban,Business Expansion,Yes,Rejected
BL101597,23,Other Services,3.0,348700,213600,139500,44300,3721000,5,1,Registered,No,3987000,Rural,Business Expansion,No,Approved
BL101598,35,Manufacturing,8.5,229500,118500,119600,13200,2547000,5,4,Registered,Yes,2906000,Rural,Working Capital,Yes,Approved
BL101599,29,Construction,2.9,303900,249500,58700,19600,414000,5,2,Registered,Yes,3606000,Urban,Working Capital,Yes,Rejected
BL101600,43,Retail,0.8,194800,108100,91200,7300,2239000,2,0,Registered,Yes,2484000,Urban,Inventory,Yes,Approved
BL101601,37,Construction,5.3,209600,131500,74100,13500,1102000,3,2,Registered,No,2625000,Urban,Working Capital,Yes,Rejected
BL101602,44,IT Services,6.4,74200,53900,20300,0,403000,1,0,Registered,Yes,888000,Semi Urban,New Branch,No,Rejected
BL101603,44,Restaurant,8.0,251400,144000,100500,4000,2750000,5,2,Registered,Yes,3052000,Urban,Inventory,No,Approved
BL101604,31,Wholesale,5.3,176800,120400,60200,19100,1122000,3,1,Registered,Yes,2158000,Urban,Business Expansion,Yes,Rejected
BL101605,37,Healthcare,1.2,240500,183700,55400,20000,1111000,2,2,Unregistered,Not Applicable,3012000,Urban,Technology Upgrade,Yes,Rejected
BL101606,35,Healthcare,4.0,54700,53100,2100,200,100000,2,0,Registered,Yes,708000,Rural,Working Capital,No,Rejected
BL101607,48,Restaurant,12.0,908900,662700,204400,56800,5181000,1,11,Registered,Yes,11689000,Urban,Inventory,Yes,Approved
BL101608,38,Transport,1.4,207800,98600,98700,31300,2082000,7,2,Unregistered,No,2622000,Urban,Inventory,Yes,Rejected
BL101609,51,Restaurant,5.2,262200,201800,69600,2800,481000,1,1,Registered,No,3074000,Semi Urban,Working Capital,Yes,Approved
BL101610,52,IT Services,3.6,250800,180500,87600,23500,2364000,3,1,Registered,Yes,3196000,Urban,New Branch,No,Rejected
BL101611,39,Transport,4.3,164500,122500,43200,8700,906000,5,1,Registered,Yes,2161000,Semi Urban,Inventory,Yes,Approved
BL101612,35,Manufacturing,10.9,256000,170800,93100,23500,1776000,7,2,Registered,Yes,2963000,Semi Urban,Inventory,No,Approved
BL101613,32,Restaurant,12.0,405300,321900,77400,14100,2040000,10,3,Registered,Yes,5017000,Urban,New Branch,Yes,Approved
BL101614,46,Retail,3.2,221200,143200,71000,0,1068000,2,0,Registered,Yes,2787000,Urban,Working Capital,Yes,Approved
BL101615,39,Transport,1.7,332700,239400,104300,23500,873000,1,0,Registered,No,4211000,Semi Urban,Inventory,Yes,Approved
BL101616,33,Healthcare,2.4,315300,222700,91800,16100,1116000,5,3,Registered,Yes,3899000,Semi Urban,Working Capital,Yes,Approved
BL101617,48,Education,2.3,303700,210700,91700,13800,2559000,3,0,Registered,No,3565000,Urban,Inventory,Yes,Approved
BL101618,48,Other Services,5.5,603500,384700,238900,0,5965000,3,4,Registered,Yes,7423000,Semi Urban,Inventory,Yes,Approved
BL101619,31,Healthcare,10.8,245600,202700,41200,14400,732000,5,0,Registered,No,2866000,Urban,Equipment Purchase,No,Approved
BL101620,43,IT Services,4.0,189800,163000,22300,4600,573000,10,0,Registered,Yes,2475000,Urban,New Branch,No,Rejected
BL101621,45,Healthcare,2.7,193800,180500,7900,0,213000,2,1,Registered,Yes,2479000,Urban,Working Capital,Yes,Approved
BL101622,55,Manufacturing,11.0,254000,177000,77000,31100,1940000,5,2,Registered,Yes,2750000,Urban,Business Expansion,Yes,Approved
BL101623,39,Wholesale,1.6,88300,62700,27100,7200,811000,5,3,Registered,No,1033000,Semi Urban,Inventory,Yes,Rejected
BL101624,40,Education,5.6,460300,330300,127300,43100,3694000,5,0,Registered,No,5530000,Urban,Business Expansion,Yes,Approved
BL101625,46,Wholesale,8.0,171700,99200,72100,11200,1405000,3,1,Registered,No,2158000,Rural,Working Capital,Yes,Approved
BL101626,51,Transport,2.1,188100,149600,35600,7000,784000,10,1,Registered,No,2306000,Urban,Business Expansion,Yes,Approved
BL101627,44,Transport,5.6,91000,58800,31300,11300,932000,2,0,Registered,Yes,1186000,Rural,Working Capital,No,Approved
BL101628,42,Healthcare,10.9,212300,160800,58200,15400,1617000,7,0,Registered,No,2674000,Rural,Technology Upgrade,No,Rejected
BL101629,35,Retail,3.8,88100,46700,41200,7400,723000,5,2,Registered,Yes,1087000,Urban,Inventory,Yes,Approved
BL101630,37,Restaurant,8.2,72400,54600,16700,1700,190000,7,1,Registered,Yes,901000,Semi Urban,Business Expansion,Yes,Approved
BL101631,39,Other Services,1.1,128300,108700,23800,0,238000,5,1,Registered,No,1666000,Semi Urban,Technology Upgrade,No,Approved
BL101632,46,Other Services,2.8,171500,102300,68200,23000,637000,5,2,Registered,Yes,2060000,Urban,Technology Upgrade,No,Rejected
BL101633,44,Wholesale,2.0,118800,74200,44200,15100,286000,1,1,Registered,Yes,1437000,Urban,Inventory,No,Approved
BL101634,34,Restaurant,4.5,236000,146600,88200,27500,2121000,5,0,Registered,Yes,3004000,Urban,Inventory,No,Approved
BL101635,48,Education,2.6,414900,257800,143600,53300,2698000,2,2,Registered,Yes,4717000,Urban,Business Expansion,Yes,Approved
BL101636,38,Education,15.3,226600,194300,30400,1900,514000,3,1,Registered,Yes,2715000,Semi Urban,Equipment Purchase,Yes,Rejected
BL101637,39,Restaurant,7.0,52600,36800,16000,2400,100000,3,0,Registered,Yes,667000,Urban,Working Capital,No,Rejected
BL101638,47,Construction,1.9,196600,110000,84900,10900,1475000,7,2,Registered,Yes,2474000,Urban,Equipment Purchase,No,Rejected
BL101639,48,Other Services,3.6,281700,163100,124100,0,789000,10,1,Registered,Yes,3669000,Semi Urban,Inventory,Yes,Rejected
BL101640,43,IT Services,3.7,159200,66700,89300,9900,2015000,5,0,Registered,No,2032000,Semi Urban,Working Capital,Yes,Approved
BL101641,57,Retail,11.1,240200,140700,100800,22700,2991000,2,3,Registered,Yes,2692000,Semi Urban,Working Capital,Yes,Approved
BL101642,23,Healthcare,3.0,233000,121700,108800,38900,2978000,3,1,Registered,Yes,3012000,Urban,New Branch,No,Rejected
BL101643,49,Transport,5.4,102800,54300,50400,14000,536000,1,1,Registered,Yes,1279000,Urban,Working Capital,Yes,Rejected
BL101644,31,Construction,7.8,409500,258200,163700,17300,3496000,7,4,Registered,Yes,4591000,Urban,Working Capital,No,Rejected
BL101645,40,Transport,12.1,167100,91000,80100,27500,993000,2,2,Registered,Yes,1941000,Semi Urban,Inventory,No,Approved
BL101646,40,IT Services,20.0,163200,108400,55000,13500,1044000,5,1,Registered,Yes,1810000,Urban,Inventory,Yes,Approved
BL101647,40,Other Services,17.3,260700,190800,69600,0,1185000,3,3,Registered,Yes,3412000,Semi Urban,Working Capital,No,Approved
BL101648,32,Transport,6.0,75900,54900,20800,4800,253000,2,1,Registered,Yes,912000,Urban,Technology Upgrade,No,Rejected
BL101649,28,Wholesale,4.2,424900,302600,113000,36400,2141000,5,3,Registered,Yes,5139000,Urban,Working Capital,No,Approved
BL101650,23,Wholesale,3.0,110300,39100,66200,18800,1474000,3,0,Registered,Yes,1224000,Rural,Working Capital,No,Rejected
BL101651,38,Construction,9.7,588600,364100,199300,5700,4477000,3,6,Registered,No,7009000,Rural,Business Expansion,Yes,Approved
BL101652,41,Transport,3.2,390800,330700,56900,3600,590000,2,1,Registered,Yes,5032000,Urban,Working Capital,Yes,Rejected
BL101653,45,Retail,6.3,108400,103800,8100,4200,100000,3,2,Registered,Yes,1384000,Urban,Equipment Purchase,Yes,Rejected
BL101654,51,Manufacturing,7.1,242800,190600,44200,3100,1110000,7,2,Registered,Yes,3081000,Urban,Business Expansion,Yes,Approved
BL101655,48,Wholesale,15.6,112000,77000,36000,7700,786000,3,2,Registered,No,1401000,Urban,Business Expansion,No,Approved
BL101656,49,Retail,2.7,103200,59000,45700,0,772000,5,2,Registered,No,1310000,Semi Urban,Working Capital,Yes,Rejected
BL101657,31,Education,1.2,44400,37400,6500,2600,138000,3,1,Unregistered,Not Applicable,569000,Semi Urban,Working Capital,Yes,Rejected
BL101658,50,Healthcare,1.1,290900,192000,92700,30100,2526000,2,2,Registered,No,3600000,Rural,Working Capital,No,Rejected
BL101659,43,Construction,11.1,151200,97900,48200,22400,712000,3,0,Registered,Yes,1686000,Semi Urban,Business Expansion,No,Rejected
BL101660,28,IT Services,8.0,318400,264100,51200,2400,856000,2,1,Registered,Yes,3852000,Semi Urban,Inventory,Yes,Approved
BL101661,50,Restaurant,4.0,227600,79700,136600,53100,2533000,5,1,Registered,Yes,2486000,Rural,Working Capital,No,Rejected
BL101662,32,Healthcare,9.7,95800,64300,28700,1400,645000,7,2,Registered,No,1188000,Urban,Working Capital,Yes,Approved
BL101663,31,Restaurant,11.0,329300,160800,174900,76600,3116000,3,1,Registered,Yes,4283000,Rural,Working Capital,Yes,Approved
BL101664,54,Wholesale,7.3,271500,204100,62600,0,1448000,5,3,Registered,Yes,3264000,Urban,Working Capital,Yes,Rejected
BL101665,42,Restaurant,19.6,149100,132700,17700,6400,223000,2,0,Registered,Yes,1722000,Semi Urban,Working Capital,No,Approved
BL101666,31,Other Services,4.9,356900,265600,85000,18000,759000,3,3,Registered,Yes,4212000,Semi Urban,Inventory,No,Approved
BL101667,35,Construction,9.4,169000,158200,12500,3800,100000,5,0,Registered,Yes,2150000,Rural,Inventory,No,Approved
BL101668,50,Other Services,0.3,124000,87700,36800,10700,294000,7,1,Unregistered,No,1498000,Urban,Business Expansion,No,Approved
BL101669,29,Other Services,9.0,177300,153800,27100,7400,177000,5,0,Registered,No,2286000,Semi Urban,Working Capital,Yes,Approved
BL101670,39,Manufacturing,6.5,159200,75300,78700,44900,2327000,2,2,Registered,Yes,2008000,Urban,Equipment Purchase,Yes,Rejected
BL101671,39,Construction,7.1,81600,57700,22600,10900,547000,5,0,Registered,No,953000,Rural,New Branch,No,Approved
BL101672,65,IT Services,9.6,40900,20800,20800,6100,393000,7,1,Registered,Yes,506000,Urban,Working Capital,Yes,Rejected
BL101673,27,Transport,7.0,534000,389700,137100,32700,1685000,3,2,Registered,No,6080000,Rural,Business Expansion,Yes,Approved
BL101674,27,IT Services,5.4,392100,250300,138600,59600,3261000,5,3,Registered,No,4425000,Semi Urban,New Branch,No,Rejected
BL101675,35,Retail,11.1,482600,315800,171900,75800,5141000,5,1,Registered,No,5294000,Semi Urban,Inventory,Yes,Approved
BL101676,34,Construction,4.6,341500,222700,116600,26200,1712000,3,3,Registered,Yes,3887000,Urban,Equipment Purchase,No,Approved
BL101677,40,IT Services,14.0,155100,126600,28800,6300,436000,5,0,Registered,Yes,1972000,Semi Urban,Equipment Purchase,Yes,Rejected
BL101678,36,Retail,9.9,178900,126100,52300,3400,1382000,5,1,Registered,Yes,1970000,Semi Urban,Inventory,Yes,Approved
BL101679,48,Transport,2.3,137400,96800,39600,10100,604000,2,1,Registered,Yes,1700000,Semi Urban,Equipment Purchase,No,Rejected
BL101680,41,Retail,2.2,275000,187600,79700,19300,2160000,1,3,Registered,No,3208000,Semi Urban,Equipment Purchase,No,Rejected
BL101681,31,Education,11.0,264000,204200,57200,20400,577000,3,2,Registered,Yes,3475000,Semi Urban,Technology Upgrade,No,Approved
BL101682,38,Retail,0.8,161800,105400,58100,27900,1623000,3,0,Unregistered,No,1979000,Urban,Working Capital,Yes,Approved
BL101683,38,IT Services,4.7,258600,138700,118100,46600,1094000,7,0,Registered,No,3282000,Urban,Equipment Purchase,No,Approved
BL101684,50,Restaurant,10.4,398700,320900,81600,30000,1930000,7,2,Registered,Yes,5065000,Rural,Inventory,Yes,Approved
BL101685,48,Education,3.5,198400,123600,73400,12800,1000000,5,1,Registered,No,2354000,Semi Urban,Business Expansion,Yes,Approved
BL101686,47,Construction,6.5,98900,70800,29000,4300,738000,1,0,Registered,No,1085000,Semi Urban,Technology Upgrade,Yes,Approved
BL101687,34,Manufacturing,3.4,261400,203700,54400,17500,547000,2,2,Registered,Yes,2899000,Semi Urban,Working Capital,Yes,Approved
BL101688,43,Restaurant,2.2,95400,51600,41500,12300,881000,1,2,Registered,Yes,1129000,Rural,Inventory,Yes,Rejected
BL101689,30,Transport,10.0,122400,70200,54300,17000,986000,3,2,Registered,Yes,1512000,Rural,Equipment Purchase,Yes,Rejected
BL101690,46,Other Services,2.6,234600,115900,113400,7000,1463000,5,3,Registered,Yes,2836000,Urban,Equipment Purchase,No,Approved
BL101691,51,IT Services,3.1,288100,182900,101100,6100,1787000,10,3,Registered,Yes,3641000,Semi Urban,Technology Upgrade,Yes,Approved
BL101692,23,Healthcare,3.0,210500,172100,38300,5000,1112000,2,2,Registered,No,2724000,Urban,Working Capital,Yes,Rejected
BL101693,39,Construction,4.6,108300,73300,31000,9800,750000,2,0,Registered,Yes,1227000,Semi Urban,Working Capital,No,Rejected
BL101694,39,Construction,5.0,1057100,913000,131500,27300,973000,2,7,Registered,Yes,12326000,Rural,Equipment Purchase,No,Approved
BL101695,48,Manufacturing,12.8,145400,105000,38400,16800,1131000,3,1,Registered,Yes,1676000,Rural,New Branch,No,Approved
BL101696,35,Retail,6.8,261200,158300,101400,5500,2361000,1,2,Registered,Yes,2927000,Urban,Technology Upgrade,Yes,Approved
BL101697,35,IT Services,3.8,140000,82800,56500,3200,682000,7,0,Registered,Yes,1698000,Semi Urban,Technology Upgrade,No,Rejected
BL101698,42,Transport,5.0,113100,100200,11800,2000,343000,5,2,Registered,No,1260000,Urban,New Branch,Yes,Rejected
BL101699,46,IT Services,8.5,205100,160300,44000,5400,787000,5,0,Registered,No,2236000,Semi Urban,Working Capital,Yes,Approved
BL101700,42,IT Services,0.5,152500,100100,56800,4700,1081000,10,1,Registered,No,1671000,Urban,Working Capital,Yes,Approved
BL101701,48,Restaurant,4.5,210500,146800,73500,15800,878000,5,2,Registered,Yes,2654000,Urban,Technology Upgrade,Yes,Approved
BL101702,46,Education,14.7,134100,83400,52000,11500,1555000,7,0,Registered,Yes,1634000,Urban,Business Expansion,No,Rejected
BL101703,36,Retail,5.6,215500,75800,129300,1700,1720000,5,2,Registered,Yes,2818000,Urban,Business Expansion,No,Approved
BL101704,40,Retail,6.2,126700,87600,36800,4200,788000,2,3,Registered,Yes,1649000,Urban,Equipment Purchase,Yes,Rejected
BL101705,45,Retail,4.9,379200,196500,176900,54800,3538000,2,1,Registered,Yes,4758000,Rural,Equipment Purchase,Yes,Rejected
BL101706,33,IT Services,12.9,237700,150500,86000,13800,1990000,10,1,Registered,Yes,3059000,Urban,Inventory,Yes,Approved
BL101707,34,Wholesale,14.0,184400,95200,93300,7300,725000,3,0,Registered,Yes,2057000,Rural,Working Capital,Yes,Approved
BL101708,27,Construction,0.3,196800,129100,63600,9400,1140000,3,1,Unregistered,No,2507000,Semi Urban,New Branch,Yes,Rejected
BL101709,51,Wholesale,18.6,158500,87300,72300,1300,833000,2,2,Registered,Yes,1967000,Urban,Inventory,Yes,Approved
BL101710,60,Transport,1.7,213500,147100,64100,30000,573000,2,1,Registered,Yes,2748000,Urban,New Branch,No,Rejected
BL101711,34,Retail,10.6,488200,376100,121200,40400,2256000,3,3,Registered,Yes,5600000,Urban,New Branch,No,Approved
BL101712,45,IT Services,10.7,141100,101700,38300,21800,646000,5,0,Registered,Yes,1780000,Urban,New Branch,Yes,Approved
BL101713,51,Construction,2.1,218900,106900,108600,23400,1836000,7,1,Registered,Yes,2394000,Urban,Equipment Purchase,No,Rejected
BL101714,30,Restaurant,4.6,125400,58100,65500,9700,990000,3,1,Registered,Yes,1576000,Urban,Business Expansion,Yes,Approved
BL101715,43,Manufacturing,6.8,44800,23000,23300,1700,314000,3,1,Registered,Yes,504000,Semi Urban,Business Expansion,Yes,Rejected
BL101716,52,Manufacturing,19.2,287100,233500,53200,14300,356000,7,1,Registered,No,3757000,Semi Urban,Business Expansion,Yes,Approved
BL101717,38,Restaurant,6.6,379700,366200,21600,2900,437000,5,4,Registered,No,4998000,Urban,Working Capital,No,Rejected
BL101718,40,Retail,7.3,258200,153000,106800,6000,2974000,2,2,Registered,Yes,3045000,Rural,Business Expansion,No,Approved
BL101719,53,Education,12.2,806800,441300,374800,149400,6664000,7,3,Registered,Yes,10503000,Semi Urban,Working Capital,Yes,Approved
BL101720,36,Manufacturing,3.4,160200,137800,21100,4300,275000,1,0,Registered,Yes,1827000,Semi Urban,Working Capital,Yes,Approved
BL101721,35,Education,3.0,116200,72700,43200,10300,579000,5,0,Registered,Yes,1427000,Semi Urban,Inventory,No,Rejected
BL101722,39,Retail,9.5,404500,270900,124800,29100,1530000,10,4,Registered,Yes,5211000,Rural,Inventory,Yes,Approved
BL101723,57,Manufacturing,7.8,419800,294300,116800,30600,1930000,1,0,Registered,Yes,5370000,Urban,New Branch,No,Approved
BL101724,48,Wholesale,4.5,384200,227100,155000,0,1130000,5,4,Registered,Yes,4475000,Rural,Business Expansion,No,Approved
BL101725,45,Retail,11.9,103900,60200,42900,1200,501000,3,1,Registered,No,1172000,Semi Urban,Inventory,No,Rejected
BL101726,45,Other Services,16.2,130700,87600,42600,20300,1220000,3,2,Registered,Yes,1504000,Urban,Business Expansion,Yes,Rejected
BL101727,30,Wholesale,10.0,74200,46500,28800,5600,487000,2,1,Registered,Yes,802000,Urban,Working Capital,No,Rejected
BL101728,45,Healthcare,4.3,649400,291300,381700,100000,2717000,7,4,Registered,Yes,7540000,Semi Urban,Business Expansion,No,Approved
BL101729,37,Manufacturing,6.2,114400,64400,47600,15200,299000,2,0,Registered,No,1434000,Urban,Inventory,Yes,Rejected
BL101730,39,Manufacturing,3.4,96400,63800,33300,4800,982000,1,1,Registered,Yes,1148000,Rural,Working Capital,No,Approved
BL101731,38,Healthcare,14.8,186700,113500,70900,2800,1754000,2,0,Registered,Yes,2079000,Semi Urban,Equipment Purchase,No,Approved
BL101732,49,Manufacturing,6.0,213300,158800,47300,0,584000,1,1,Registered,No,2475000,Semi Urban,Business Expansion,Yes,Approved
BL101733,57,IT Services,1.3,296500,171600,138700,6800,1932000,5,4,Unregistered,No,3387000,Urban,Business Expansion,No,Approved
BL101734,32,Construction,9.2,183800,168300,15100,1500,364000,2,1,Registered,Yes,2245000,Urban,Technology Upgrade,No,Rejected
BL101735,50,Manufacturing,6.3,132200,90800,40300,3500,862000,7,0,Registered,No,1453000,Rural,New Branch,Yes,Rejected
BL101736,39,Transport,5.5,156800,108100,51400,300,1122000,5,0,Registered,Yes,1969000,Urban,Working Capital,No,Approved
BL101737,48,Other Services,1.4,138400,84900,60000,20300,898000,5,0,Unregistered,No,1540000,Urban,Technology Upgrade,No,Rejected
BL101738,44,Wholesale,3.3,458700,296100,165000,69500,4307000,2,5,Registered,Yes,6022000,Urban,Business Expansion,Yes,Approved
BL101739,35,Manufacturing,6.7,198000,86000,118800,7100,2732000,10,0,Registered,Yes,2507000,Urban,Business Expansion,No,Approved
BL101740,35,Other Services,10.5,290900,197800,92800,0,2176000,2,3,Registered,Yes,3391000,Rural,Working Capital,Yes,Rejected
BL101741,39,Education,8.2,175300,164100,14600,3100,157000,10,2,Registered,Yes,1974000,Urban,Equipment Purchase,No,Rejected
BL101742,44,Transport,2.9,66400,52900,12400,5300,165000,3,0,Registered,Yes,819000,Rural,Working Capital,Yes,Rejected
BL101743,45,Construction,3.9,532700,249300,274500,100,4033000,5,6,Registered,Yes,6984000,Urban,Working Capital,No,Approved
BL101744,65,Construction,2.6,281600,202100,81100,400,1080000,5,3,Registered,Yes,3379000,Urban,Business Expansion,No,Approved
BL101745,46,IT Services,4.9,250900,185200,72200,0,782000,3,2,Registered,Yes,3014000,Rural,Technology Upgrade,Yes,Approved
BL101746,29,Manufacturing,9.0,55700,48900,6200,1500,137000,3,1,Registered,Yes,649000,Semi Urban,Business Expansion,No,Rejected
BL101747,52,Retail,4.0,182900,105600,80600,4000,1741000,2,2,Registered,Yes,2238000,Rural,Business Expansion,Yes,Rejected
BL101748,46,Retail,4.7,501500,486500,18600,6200,357000,3,4,Registered,Yes,6588000,Semi Urban,Business Expansion,No,Approved
BL101749,40,Retail,5.7,432500,300400,129600,40000,2684000,7,5,Registered,Yes,5139000,Semi Urban,Business Expansion,No,Approved
BL101750,31,Manufacturing,1.7,174500,99900,77100,32700,2263000,3,1,Registered,No,1923000,Rural,Business Expansion,Yes,Rejected
BL101751,39,Retail,6.9,413200,193400,213100,77700,1629000,5,4,Registered,Yes,4966000,Urban,Working Capital,Yes,Approved
BL101752,52,Retail,6.4,510000,338900,181500,0,4025000,1,1,Registered,Yes,6436000,Urban,Business Expansion,No,Approved
BL101753,46,Wholesale,6.5,181200,128100,52200,8300,1328000,2,2,Registered,Yes,2357000,Semi Urban,Business Expansion,No,Approved
BL101754,53,Restaurant,2.6,438400,233000,211700,78500,3489000,1,3,Registered,No,5493000,Rural,Business Expansion,No,Rejected
BL101755,53,Other Services,18.2,426700,324800,103700,0,1393000,7,3,Registered,Yes,5458000,Urban,Business Expansion,Yes,Approved
BL101756,43,Transport,19.0,328800,246100,83300,11900,1596000,5,5,Registered,Yes,3916000,Semi Urban,Business Expansion,Yes,Approved
BL101757,23,Other Services,3.0,348500,237400,87500,18400,2125000,5,0,Registered,Yes,3843000,Semi Urban,Inventory,Yes,Approved
BL101758,33,Retail,0.9,117700,66900,49500,9500,1325000,5,0,Unregistered,No,1287000,Semi Urban,Inventory,Yes,Approved
BL101759,27,Manufacturing,0.3,318400,217300,94800,23200,2076000,1,3,Registered,Yes,3576000,Urban,Working Capital,Yes,Approved
BL101760,54,Healthcare,2.3,184400,169500,16900,1700,362000,3,0,Registered,Yes,2177000,Semi Urban,Inventory,No,Rejected
BL101761,46,Transport,2.5,115600,64700,50400,3000,1386000,7,0,Registered,Yes,1482000,Rural,Working Capital,Yes,Rejected
BL101762,39,Restaurant,5.0,495000,223500,254900,68200,4788000,5,4,Registered,Yes,5934000,Urban,Working Capital,No,Approved
BL101763,36,Healthcare,3.3,185200,117000,70300,12200,1031000,5,3,Registered,Yes,2156000,Urban,Inventory,No,Rejected
BL101764,51,Wholesale,4.0,228800,131500,96500,49900,1015000,5,5,Registered,Yes,2691000,Rural,New Branch,Yes,Rejected
BL101765,33,Education,11.9,216300,95000,121000,4000,1115000,2,2,Registered,Yes,2837000,Urban,Equipment Purchase,Yes,Approved
BL101766,29,Wholesale,3.7,78100,57200,21600,4100,322000,3,1,Registered,Yes,925000,Rural,Equipment Purchase,No,Rejected
BL101767,29,Wholesale,9.0,166500,84700,82600,100,551000,1,1,Registered,Yes,2072000,Urban,Working Capital,No,Approved
BL101768,42,Restaurant,5.9,316200,156500,172400,43900,3676000,5,1,Registered,Yes,4144000,Semi Urban,Working Capital,No,Approved
BL101769,34,Retail,6.2,200500,157700,46500,7900,1256000,2,0,Registered,No,2486000,Urban,Inventory,Yes,Rejected
BL101770,50,Retail,10.6,160900,138700,22400,6200,479000,3,0,Registered,Yes,1951000,Urban,Inventory,Yes,Rejected
BL101771,41,Restaurant,11.9,242800,235500,8900,800,263000,1,4,Registered,Yes,2923000,Urban,Inventory,No,Rejected
BL101772,28,Education,8.0,378700,180800,196300,0,5533000,7,1,Registered,No,4685000,Semi Urban,New Branch,Yes,Approved
BL101773,39,Restaurant,5.8,74600,54500,19400,7600,393000,2,0,Registered,Yes,906000,Semi Urban,New Branch,Yes,Rejected
BL101774,32,Healthcare,4.1,186700,92900,97100,32500,887000,3,1,Registered,Yes,2319000,Urban,New Branch,No,Approved
BL101775,40,Other Services,1.0,201100,138600,69000,23600,739000,3,1,Unregistered,No,2458000,Semi Urban,Inventory,Yes,Approved
BL101776,51,IT Services,11.1,574700,379100,193700,64600,2813000,2,4,Registered,Yes,7551000,Urban,Working Capital,Yes,Approved
BL101777,39,IT Services,9.1,410000,164600,246000,52900,2484000,7,4,Registered,No,5271000,Urban,Inventory,Yes,Rejected
BL101778,35,Education,4.0,86800,65000,20200,5900,322000,2,0,Registered,Yes,957000,Urban,New Branch,Yes,Rejected
BL101779,45,Wholesale,3.7,444100,301900,148000,9500,4421000,3,3,Registered,Yes,5678000,Semi Urban,Business Expansion,No,Approved
BL101780,37,Healthcare,12.3,181600,137800,40400,5600,1209000,7,0,Registered,No,2039000,Urban,Business Expansion,Yes,Rejected
BL101781,45,Construction,0.3,75700,39100,36900,13700,888000,3,0,Registered,Yes,867000,Urban,Equipment Purchase,Yes,Rejected
BL101782,44,Restaurant,5.9,88800,84800,4800,2400,100000,5,0,Registered,Yes,1002000,Urban,Equipment Purchase,Yes,Rejected
BL101783,31,Transport,5.1,451000,322200,140700,35100,3722000,5,4,Registered,Yes,5295000,Rural,Working Capital,No,Approved
BL101784,29,Retail,9.0,261100,188900,61500,0,1789000,3,0,Registered,No,3040000,Semi Urban,Working Capital,Yes,Approved
BL101785,37,Wholesale,9.0,110200,94700,19000,4800,501000,3,0,Registered,No,1429000,Semi Urban,Working Capital,No,Rejected
BL101786,44,Retail,2.1,513900,348500,177900,73400,3847000,3,1,Registered,No,6223000,Rural,Inventory,No,Approved
BL101787,56,Wholesale,3.6,304300,171500,136000,21000,2405000,1,1,Registered,No,3521000,Urban,Inventory,Yes,Approved
BL101788,30,Healthcare,6.5,170500,140100,29400,1500,441000,5,0,Registered,Yes,2078000,Semi Urban,Business Expansion,Yes,Rejected
BL101789,31,Retail,3.7,237900,157100,85900,29600,1418000,3,1,Registered,Yes,2874000,Urban,Working Capital,Yes,Approved
BL101790,49,IT Services,1.8,117500,94700,27200,4000,268000,1,1,Registered,Yes,1544000,Urban,Business Expansion,Yes,Rejected
BL101791,42,Wholesale,2.4,659700,438600,217600,31700,2677000,10,4,Registered,No,7445000,Semi Urban,Business Expansion,No,Approved
BL101792,39,Manufacturing,16.5,97600,93900,6500,0,158000,3,0,Registered,No,1233000,Urban,Business Expansion,No,Rejected
BL101793,46,Retail,4.1,91800,61800,31800,0,679000,1,0,Registered,Yes,1004000,Urban,Working Capital,No,Rejected
BL101794,52,Retail,7.6,223400,133400,95600,31100,1298000,3,0,Registered,No,2616000,Urban,Inventory,No,Approved
BL101795,50,Manufacturing,0.7,1119600,808600,328700,4800,6025000,5,5,Registered,Yes,13233000,Urban,Working Capital,Yes,Approved
BL101796,34,Restaurant,10.2,85500,52700,32800,15300,490000,2,3,Registered,Yes,1116000,Semi Urban,Inventory,No,Rejected
BL101797,44,IT Services,7.8,324200,183200,133400,66600,1566000,1,3,Registered,Yes,3588000,Rural,Equipment Purchase,Yes,Approved
BL101798,51,Healthcare,10.8,207300,176800,28500,1200,244000,10,3,Registered,No,2474000,Urban,Working Capital,No,Approved
BL101799,38,IT Services,1.6,252600,129400,126700,12200,2375000,5,1,Registered,No,2896000,Urban,Business Expansion,Yes,Approved
BL101800,44,Retail,18.8,394400,320200,72700,22200,1534000,3,3,Registered,Yes,4261000,Semi Urban,Business Expansion,Yes,Approved
BL101801,35,Restaurant,13.0,131800,116800,10000,4300,100000,5,0,Registered,Yes,1452000,Semi Urban,Equipment Purchase,Yes,Rejected
BL101802,32,Restaurant,1.6,170300,107900,60400,13600,418000,2,2,Registered,Yes,2000000,Semi Urban,Working Capital,No,Rejected
BL101803,44,Wholesale,3.6,131500,93700,34900,3600,366000,5,0,Registered,No,1665000,Semi Urban,Inventory,Yes,Approved
BL101804,49,Transport,7.8,460900,262400,200900,28500,4822000,1,6,Registered,Yes,6046000,Urban,Equipment Purchase,No,Approved
BL101805,47,Retail,1.7,426500,352500,81400,17600,1922000,2,1,Registered,Yes,5112000,Semi Urban,Inventory,No,Rejected
BL101806,28,Wholesale,8.0,101300,51600,50200,6000,804000,1,2,Registered,Yes,1337000,Semi Urban,Inventory,Yes,Approved
BL101807,52,Manufacturing,9.8,249800,201600,40800,15600,1222000,2,3,Registered,Yes,2723000,Urban,Working Capital,Yes,Rejected
BL101808,46,Construction,3.7,373000,253000,117200,11200,2126000,7,4,Registered,Yes,4050000,Urban,Working Capital,No,Approved
BL101809,51,Restaurant,8.9,76600,43400,31600,8500,688000,3,1,Registered,No,897000,Semi Urban,Equipment Purchase,Yes,Approved
BL101810,32,Education,3.8,457200,268100,187900,59100,3541000,1,4,Registered,Yes,5299000,Urban,Technology Upgrade,Yes,Approved
BL101811,48,IT Services,16.7,191200,141600,52600,10600,1491000,10,0,Registered,Yes,2202000,Urban,Equipment Purchase,Yes,Rejected
BL101812,46,Restaurant,6.4,151400,79000,72700,12100,660000,3,0,Registered,No,1955000,Urban,New Branch,No,Approved
BL101813,29,Retail,7.5,459600,343900,116100,22800,850000,2,3,Registered,Yes,5579000,Urban,Working Capital,Yes,Approved
BL101814,45,Retail,2.4,391800,273900,130400,9000,2504000,3,2,Registered,Yes,4585000,Urban,Business Expansion,Yes,Rejected
BL101815,31,Transport,4.4,87400,54700,31200,9900,678000,1,0,Registered,Yes,949000,Semi Urban,Equipment Purchase,Yes,Rejected
BL101816,41,Wholesale,12.2,306400,226800,86600,15600,2261000,3,1,Registered,Yes,3328000,Rural,Working Capital,Yes,Approved
BL101817,61,Wholesale,4.7,299100,171300,126100,20500,2239000,3,1,Registered,Yes,3320000,Urban,Equipment Purchase,Yes,Approved
BL101818,43,Retail,2.2,53700,34400,22000,800,221000,7,0,Registered,Yes,612000,Semi Urban,Business Expansion,Yes,Rejected
BL101819,40,Retail,1.6,278400,174400,105700,52000,1552000,5,1,Registered,No,3029000,Semi Urban,Working Capital,Yes,Rejected
BL101820,27,IT Services,6.9,155200,79400,70300,23100,1740000,5,2,Registered,No,1745000,Semi Urban,New Branch,No,Rejected
BL101821,43,Other Services,1.1,391400,247800,140800,0,1816000,10,3,Registered,No,4275000,Urban,Working Capital,Yes,Approved
BL101822,39,IT Services,0.5,119000,56300,59700,17000,1589000,2,0,Registered,Yes,1539000,Urban,Technology Upgrade,No,Rejected
BL101823,23,Education,3.0,214000,129300,93900,10200,834000,3,1,Registered,No,2598000,Rural,Equipment Purchase,Yes,Rejected
BL101824,31,Other Services,0.5,144200,65100,77100,4900,1248000,5,0,Unregistered,No,1702000,Semi Urban,Inventory,No,Rejected
BL101825,49,Retail,6.4,135800,73800,65400,5900,1510000,3,0,Registered,Yes,1580000,Rural,Working Capital,No,Rejected
BL101826,52,Other Services,5.7,53500,29800,24700,6900,360000,2,2,Registered,Yes,691000,Urban,Working Capital,Yes,Rejected
BL101827,41,Construction,3.6,376700,275200,92800,16600,2034000,2,3,Registered,Yes,4385000,Semi Urban,Working Capital,Yes,Approved
BL101828,50,Retail,5.5,398900,220100,166700,32100,4936000,1,0,Registered,Yes,4698000,Urban,Inventory,Yes,Approved
BL101829,41,Construction,8.4,207600,106700,105000,25500,738000,2,0,Registered,Yes,2280000,Rural,Business Expansion,Yes,Rejected
BL101830,34,IT Services,14.0,248300,155600,91000,31000,617000,5,1,Registered,No,3188000,Semi Urban,Working Capital,Yes,Approved
BL101831,60,Retail,4.8,128000,118200,9800,5400,200000,7,1,Registered,Yes,1474000,Urban,Business Expansion,Yes,Rejected
BL101832,28,Manufacturing,6.5,378900,174600,205600,33000,5933000,5,4,Registered,No,4698000,Urban,Inventory,No,Approved
BL101833,44,Construction,2.1,230500,176900,40200,5500,714000,10,1,Registered,No,2539000,Semi Urban,Business Expansion,Yes,Rejected
BL101834,35,Restaurant,6.4,206400,149200,56900,12300,977000,10,1,Registered,No,2387000,Semi Urban,Working Capital,Yes,Approved
BL101835,39,Other Services,5.0,480600,455900,35700,10900,408000,2,2,Registered,Yes,5354000,Semi Urban,Working Capital,No,Approved
BL101836,55,Healthcare,7.7,91100,65200,22700,8300,335000,5,0,Registered,Yes,1148000,Rural,Working Capital,Yes,Rejected
BL101837,41,Wholesale,1.9,62000,42300,20700,1000,126000,5,0,Registered,Yes,778000,Urban,Business Expansion,Yes,Rejected
BL101838,38,Transport,18.0,259600,177100,81400,45900,1513000,1,0,Registered,No,3258000,Urban,Inventory,Yes,Approved
BL101839,36,Education,4.0,175400,118000,53400,1200,1366000,3,1,Registered,Yes,1986000,Semi Urban,Working Capital,No,Rejected
BL101840,46,Restaurant,6.9,100600,77300,24000,8000,594000,5,0,Registered,Yes,1232000,Semi Urban,Equipment Purchase,Yes,Rejected
BL101841,32,Healthcare,0.3,220400,133900,86400,27000,1432000,3,0,Unregistered,No,2432000,Urban,New Branch,No,Rejected
BL101842,41,IT Services,5.7,247200,239800,14100,0,233000,3,1,Registered,Yes,2774000,Semi Urban,Equipment Purchase,No,Approved
BL101843,39,Education,7.1,336900,265900,67200,16200,1496000,3,5,Registered,Yes,4418000,Urban,Equipment Purchase,Yes,Approved
BL101844,34,Retail,11.4,102600,67000,38200,0,1087000,2,1,Registered,Yes,1233000,Urban,Business Expansion,No,Approved
BL101845,28,Construction,7.7,155500,100300,55100,4200,1312000,1,1,Registered,No,1920000,Semi Urban,Inventory,Yes,Rejected
BL101846,41,Healthcare,15.4,237900,160700,79300,15100,1425000,1,3,Registered,Yes,2612000,Urban,Working Capital,No,Approved
BL101847,37,Transport,12.0,386600,259700,124200,27500,3459000,3,0,Registered,Yes,4363000,Semi Urban,Working Capital,Yes,Approved
BL101848,43,Restaurant,1.4,343200,261200,75400,29200,2240000,3,3,Unregistered,No,4459000,Urban,Working Capital,Yes,Approved
BL101849,23,Retail,3.0,147900,106000,44700,4300,1037000,10,2,Registered,No,1623000,Rural,Working Capital,No,Approved
BL101850,36,Construction,4.4,271400,235600,35500,9000,983000,7,0,Registered,Yes,3279000,Semi Urban,Business Expansion,Yes,Rejected
BL101851,48,Retail,5.5,145500,80500,64000,21700,1829000,3,0,Registered,Yes,1862000,Urban,Equipment Purchase,Yes,Approved
BL101852,26,Healthcare,1.2,155200,104600,53700,10300,1057000,10,1,Registered,Yes,2004000,Semi Urban,New Branch,No,Rejected
BL101853,57,Wholesale,10.9,164900,91000,78800,15700,1029000,2,1,Registered,Yes,1886000,Urban,Business Expansion,Yes,Approved
BL101854,44,IT Services,4.8,135200,83400,50400,0,1189000,2,0,Registered,Yes,1486000,Urban,Working Capital,No,Rejected
BL101855,39,Manufacturing,5.0,308900,188900,130100,0,1298000,3,3,Registered,Yes,3526000,Semi Urban,Working Capital,No,Approved
BL101856,42,Retail,6.0,347500,271200,70900,5200,994000,3,4,Registered,Yes,4245000,Semi Urban,Business Expansion,Yes,Rejected
BL101857,33,Education,9.9,156300,93100,63900,26100,994000,3,0,Registered,Yes,1923000,Urban,Working Capital,Yes,Rejected
BL101858,53,Transport,14.6,220600,189900,34500,14100,909000,1,3,Registered,No,2727000,Semi Urban,Working Capital,No,Rejected
BL101859,42,Construction,1.1,157800,137000,9900,3800,162000,5,1,Registered,Yes,1829000,Urban,New Branch,Yes,Rejected
BL101860,41,Other Services,4.2,113300,87500,23600,6000,494000,2,0,Registered,Yes,1361000,Semi Urban,Business Expansion,No,Rejected
BL101861,50,Manufacturing,2.4,103300,54900,47500,13200,1270000,3,0,Registered,Yes,1193000,Semi Urban,Working Capital,Yes,Rejected
BL101862,44,Retail,11.3,567500,491600,78900,10900,731000,7,6,Registered,No,7343000,Urban,Working Capital,Yes,Approved
BL101863,34,IT Services,9.2,127200,79300,47900,6900,1065000,7,1,Registered,Yes,1378000,Rural,Technology Upgrade,Yes,Approved
BL101864,40,IT Services,7.6,291000,185200,91400,0,2031000,3,3,Registered,No,3370000,Urban,Technology Upgrade,No,Approved
BL101865,46,Retail,5.2,251200,187600,61600,14300,1183000,3,1,Registered,Yes,3171000,Urban,Technology Upgrade,No,Rejected
BL101866,41,IT Services,10.0,97300,55300,38900,10500,1080000,5,0,Registered,Yes,1284000,Urban,Working Capital,Yes,Rejected
BL101867,28,Wholesale,6.4,256400,215900,37300,4000,698000,5,1,Registered,Yes,2997000,Semi Urban,Working Capital,No,Approved
BL101868,53,Retail,8.3,237300,185900,49700,16700,486000,2,2,Registered,Yes,2750000,Urban,Business Expansion,Yes,Approved
BL101869,42,Construction,13.6,195900,190000,6700,2600,148000,3,1,Registered,No,2464000,Urban,New Branch,No,Rejected
BL101870,37,Restaurant,8.4,153000,110000,41600,1300,666000,3,2,Registered,Yes,1969000,Semi Urban,Working Capital,Yes,Approved
BL101871,46,Wholesale,5.0,198500,131500,67100,36700,1999000,3,2,Registered,Yes,2398000,Rural,Inventory,No,Rejected
BL101872,36,Transport,3.0,264000,248300,12800,3600,327000,2,1,Registered,Yes,3375000,Urban,Business Expansion,No,Rejected
BL101873,27,Restaurant,3.0,118600,51900,67500,29200,627000,5,1,Registered,Yes,1532000,Semi Urban,Working Capital,No,Rejected
BL101874,41,Construction,3.9,470800,334100,124300,12000,1859000,5,2,Registered,No,5457000,Semi Urban,Equipment Purchase,Yes,Approved
BL101875,47,Transport,7.5,300200,198800,100900,42100,986000,5,1,Registered,Yes,3455000,Semi Urban,Equipment Purchase,Yes,Approved
BL101876,38,Retail,14.4,46900,39400,6400,1900,177000,5,0,Registered,Yes,518000,Semi Urban,Working Capital,No,Rejected
BL101877,38,Retail,2.7,173800,168600,3800,600,100000,1,1,Registered,Yes,1931000,Semi Urban,Working Capital,Yes,Rejected
BL101878,39,Retail,13.1,713400,422500,293700,10300,4605000,2,4,Registered,No,8640000,Rural,Working Capital,No,Approved
BL101879,40,Education,3.5,246400,204600,37300,7500,408000,3,0,Registered,Yes,2724000,Rural,Technology Upgrade,Yes,Rejected
BL101880,42,Restaurant,14.6,128700,110800,17500,5500,296000,3,1,Registered,Yes,1617000,Semi Urban,Equipment Purchase,Yes,Rejected
BL101881,48,Wholesale,3.6,291800,248300,41300,8700,1033000,5,3,Registered,Yes,3478000,Urban,Working Capital,Yes,Approved
BL101882,47,Wholesale,3.3,55800,39700,18400,3900,121000,1,0,Registered,Yes,718000,Rural,Business Expansion,No,Rejected
BL101883,59,IT Services,1.3,233600,180600,54600,6900,672000,3,2,Unregistered,No,2896000,Urban,New Branch,Yes,Approved
BL101884,56,IT Services,4.2,147100,81800,66700,100,1740000,2,0,Registered,Yes,1719000,Urban,Business Expansion,Yes,Approved
BL101885,33,Restaurant,3.8,204000,185800,14600,3300,190000,5,1,Registered,Yes,2316000,Urban,Technology Upgrade,No,Rejected
BL101886,38,Manufacturing,8.4,89500,48300,36700,2200,493000,2,0,Registered,No,1047000,Rural,Working Capital,No,Rejected
BL101887,47,Manufacturing,2.8,153500,85000,66600,22800,852000,3,1,Registered,Yes,1824000,Rural,Working Capital,Yes,Approved
BL101888,24,Transport,4.0,41500,26700,13400,4400,300000,7,1,Registered,Yes,525000,Urban,Equipment Purchase,Yes,Rejected
BL101889,43,Construction,3.8,137100,83100,54500,24500,1485000,5,3,Registered,Yes,1585000,Urban,Equipment Purchase,Yes,Rejected
BL101890,33,Manufacturing,10.5,213800,157500,57400,8200,862000,3,1,Registered,No,2395000,Urban,Business Expansion,No,Rejected
BL101891,40,Retail,9.5,387800,247800,141400,27400,4147000,3,6,Registered,Yes,4734000,Rural,Business Expansion,Yes,Approved
BL101892,41,Healthcare,8.8,872100,494500,375800,0,3636000,1,11,Registered,Yes,10234000,Urban,Inventory,Yes,Approved
BL101893,25,Retail,0.4,121600,65000,54400,6400,1464000,7,0,Registered,No,1425000,Urban,Equipment Purchase,Yes,Rejected
BL101894,62,Wholesale,2.7,269300,224700,40500,8100,587000,3,4,Registered,No,3135000,Semi Urban,Technology Upgrade,No,Approved
BL101895,36,IT Services,11.1,162500,121700,42100,8900,424000,2,1,Registered,No,1955000,Urban,Inventory,Yes,Rejected
BL101896,53,Construction,3.4,166100,84900,87700,12500,1955000,3,2,Registered,Yes,1977000,Urban,Technology Upgrade,No,Approved
BL101897,26,Healthcare,6.0,209700,160000,50600,5400,610000,2,0,Registered,Yes,2732000,Semi Urban,Equipment Purchase,Yes,Approved
BL101898,35,Other Services,1.5,180700,115400,66500,15700,622000,7,1,Unregistered,Not Applicable,2071000,Urban,Working Capital,Yes,Approved
BL101899,48,Manufacturing,8.1,609500,289400,342900,53200,6091000,1,6,Registered,Yes,7038000,Urban,Inventory,Yes,Approved
BL101900,38,Retail,7.4,166200,86200,79900,31700,818000,3,0,Registered,Yes,1920000,Urban,Working Capital,No,Rejected
BL101901,48,Wholesale,7.6,100100,81300,16900,4000,313000,5,0,Registered,Yes,1304000,Urban,New Branch,Yes,Rejected
BL101902,46,IT Services,15.6,221900,189900,33600,4000,955000,1,2,Registered,Yes,2413000,Rural,Working Capital,No,Approved
BL101903,33,IT Services,2.4,104400,80500,27300,9900,166000,3,0,Registered,Yes,1142000,Rural,Business Expansion,Yes,Rejected
BL101904,51,Healthcare,10.5,159300,93100,69000,3400,1022000,3,1,Registered,Yes,2060000,Urban,Working Capital,Yes,Approved
BL101905,46,Restaurant,6.6,375400,280400,96500,13600,2007000,5,4,Registered,No,4254000,Rural,Working Capital,Yes,Approved
BL101906,27,Wholesale,7.0,171300,127400,37300,1600,661000,7,2,Registered,Yes,2097000,Rural,Working Capital,Yes,Approved
BL101907,41,Retail,4.0,271600,96400,163000,26400,3286000,1,2,Registered,No,3198000,Semi Urban,Working Capital,No,Approved
BL101908,46,Healthcare,12.1,175300,132500,44000,17900,289000,2,0,Registered,No,1974000,Rural,Working Capital,No,Rejected
BL101909,39,IT Services,16.9,232500,163900,67000,15300,1260000,5,3,Registered,Yes,2994000,Rural,New Branch,Yes,Rejected
BL101910,41,Restaurant,2.6,130900,127000,3600,0,100000,10,2,Registered,Yes,1574000,Urban,Inventory,No,Rejected
BL101911,45,IT Services,3.7,323500,303600,26200,3700,534000,10,2,Registered,Yes,3932000,Urban,Technology Upgrade,No,Approved
BL101912,26,Manufacturing,6.0,90200,60400,27500,6600,193000,10,0,Registered,Yes,977000,Urban,Working Capital,Yes,Rejected
BL101913,38,Wholesale,8.5,123000,90800,30700,7500,262000,7,4,Registered,Yes,1498000,Semi Urban,Working Capital,No,Rejected
BL101914,37,Manufacturing,4.9,208700,145300,68400,11900,1541000,2,0,Registered,Yes,2318000,Urban,Equipment Purchase,Yes,Rejected
BL101915,47,Restaurant,6.9,326000,201900,115900,36600,1100000,7,1,Registered,Yes,4235000,Semi Urban,Business Expansion,Yes,Rejected
BL101916,35,Retail,4.8,225700,113500,117400,33800,1577000,2,0,Registered,Yes,2682000,Urban,Equipment Purchase,Yes,Approved
BL101917,58,Restaurant,4.9,270400,160400,111900,19800,1867000,3,1,Registered,No,3546000,Urban,Technology Upgrade,Yes,Approved
BL101918,35,IT Services,3.4,95700,59400,36100,8500,598000,5,1,Registered,Yes,1115000,Urban,Inventory,No,Rejected
BL101919,30,Healthcare,9.2,164400,137300,27600,4900,202000,5,0,Registered,Yes,1958000,Rural,New Branch,Yes,Approved
BL101920,51,Transport,3.7,229400,162300,68800,14300,1158000,2,1,Registered,Yes,2487000,Semi Urban,Working Capital,No,Approved
BL101921,46,Retail,1.3,205600,124700,83600,19100,1348000,5,2,Unregistered,No,2228000,Rural,Business Expansion,Yes,Rejected
BL101922,44,Transport,5.9,103900,60700,39000,13700,498000,1,0,Registered,No,1289000,Urban,Inventory,No,Rejected
BL101923,38,IT Services,7.5,119900,88400,34500,9300,635000,10,2,Registered,No,1296000,Urban,Inventory,No,Approved
BL101924,37,IT Services,2.1,183700,117400,67200,13500,1581000,3,1,Registered,Yes,2404000,Semi Urban,Working Capital,Yes,Approved
BL101925,44,Retail,6.7,311100,169000,149300,20800,4451000,3,3,Registered,Yes,4084000,Semi Urban,Equipment Purchase,No,Rejected
BL101926,35,Wholesale,2.1,700900,391900,315300,94400,9225000,2,4,Registered,Yes,7967000,Urban,Working Capital,Yes,Approved
BL101927,56,Retail,2.9,103300,93900,13900,3400,313000,10,0,Registered,No,1317000,Urban,Equipment Purchase,Yes,Rejected
BL101928,42,Manufacturing,3.2,204900,136000,66000,12200,769000,5,1,Registered,Yes,2631000,Semi Urban,New Branch,No,Approved
BL101929,38,Healthcare,8.8,107800,88700,22600,3500,586000,5,0,Registered,No,1198000,Rural,Inventory,No,Rejected
BL101930,36,Retail,2.4,195900,88300,104200,21900,1459000,5,1,Registered,No,2498000,Semi Urban,Equipment Purchase,Yes,Approved
BL101931,29,Healthcare,9.0,157800,131600,27900,2800,296000,7,1,Registered,Yes,2031000,Urban,Inventory,Yes,Approved
BL101932,47,IT Services,12.8,254000,198400,61000,0,842000,3,1,Registered,Yes,2970000,Semi Urban,Inventory,No,Approved
BL101933,33,Restaurant,2.9,60300,48000,12300,5400,100000,10,0,Registered,Yes,752000,Urban,Business Expansion,Yes,Rejected
BL101934,39,Wholesale,8.5,162900,76900,79700,35100,1234000,2,1,Registered,No,1864000,Semi Urban,Inventory,No,Approved
BL101935,63,Manufacturing,7.5,212200,145200,67600,15000,1705000,5,0,Registered,Yes,2585000,Semi Urban,New Branch,No,Approved
BL101936,24,Healthcare,4.0,224800,128900,93800,26400,580000,5,0,Registered,Yes,2730000,Urban,Business Expansion,No,Approved
BL101937,39,Retail,13.3,242100,127800,118700,19900,713000,10,1,Registered,Yes,2685000,Rural,Equipment Purchase,Yes,Approved
BL101938,28,Transport,4.5,218600,95200,119500,33300,1222000,7,0,Registered,Yes,2849000,Urban,Business Expansion,Yes,Approved
BL101939,35,Healthcare,6.7,422600,228200,189800,41500,2033000,10,2,Registered,Yes,5516000,Urban,Equipment Purchase,No,Approved
BL101940,39,Manufacturing,8.1,441500,234200,201400,46700,4321000,5,3,Registered,Yes,5772000,Urban,Equipment Purchase,No,Approved
BL101941,28,Healthcare,0.8,175300,137100,37100,2100,365000,5,2,Unregistered,No,2119000,Rural,Working Capital,Yes,Approved
BL101942,44,IT Services,10.0,145500,87500,58200,27400,906000,3,1,Registered,Yes,1659000,Urban,Business Expansion,No,Rejected
BL101943,53,Other Services,17.6,224200,147900,78900,2900,1682000,3,1,Registered,Yes,2819000,Semi Urban,Working Capital,Yes,Rejected
BL101944,43,Restaurant,0.9,322700,269800,56100,18500,664000,5,5,Registered,Yes,3998000,Urban,New Branch,No,Approved
BL101945,48,Restaurant,7.0,203800,140500,58100,4800,585000,2,3,Registered,Yes,2629000,Urban,Equipment Purchase,No,Rejected
BL101946,55,Education,5.1,103400,60700,40900,0,1116000,2,0,Registered,Yes,1328000,Urban,Working Capital,Yes,Rejected
BL101947,45,Transport,7.5,353500,249800,99600,34400,1122000,3,2,Registered,Yes,4054000,Semi Urban,New Branch,Yes,Approved
BL101948,23,Healthcare,3.0,252000,145700,104500,23900,2867000,7,0,Registered,Yes,3075000,Urban,New Branch,Yes,Rejected
BL101949,42,IT Services,3.4,571100,258000,303200,0,8711000,1,4,Registered,Yes,6769000,Semi Urban,Equipment Purchase,No,Approved
BL101950,23,IT Services,3.0,126900,92500,32500,9900,919000,2,3,Registered,Yes,1654000,Semi Urban,Business Expansion,Yes,Rejected
BL101951,33,Other Services,13.0,229300,175200,60000,9000,1054000,7,2,Registered,Yes,2701000,Semi Urban,Equipment Purchase,Yes,Approved
BL101952,27,Wholesale,7.0,257700,168700,90600,43300,2112000,3,1,Registered,No,2822000,Urban,Working Capital,Yes,Approved
BL101953,42,Construction,9.3,173800,115200,54800,0,653000,3,4,Registered,No,2081000,Rural,Business Expansion,Yes,Approved
BL101954,32,Other Services,4.6,112600,70400,43100,4800,325000,1,1,Registered,Yes,1278000,Urban,Technology Upgrade,No,Approved
BL101955,43,Construction,4.2,235300,207300,26100,8600,482000,5,1,Registered,No,2547000,Urban,Business Expansion,No,Rejected
BL101956,47,Construction,7.1,153600,110400,48900,6900,413000,5,2,Registered,No,1995000,Semi Urban,Working Capital,No,Rejected
BL101957,31,Retail,7.2,202100,134100,65500,5400,1617000,2,2,Registered,Yes,2509000,Urban,Working Capital,Yes,Rejected
BL101958,42,Manufacturing,11.1,203800,164200,37600,9000,683000,5,0,Registered,Yes,2258000,Urban,Working Capital,Yes,Approved
BL101959,23,Healthcare,3.0,105400,86200,18600,6900,140000,10,1,Registered,No,1234000,Urban,Working Capital,Yes,Approved
BL101960,27,Other Services,7.0,153200,113000,36800,7300,856000,3,1,Registered,No,1757000,Urban,Equipment Purchase,No,Approved
BL101961,51,IT Services,1.3,155500,125300,31600,5500,558000,2,0,Registered,Yes,1984000,Urban,Inventory,Yes,Approved
BL101962,32,Construction,9.1,207000,155700,51500,4700,881000,5,2,Registered,Yes,2582000,Semi Urban,Business Expansion,No,Rejected
BL101963,35,Retail,9.3,264300,181400,84700,11600,1652000,2,0,Registered,Yes,2924000,Urban,Inventory,No,Approved
BL101964,33,Retail,12.8,241100,195100,46100,1700,1149000,2,2,Registered,Yes,2608000,Rural,Equipment Purchase,Yes,Approved
BL101965,24,Retail,0.9,335300,187300,149200,57900,1399000,5,1,Unregistered,Not Applicable,4281000,Rural,Technology Upgrade,Yes,Approved
BL101966,31,Retail,11.0,218400,121400,104100,32400,908000,7,1,Registered,Yes,2848000,Urban,Equipment Purchase,Yes,Approved
BL101967,40,Retail,5.4,659000,490600,175600,2100,1775000,3,3,Registered,Yes,8638000,Rural,New Branch,No,Approved
BL101968,37,Retail,4.3,251200,148700,93500,11100,1246000,5,1,Registered,Yes,2785000,Semi Urban,Working Capital,No,Approved
BL101969,50,Transport,10.4,89300,70300,19600,6200,470000,5,2,Registered,No,1048000,Urban,Inventory,No,Rejected
BL101970,34,IT Services,4.9,157500,112200,49000,14800,992000,5,3,Registered,Yes,1747000,Semi Urban,Working Capital,Yes,Rejected
BL101971,40,Wholesale,8.1,1350900,1282200,27000,5100,202000,2,7,Registered,No,17619000,Semi Urban,Business Expansion,Yes,Approved
BL101972,35,Restaurant,8.2,89000,49100,37800,6300,971000,1,2,Registered,No,1058000,Semi Urban,Inventory,Yes,Approved
BL101973,48,IT Services,25.2,264900,212200,55900,11400,396000,5,3,Registered,Yes,3439000,Urban,Inventory,Yes,Approved
BL101974,27,Retail,7.0,771100,474700,311400,42800,3415000,10,2,Registered,Yes,9168000,Urban,Equipment Purchase,Yes,Approved
BL101975,44,Transport,12.2,95300,68400,27200,9900,743000,10,1,Registered,No,1050000,Semi Urban,New Branch,Yes,Rejected
BL101976,44,Retail,3.2,515500,399300,120700,37400,1738000,7,3,Registered,Yes,6010000,Semi Urban,Inventory,No,Approved
BL101977,33,Education,8.5,515000,376700,152400,37700,2160000,10,2,Registered,Yes,6763000,Rural,Equipment Purchase,Yes,Rejected
BL101978,39,Restaurant,2.4,169600,126500,41400,1700,436000,2,3,Registered,Yes,2188000,Rural,Equipment Purchase,No,Approved
BL101979,43,Manufacturing,5.9,64900,47700,16000,1800,165000,1,0,Registered,Yes,781000,Urban,Inventory,Yes,Rejected
BL101980,34,Manufacturing,4.8,289900,188100,100300,11100,675000,2,3,Registered,No,3360000,Urban,Working Capital,No,Approved
BL101981,34,Retail,14.0,190800,151000,40500,6100,1068000,5,3,Registered,Yes,2136000,Urban,Working Capital,Yes,Rejected
BL101982,29,Manufacturing,5.3,180000,143700,37400,8600,880000,3,2,Registered,Yes,2004000,Urban,Working Capital,Yes,Rejected
BL101983,58,Other Services,11.5,301200,191800,114100,50300,1714000,10,3,Registered,Yes,3366000,Urban,Equipment Purchase,No,Approved
BL101984,36,Retail,6.6,202900,117400,92300,21300,2227000,2,0,Registered,Yes,2450000,Semi Urban,New Branch,Yes,Approved
BL101985,29,IT Services,9.0,77800,55700,22400,0,286000,2,1,Registered,Yes,971000,Urban,Business Expansion,No,Rejected
BL101986,24,Restaurant,0.7,187900,133000,50200,15400,713000,1,2,Registered,Yes,2163000,Urban,Business Expansion,No,Rejected
BL101987,33,Healthcare,5.7,250400,118100,128400,200,3495000,2,5,Registered,Yes,3296000,Urban,Business Expansion,No,Approved
BL101988,42,Transport,11.3,270800,192300,79200,21500,902000,3,1,Registered,Yes,3228000,Urban,Business Expansion,No,Approved
BL101989,38,Retail,11.4,433600,249700,196500,27200,5208000,3,4,Registered,No,5303000,Urban,Inventory,Yes,Approved
BL101990,43,Retail,9.7,62900,27100,36600,10600,436000,1,0,Registered,No,760000,Urban,Technology Upgrade,No,Rejected
BL101991,46,Transport,4.3,369100,269900,92600,26200,2582000,5,2,Registered,No,4669000,Semi Urban,Equipment Purchase,Yes,Approved
BL101992,39,Construction,9.8,160000,83700,74200,17000,851000,2,1,Registered,Yes,2087000,Rural,Equipment Purchase,Yes,Rejected
BL101993,39,Transport,8.9,225100,190800,33000,1600,429000,1,3,Registered,Yes,2889000,Rural,New Branch,No,Approved
BL101994,54,Transport,7.0,338900,265100,74300,8200,1431000,3,3,Registered,Yes,4079000,Urban,New Branch,Yes,Approved
BL101995,47,Healthcare,10.8,127600,90900,36000,10100,389000,10,1,Registered,Yes,1665000,Urban,Working Capital,Yes,Approved
BL101996,43,IT Services,2.8,159800,137600,19400,4500,128000,7,1,Registered,Yes,1886000,Urban,Business Expansion,No,Rejected
BL101997,37,Restaurant,5.7,282100,227200,50700,24200,671000,2,1,Registered,No,3097000,Urban,Working Capital,Yes,Rejected
BL101998,46,Healthcare,1.5,141000,79500,61300,13700,1003000,2,1,Unregistered,No,1568000,Semi Urban,Inventory,No,Rejected
BL101999,43,Restaurant,1.9,245300,199100,47200,15100,297000,5,0,Registered,No,3210000,Rural,Inventory,Yes,Rejected
