Application_ID,Age,Education_Level,Course_Type,Course_Duration,Institution_Type,Institution_Location,Admission_Status,Annual_Course_Fee,Total_Education_Cost,Loan_Amount,Family_Monthly_Income,Family_Existing_EMI,Number_of_Dependents,Previous_Academic_Performance,Co_Applicant_Occupation,Co_Applicant_Monthly_Income,Loan_Approval
EL100000,21,Professional Course,Computer Science,4,University,Semi Urban,Confirmed,252000,1153000,558000,32800,5500,4,Excellent,Salaried,37900,Approved
EL100001,21,Postgraduate,Engineering,5,Private,Semi Urban,Confirmed,212000,1183000,1100000,52600,15900,4,Average,Not Applicable,0,Rejected
EL100002,18,Undergraduate,Medical,4,Government,Urban,Confirmed,480000,2084000,1569000,44500,5600,2,Good,Salaried,23600,Rejected
EL100003,17,Undergraduate,Law,5,Private,Urban,Confirmed,204000,1097000,894000,75100,17800,4,Excellent,Private Employee,38100,Rejected
EL100004,23,Diploma,Engineering,3,College,Semi Urban,Confirmed,179000,668000,523000,13800,1200,4,Good,Salaried,28000,Rejected
EL100005,26,Undergraduate,Management,1,Private,Semi Urban,Confirmed,551000,632000,411000,75400,21300,3,Good,Self Employed,10600,Approved
EL100006,23,Diploma,Engineering,3,University,Urban,Confirmed,141000,450000,264000,74500,19400,4,Average,Business Owner,21200,Approved
EL100007,22,Professional Course,Computer Science,4,Private,Rural,Confirmed,211000,1039000,670000,46200,10700,2,Below Average,Private Employee,46000,Approved
EL100008,17,Undergraduate,Science,4,Private,Urban,Confirmed,135000,670000,351000,52100,7100,0,Excellent,Salaried,16000,Approved
EL100009,24,Undergraduate,Management,4,Government,Urban,Confirmed,233000,1023000,821000,54100,6000,3,Good,Private Employee,15800,Rejected
EL100010,23,Undergraduate,Science,3,Private,Urban,Confirmed,143000,478000,347000,25600,2500,1,Average,Government Employee,26600,Rejected
EL100011,24,Postgraduate,Management,3,Government,Semi Urban,Provisional,287000,1069000,556000,41200,1700,4,Average,Salaried,9000,Rejected
EL100012,25,Postgraduate,Law,5,Private,Urban,Confirmed,283000,1490000,980000,62600,10800,2,Average,Salaried,44400,Approved
EL100013,27,Undergraduate,Science,2,Private,Semi Urban,Confirmed,98000,219000,186000,16400,1800,2,Average,Professional,42300,Approved
EL100014,17,Postgraduate,Engineering,2,College,Urban,Confirmed,147000,334000,315000,50800,8400,3,Excellent,Government Employee,50100,Approved
EL100015,17,Postgraduate,Law,4,Private,Urban,Confirmed,220000,1060000,591000,41900,6100,1,Average,Salaried,33600,Rejected
EL100016,22,Undergraduate,Engineering,4,Government,Urban,Confirmed,172000,773000,773000,54900,1800,0,Excellent,Salaried,18600,Approved
EL100017,18,Undergraduate,Computer Science,3,Government,Urban,Confirmed,125000,419000,254000,21200,4800,3,Excellent,Business Owner,15100,Rejected
EL100018,17,Undergraduate,Engineering,1,Private,Urban,Provisional,233000,279000,138000,27700,3800,1,Below Average,Government Employee,40300,Rejected
EL100019,25,Diploma,Management,4,University,Urban,Confirmed,259000,1264000,1264000,20000,4200,3,Average,Salaried,44100,Rejected
EL100020,17,Undergraduate,Other Professional,2,University,Urban,Confirmed,138000,295000,175000,19900,500,4,Good,Salaried,16100,Approved
EL100021,21,Undergraduate,Arts,1,University,Urban,Confirmed,81000,87000,85000,60800,3700,1,Good,Salaried,14900,Rejected
EL100022,17,Postgraduate,Computer Science,3,College,Rural,Confirmed,219000,777000,505000,29900,2800,2,Excellent,Self Employed,29400,Approved
EL100023,21,Diploma,Law,2,Private,Semi Urban,Confirmed,145000,323000,228000,28800,4400,0,Good,Professional,32100,Approved
EL100024,25,Diploma,Management,3,Private,Urban,Confirmed,454000,1612000,893000,69200,8400,3,Average,Professional,49700,Approved
EL100025,25,Postgraduate,Engineering,4,Government,Urban,Provisional,123000,534000,503000,33800,8500,2,Average,Private Employee,42800,Rejected
EL100026,25,Postgraduate,Science,1,Government,Urban,Confirmed,77000,93000,86000,65000,14500,1,Average,Private Employee,28500,Approved
EL100027,21,Diploma,Engineering,3,Private,Urban,Confirmed,184000,615000,400000,23700,1500,3,Average,Government Employee,52600,Approved
EL100028,25,Professional Course,Science,3,University,Urban,Provisional,76000,255000,188000,33800,13400,2,Excellent,Self Employed,24500,Rejected
EL100029,23,Postgraduate,Engineering,1,College,Rural,Provisional,138000,150000,127000,25500,3100,3,Good,Professional,25100,Rejected
EL100030,19,Diploma,Medical,4,Private,Urban,Provisional,867000,3788000,2573000,52800,13000,2,Excellent,Not Applicable,0,Rejected
EL100031,22,Undergraduate,Management,2,Private,Semi Urban,Confirmed,489000,1144000,1092000,36200,3800,4,Excellent,Not Applicable,0,Rejected
EL100032,24,Postgraduate,Management,5,College,Semi Urban,Provisional,237000,1382000,1015000,57800,10800,2,Excellent,Self Employed,51100,Rejected
EL100033,17,Professional Course,Medical,4,University,Urban,Confirmed,461000,2240000,1505000,43300,9300,2,Below Average,Salaried,26900,Approved
EL100034,17,Undergraduate,Engineering,2,University,Urban,Provisional,181000,426000,218000,15200,0,0,Good,Not Applicable,0,Rejected
EL100035,20,Undergraduate,Engineering,5,Private,Urban,Confirmed,187000,1062000,590000,35200,10100,3,Good,Salaried,18500,Rejected
EL100036,17,Postgraduate,Arts,3,Private,Semi Urban,Confirmed,174000,632000,530000,18600,1100,2,Average,Government Employee,48800,Approved
EL100037,17,Professional Course,Computer Science,2,University,Rural,Confirmed,191000,402000,316000,47700,4700,2,Average,Professional,21500,Approved
EL100038,20,Undergraduate,Engineering,3,Government,Urban,Confirmed,147000,525000,458000,53000,4000,3,Excellent,Private Employee,9900,Rejected
EL100039,24,PhD,Engineering,6,Private,Urban,Confirmed,279000,1940000,1291000,55800,4400,2,Good,Government Employee,23300,Approved
EL100040,24,Undergraduate,Medical,4,Government,Urban,Provisional,469000,2053000,1034000,37700,3100,2,Average,Private Employee,18600,Rejected
EL100041,22,PhD,Management,6,University,Urban,Provisional,366000,2586000,1747000,17700,400,3,Good,Self Employed,6700,Rejected
EL100042,22,Professional Course,Computer Science,5,Private,Rural,Provisional,196000,1222000,1222000,44600,8900,3,Good,Government Employee,21700,Rejected
EL100043,28,Diploma,Engineering,5,Government,Urban,Confirmed,102000,571000,346000,49200,6900,3,Average,Private Employee,45700,Approved
EL100044,19,Professional Course,Other Professional,2,Private,Urban,Confirmed,137000,323000,240000,36600,4300,4,Good,Government Employee,37300,Approved
EL100045,22,Professional Course,Medical,5,Government,Semi Urban,Confirmed,268000,1525000,592000,41900,9300,0,Good,Private Employee,37300,Approved
EL100046,19,Professional Course,Management,2,University,Urban,Confirmed,292000,659000,443000,15600,4500,2,Excellent,Salaried,65100,Rejected
EL100047,17,Postgraduate,Arts,5,College,Urban,Confirmed,138000,767000,528000,41500,0,0,Below Average,Self Employed,21600,Approved
EL100048,25,Postgraduate,Management,2,Private,Urban,Confirmed,342000,750000,600000,38000,10500,3,Below Average,Government Employee,15800,Rejected
EL100049,20,Undergraduate,Engineering,2,Government,Semi Urban,Confirmed,150000,329000,231000,21900,2800,2,Good,Private Employee,39000,Approved
EL100050,23,Undergraduate,Management,3,College,Rural,Confirmed,265000,958000,500000,52300,400,3,Good,Professional,36200,Rejected
EL100051,20,Postgraduate,Computer Science,2,College,Rural,Confirmed,145000,323000,210000,31300,5200,0,Excellent,Salaried,14800,Approved
EL100052,25,Undergraduate,Science,4,University,Semi Urban,Confirmed,77000,356000,256000,45000,5400,2,Average,Business Owner,27000,Approved
EL100053,18,Professional Course,Management,2,Private,Semi Urban,Confirmed,313000,684000,411000,51200,10600,0,Excellent,Government Employee,40000,Approved
EL100054,25,Undergraduate,Law,3,Government,Semi Urban,Confirmed,95000,311000,194000,47300,6800,1,Average,Private Employee,34600,Approved
EL100055,24,Undergraduate,Computer Science,5,College,Urban,Confirmed,274000,1599000,1440000,20500,3300,2,Below Average,Self Employed,44500,Rejected
EL100056,17,Undergraduate,Arts,4,Private,Urban,Provisional,153000,714000,469000,33100,3000,2,Excellent,Not Applicable,0,Rejected
EL100057,19,Undergraduate,Engineering,4,Private,Urban,Confirmed,191000,879000,717000,116400,4400,2,Good,Professional,13600,Approved
EL100058,25,Undergraduate,Law,5,University,Urban,Confirmed,112000,666000,482000,80600,15900,3,Excellent,Not Applicable,0,Rejected
EL100059,27,Postgraduate,Medical,4,University,Rural,Confirmed,690000,3250000,1838000,60900,5000,1,Good,Salaried,47800,Approved
EL100060,24,Undergraduate,Management,3,Government,Semi Urban,Confirmed,172000,562000,393000,46000,7600,2,Below Average,Private Employee,52600,Rejected
EL100061,20,Diploma,Computer Science,2,College,Rural,Confirmed,178000,378000,300000,24500,6500,1,Excellent,Professional,27100,Approved
EL100062,18,Postgraduate,Other Professional,2,Private,Urban,Provisional,174000,384000,384000,37000,4300,1,Average,Professional,68300,Rejected
EL100063,23,Diploma,Management,2,Government,Urban,Provisional,229000,520000,330000,32500,6300,3,Good,Private Employee,27200,Approved
EL100064,20,Diploma,Medical,4,Government,Rural,Confirmed,301000,1314000,969000,38500,4900,4,Good,Government Employee,22400,Rejected
EL100065,20,Undergraduate,Other Professional,2,Private,Urban,Confirmed,157000,360000,319000,19500,1900,1,Excellent,Private Employee,13700,Rejected
EL100066,20,Undergraduate,Science,4,Private,Urban,Confirmed,130000,550000,516000,64700,0,1,Average,Self Employed,28500,Rejected
EL100067,24,PhD,Commerce,6,Government,Urban,Provisional,77000,529000,345000,12000,1500,3,Average,Business Owner,53300,Rejected
EL100068,27,Diploma,Management,3,Private,Rural,Provisional,311000,1045000,759000,61600,7100,4,Excellent,Government Employee,59700,Approved
EL100069,25,Undergraduate,Management,4,Private,Urban,Provisional,533000,2648000,2428000,62200,3200,2,Good,Salaried,53500,Approved
EL100070,21,Postgraduate,Other Professional,2,Private,Rural,Confirmed,151000,370000,306000,128500,0,3,Good,Not Applicable,0,Approved
EL100071,18,Undergraduate,Engineering,4,College,Urban,Provisional,127000,630000,570000,35400,0,0,Excellent,Private Employee,71600,Rejected
EL100072,23,Undergraduate,Arts,3,Private,Urban,Confirmed,147000,521000,482000,30900,9000,1,Good,Professional,17500,Rejected
EL100073,27,Undergraduate,Commerce,4,College,Semi Urban,Confirmed,95000,473000,394000,42600,5700,0,Excellent,Professional,57100,Approved
EL100074,25,Diploma,Other Professional,4,Private,Urban,Confirmed,180000,783000,604000,53100,0,2,Average,Not Applicable,0,Approved
EL100075,22,Undergraduate,Computer Science,4,Government,Urban,Confirmed,112000,518000,336000,38400,2900,2,Good,Government Employee,33400,Approved
EL100076,19,Postgraduate,Medical,4,Government,Semi Urban,Confirmed,327000,1568000,1119000,22200,2900,2,Average,Business Owner,13600,Approved
EL100077,22,Undergraduate,Arts,3,College,Urban,Confirmed,124000,426000,308000,53100,9000,1,Below Average,Business Owner,35900,Rejected
EL100078,25,Undergraduate,Other Professional,3,Government,Urban,Confirmed,60000,197000,183000,40100,4400,0,Good,Salaried,56100,Approved
EL100079,22,Undergraduate,Law,4,Government,Urban,Confirmed,97000,458000,356000,24200,7500,2,Good,Private Employee,9200,Rejected
EL100080,21,Postgraduate,Medical,4,Private,Urban,Confirmed,837000,4166000,3241000,17800,5600,2,Below Average,Private Employee,46100,Rejected
EL100081,19,PhD,Management,6,University,Urban,Confirmed,360000,2494000,1499000,137900,22700,2,Excellent,Salaried,8500,Approved
EL100082,30,Diploma,Arts,1,Private,Semi Urban,Confirmed,128000,141000,131000,60800,5900,2,Excellent,Government Employee,13600,Approved
EL100083,18,Undergraduate,Computer Science,5,Government,Semi Urban,Confirmed,144000,762000,484000,53100,8700,2,Good,Private Employee,28200,Rejected
EL100084,18,Undergraduate,Engineering,5,Private,Urban,Confirmed,264000,1413000,999000,37900,400,3,Good,Self Employed,71000,Approved
EL100085,22,Undergraduate,Engineering,2,College,Urban,Provisional,238000,574000,543000,56700,12500,3,Below Average,Professional,27700,Rejected
EL100086,20,PhD,Engineering,4,College,Semi Urban,Confirmed,209000,959000,847000,23700,3400,1,Good,Self Employed,38500,Approved
EL100087,25,Postgraduate,Engineering,4,College,Semi Urban,Provisional,201000,878000,547000,44300,900,3,Good,Professional,18000,Rejected
EL100088,25,Diploma,Management,1,Private,Urban,Provisional,513000,627000,369000,45300,3500,2,Good,Salaried,26700,Approved
EL100089,17,Undergraduate,Other Professional,2,Government,Semi Urban,Provisional,64000,146000,105000,24000,4400,2,Good,Private Employee,28800,Rejected
EL100090,18,Postgraduate,Commerce,3,Government,Urban,Confirmed,71000,258000,171000,38100,0,3,Below Average,Government Employee,72800,Approved
EL100091,18,Postgraduate,Engineering,4,College,Urban,Confirmed,213000,1033000,547000,32700,1600,4,Average,Private Employee,19700,Rejected
EL100092,24,Postgraduate,Commerce,2,University,Urban,Confirmed,98000,234000,149000,27400,2400,0,Average,Self Employed,20700,Approved
EL100093,22,Postgraduate,Management,5,University,Rural,Provisional,311000,1935000,654000,30700,6700,1,Excellent,Not Applicable,0,Rejected
EL100094,20,Undergraduate,Arts,2,Private,Urban,Confirmed,110000,270000,239000,17100,4900,3,Average,Government Employee,26000,Rejected
EL100095,22,Postgraduate,Law,2,Private,Semi Urban,Confirmed,228000,490000,429000,68300,11200,2,Below Average,Private Employee,31600,Approved
EL100096,17,Professional Course,Engineering,2,Private,Urban,Confirmed,279000,624000,600000,87700,0,3,Below Average,Salaried,37800,Approved
EL100097,18,Undergraduate,Other Professional,5,Private,Urban,Provisional,175000,1086000,872000,25300,700,1,Below Average,Business Owner,21000,Rejected
EL100098,17,Diploma,Engineering,5,Private,Urban,Confirmed,185000,1093000,746000,69900,31100,4,Average,Salaried,9600,Rejected
EL100099,22,Professional Course,Arts,1,Government,Urban,Confirmed,93000,106000,96000,39500,5700,1,Average,Private Employee,53700,Approved
EL100100,21,Postgraduate,Law,4,Government,Semi Urban,Confirmed,80000,391000,252000,39900,0,4,Excellent,Government Employee,31700,Approved
EL100101,18,Postgraduate,Arts,1,Government,Semi Urban,Provisional,86000,101000,56000,21000,7200,3,Good,Salaried,14700,Rejected
EL100102,22,Undergraduate,Engineering,1,College,Urban,Provisional,200000,225000,164000,30400,300,4,Average,Self Employed,45600,Rejected
EL100103,25,Diploma,Medical,4,College,Urban,Confirmed,492000,2173000,1764000,52400,9500,1,Good,Business Owner,89800,Approved
EL100104,17,Professional Course,Engineering,4,University,Urban,Confirmed,242000,1181000,742000,24600,700,1,Average,Professional,57300,Approved
EL100105,20,Professional Course,Engineering,3,College,Semi Urban,Confirmed,184000,673000,399000,27700,9100,1,Average,Not Applicable,0,Rejected
EL100106,23,Undergraduate,Engineering,4,Government,Urban,Confirmed,90000,444000,305000,31100,100,3,Average,Private Employee,15100,Rejected
EL100107,21,Professional Course,Engineering,1,Government,Rural,Confirmed,134000,162000,132000,12000,900,1,Good,Self Employed,34100,Approved
EL100108,17,Undergraduate,Computer Science,5,Government,Urban,Confirmed,150000,815000,593000,47300,10600,2,Below Average,Government Employee,36100,Rejected
EL100109,19,Postgraduate,Engineering,5,Government,Urban,Confirmed,154000,868000,868000,55200,4400,1,Good,Private Employee,27900,Approved
EL100110,19,Undergraduate,Management,2,University,Semi Urban,Provisional,285000,636000,464000,48200,8400,2,Average,Professional,24800,Approved
EL100111,20,Undergraduate,Arts,4,Government,Semi Urban,Confirmed,53000,234000,202000,64300,13200,3,Excellent,Not Applicable,0,Rejected
EL100112,21,Postgraduate,Engineering,4,College,Urban,Confirmed,170000,822000,438000,32100,4700,0,Average,Government Employee,75400,Rejected
EL100113,26,Postgraduate,Commerce,5,University,Urban,Confirmed,112000,602000,504000,99300,3000,2,Average,Professional,12200,Approved
EL100114,20,Professional Course,Arts,3,Government,Urban,Confirmed,76000,261000,178000,26300,1600,1,Below Average,Self Employed,48900,Approved
EL100115,17,Undergraduate,Computer Science,2,College,Urban,Confirmed,259000,634000,475000,35900,3400,4,Excellent,Salaried,29900,Approved
EL100116,21,PhD,Computer Science,5,College,Semi Urban,Confirmed,178000,1075000,1075000,34100,6200,3,Average,Business Owner,29200,Rejected
EL100117,27,Postgraduate,Arts,4,Private,Semi Urban,Confirmed,148000,653000,453000,44100,9000,1,Good,Private Employee,26600,Approved
EL100118,20,Undergraduate,Computer Science,3,Government,Urban,Confirmed,194000,615000,341000,35600,5300,1,Good,Salaried,33200,Approved
EL100119,19,Undergraduate,Computer Science,1,Private,Urban,Confirmed,248000,281000,162000,38100,7400,2,Good,Private Employee,42300,Approved
EL100120,20,Diploma,Science,4,Private,Semi Urban,Confirmed,136000,636000,493000,28600,0,3,Average,Not Applicable,0,Approved
EL100121,23,PhD,Science,6,University,Semi Urban,Confirmed,140000,1026000,788000,32200,5000,4,Below Average,Self Employed,27700,Rejected
EL100122,20,Undergraduate,Management,3,Private,Semi Urban,Confirmed,324000,1123000,855000,13100,1600,2,Average,Salaried,15300,Rejected
EL100123,17,Postgraduate,Management,4,College,Semi Urban,Confirmed,330000,1456000,811000,59900,10500,2,Good,Salaried,15000,Rejected
EL100124,19,Postgraduate,Science,3,Private,Urban,Confirmed,129000,460000,460000,24100,4800,1,Good,Government Employee,52600,Rejected
EL100125,21,Postgraduate,Computer Science,4,College,Semi Urban,Confirmed,146000,660000,640000,31400,1100,1,Good,Salaried,25600,Approved
EL100126,23,Postgraduate,Commerce,2,Government,Urban,Confirmed,86000,209000,161000,23600,2800,4,Excellent,Salaried,16900,Rejected
EL100127,19,PhD,Engineering,5,College,Semi Urban,Confirmed,151000,796000,415000,53400,13400,4,Average,Self Employed,19800,Rejected
EL100128,20,Undergraduate,Engineering,3,Government,Urban,Confirmed,167000,568000,561000,30600,4800,2,Excellent,Private Employee,28200,Approved
EL100129,21,Undergraduate,Computer Science,5,University,Semi Urban,Confirmed,198000,1123000,1034000,12000,1500,1,Average,Business Owner,14700,Rejected
EL100130,18,Undergraduate,Science,1,College,Urban,Confirmed,80000,93000,71000,46200,900,2,Good,Self Employed,29200,Approved
EL100131,21,Professional Course,Management,3,Private,Urban,Confirmed,353000,1188000,1105000,27600,4900,2,Excellent,Salaried,59200,Rejected
EL100132,23,Postgraduate,Other Professional,3,Government,Urban,Confirmed,90000,305000,206000,39700,200,3,Good,Not Applicable,0,Rejected
EL100133,17,Undergraduate,Arts,4,College,Semi Urban,Confirmed,96000,460000,279000,60800,6900,2,Excellent,Not Applicable,0,Approved
EL100134,22,Diploma,Science,3,College,Semi Urban,Confirmed,88000,286000,221000,24500,2100,2,Average,Salaried,47900,Approved
EL100135,17,Postgraduate,Science,2,University,Urban,Confirmed,87000,191000,99000,39100,6500,1,Average,Salaried,54800,Approved
EL100136,17,Undergraduate,Medical,4,Private,Urban,Provisional,748000,3203000,1869000,27300,2100,2,Below Average,Professional,56400,Rejected
EL100137,19,Undergraduate,Management,2,Government,Urban,Confirmed,185000,408000,339000,65700,6600,2,Good,Business Owner,30700,Approved
EL100138,26,Diploma,Engineering,4,Private,Semi Urban,Provisional,329000,1515000,1191000,41800,2000,2,Excellent,Not Applicable,0,Rejected
EL100139,17,Diploma,Management,4,University,Urban,Confirmed,220000,957000,519000,39700,4300,2,Good,Government Employee,44600,Approved
EL100140,19,Undergraduate,Engineering,4,Government,Semi Urban,Confirmed,102000,434000,299000,21600,3200,3,Average,Self Employed,154000,Rejected
EL100141,21,Undergraduate,Arts,4,Government,Semi Urban,Confirmed,70000,350000,192000,58400,5800,1,Good,Private Employee,62500,Approved
EL100142,25,Undergraduate,Science,1,College,Semi Urban,Confirmed,85000,97000,66000,62200,6300,1,Below Average,Private Employee,57500,Approved
EL100143,28,Postgraduate,Medical,4,University,Urban,Confirmed,623000,3031000,2001000,27400,4000,0,Excellent,Salaried,21100,Approved
EL100144,20,Undergraduate,Computer Science,5,University,Semi Urban,Provisional,268000,1605000,1443000,43300,9500,2,Average,Business Owner,17700,Rejected
EL100145,23,Undergraduate,Commerce,3,College,Urban,Confirmed,112000,364000,264000,53900,10600,1,Average,Private Employee,31700,Rejected
EL100146,21,Undergraduate,Arts,4,Private,Semi Urban,Provisional,175000,807000,576000,121700,1700,2,Good,Salaried,26700,Approved
EL100147,21,Professional Course,Other Professional,4,Private,Semi Urban,Provisional,170000,791000,547000,48800,9700,0,Good,Professional,22100,Rejected
EL100148,22,Postgraduate,Medical,4,College,Rural,Confirmed,406000,1756000,864000,40100,10100,4,Good,Salaried,27700,Approved
EL100149,17,Undergraduate,Medical,4,College,Urban,Provisional,377000,1617000,1189000,37100,7200,2,Good,Government Employee,26700,Rejected
EL100150,21,Postgraduate,Science,5,Government,Semi Urban,Confirmed,80000,441000,363000,38300,0,0,Good,Salaried,20900,Approved
EL100151,23,Diploma,Engineering,2,Private,Semi Urban,Provisional,337000,743000,583000,58900,9100,2,Average,Business Owner,42700,Rejected
EL100152,18,Professional Course,Science,2,Private,Rural,Confirmed,173000,383000,327000,25800,6600,1,Excellent,Government Employee,19700,Rejected
EL100153,23,Professional Course,Engineering,1,Government,Urban,Confirmed,143000,157000,135000,64000,5700,3,Average,Not Applicable,0,Rejected
EL100154,17,Postgraduate,Computer Science,4,Government,Semi Urban,Confirmed,109000,505000,505000,18600,7300,3,Good,Self Employed,15200,Rejected
EL100155,21,Postgraduate,Computer Science,4,Government,Urban,Provisional,174000,772000,448000,56000,0,3,Excellent,Not Applicable,0,Approved
EL100156,26,Undergraduate,Arts,4,University,Rural,Provisional,118000,568000,446000,64400,9200,1,Average,Salaried,33200,Rejected
EL100157,20,Diploma,Engineering,2,Government,Semi Urban,Confirmed,171000,363000,291000,60100,11700,4,Good,Business Owner,17500,Approved
EL100158,18,Postgraduate,Science,4,College,Semi Urban,Confirmed,120000,564000,396000,45900,6700,1,Excellent,Professional,30900,Approved
EL100159,17,Undergraduate,Science,2,Private,Urban,Confirmed,104000,251000,164000,48900,7000,2,Average,Not Applicable,0,Approved
EL100160,22,Postgraduate,Science,4,Private,Semi Urban,Provisional,152000,692000,571000,32900,1200,2,Good,Business Owner,23100,Rejected
EL100161,24,Undergraduate,Law,2,College,Semi Urban,Confirmed,147000,327000,265000,22900,1800,2,Good,Not Applicable,0,Rejected
EL100162,21,Diploma,Science,3,University,Urban,Confirmed,99000,330000,195000,45500,8300,1,Good,Salaried,38000,Approved
EL100163,19,Undergraduate,Arts,3,University,Semi Urban,Confirmed,114000,382000,183000,41500,0,1,Good,Salaried,30200,Approved
EL100164,17,Undergraduate,Computer Science,3,College,Urban,Provisional,266000,857000,580000,63700,13500,3,Average,Private Employee,50300,Rejected
EL100165,21,Undergraduate,Science,4,College,Urban,Provisional,123000,574000,373000,37400,4500,2,Good,Government Employee,16800,Rejected
EL100166,19,Undergraduate,Other Professional,5,University,Semi Urban,Confirmed,72000,423000,355000,43500,7800,4,Good,Not Applicable,0,Approved
EL100167,19,Undergraduate,Commerce,4,University,Urban,Confirmed,80000,361000,221000,46300,9500,2,Good,Salaried,21200,Rejected
EL100168,27,Diploma,Medical,4,Private,Semi Urban,Provisional,644000,3197000,2313000,53400,24900,0,Below Average,Government Employee,30700,Rejected
EL100169,17,Diploma,Medical,4,University,Urban,Confirmed,590000,2908000,1436000,64500,16500,0,Excellent,Government Employee,34500,Rejected
EL100170,17,Postgraduate,Science,4,Private,Semi Urban,Confirmed,154000,683000,353000,24900,500,3,Average,Self Employed,15500,Approved
EL100171,22,Undergraduate,Other Professional,3,College,Urban,Provisional,105000,377000,239000,57000,18500,1,Excellent,Salaried,41200,Rejected
EL100172,20,Professional Course,Medical,4,Private,Semi Urban,Confirmed,676000,2902000,2067000,36700,0,1,Good,Professional,97700,Approved
EL100173,19,Professional Course,Other Professional,4,Government,Semi Urban,Provisional,88000,423000,265000,55300,5000,2,Average,Not Applicable,0,Rejected
EL100174,22,Postgraduate,Medical,4,Private,Semi Urban,Confirmed,518000,2480000,1913000,84100,12200,3,Good,Private Employee,18400,Approved
EL100175,22,Postgraduate,Management,5,Private,Urban,Confirmed,452000,2534000,1254000,14000,1400,2,Excellent,Salaried,25300,Rejected
EL100176,18,Diploma,Law,1,Private,Semi Urban,Provisional,256000,289000,207000,73700,11400,1,Good,Salaried,24900,Approved
EL100177,19,Diploma,Other Professional,4,Private,Urban,Confirmed,120000,560000,403000,37800,4300,3,Good,Government Employee,20600,Rejected
EL100178,21,Undergraduate,Computer Science,3,College,Urban,Provisional,168000,557000,297000,26200,6400,4,Below Average,Salaried,44200,Rejected
EL100179,22,Postgraduate,Other Professional,2,Private,Urban,Provisional,158000,368000,289000,32200,2800,3,Below Average,Private Employee,10900,Rejected
EL100180,23,Undergraduate,Science,2,College,Urban,Confirmed,82000,201000,85000,24000,2900,1,Good,Private Employee,34500,Approved
EL100181,19,Diploma,Science,4,University,Semi Urban,Confirmed,104000,474000,307000,51700,15000,3,Average,Salaried,60500,Approved
EL100182,22,Postgraduate,Science,2,Government,Urban,Confirmed,94000,205000,178000,23900,5200,2,Good,Professional,58400,Approved
EL100183,24,Professional Course,Management,5,Private,Semi Urban,Provisional,301000,1748000,728000,73300,8400,0,Good,Business Owner,52200,Approved
EL100184,21,Undergraduate,Engineering,3,College,Semi Urban,Provisional,241000,854000,726000,56700,9800,2,Excellent,Business Owner,20700,Rejected
EL100185,21,Postgraduate,Engineering,3,College,Urban,Confirmed,150000,520000,299000,45000,13400,4,Average,Business Owner,66300,Approved
EL100186,20,Diploma,Engineering,4,Government,Urban,Confirmed,131000,553000,366000,14500,100,2,Average,Professional,36400,Approved
EL100187,19,PhD,Medical,6,Private,Urban,Confirmed,535000,3800000,3652000,20700,700,0,Below Average,Business Owner,65000,Approved
EL100188,18,PhD,Engineering,3,Private,Urban,Confirmed,291000,923000,605000,38600,3000,1,Average,Salaried,53900,Approved
EL100189,20,Undergraduate,Medical,4,University,Urban,Confirmed,699000,3169000,3144000,39600,5900,2,Good,Private Employee,35300,Approved
EL100190,23,Professional Course,Computer Science,4,Government,Semi Urban,Provisional,128000,580000,408000,64200,13900,3,Average,Private Employee,26000,Approved
EL100191,18,Professional Course,Engineering,3,Private,Rural,Confirmed,327000,1196000,882000,12000,700,1,Good,Salaried,109100,Approved
EL100192,21,Professional Course,Management,3,Private,Urban,Confirmed,490000,1797000,1575000,27500,1200,1,Average,Not Applicable,0,Approved
EL100193,20,Postgraduate,Medical,4,Private,Urban,Confirmed,929000,4478000,3724000,61000,700,4,Excellent,Government Employee,27000,Approved
EL100194,27,PhD,Engineering,6,Government,Semi Urban,Confirmed,147000,1071000,828000,33900,1500,3,Good,Self Employed,13700,Approved
EL100195,24,Undergraduate,Commerce,3,University,Rural,Confirmed,118000,387000,263000,31800,2300,4,Average,Not Applicable,0,Approved
EL100196,23,Undergraduate,Law,4,College,Rural,Provisional,204000,974000,504000,17900,0,1,Excellent,Government Employee,36200,Rejected
EL100197,24,Undergraduate,Arts,1,University,Rural,Confirmed,121000,145000,76000,68100,5400,4,Average,Private Employee,20900,Approved
EL100198,19,Postgraduate,Commerce,3,College,Urban,Provisional,129000,467000,442000,31500,1100,1,Excellent,Government Employee,21800,Rejected
EL100199,26,Professional Course,Other Professional,3,University,Rural,Confirmed,90000,326000,326000,69300,8000,2,Average,Professional,14400,Rejected
EL100200,22,Postgraduate,Arts,3,Government,Urban,Confirmed,57000,185000,142000,83500,23600,2,Average,Self Employed,38100,Rejected
EL100201,21,Postgraduate,Engineering,2,Government,Urban,Confirmed,145000,319000,154000,77500,0,4,Excellent,Not Applicable,0,Approved
EL100202,17,Diploma,Medical,4,University,Semi Urban,Confirmed,438000,2114000,1341000,39500,8700,1,Average,Salaried,37500,Approved
EL100203,20,Postgraduate,Commerce,2,University,Semi Urban,Confirmed,100000,216000,135000,31500,8800,4,Excellent,Self Employed,22300,Approved
EL100204,17,Postgraduate,Commerce,2,College,Semi Urban,Confirmed,130000,279000,186000,30500,6600,4,Average,Private Employee,34100,Rejected
EL100205,20,Postgraduate,Science,3,Government,Semi Urban,Confirmed,80000,299000,185000,107400,17300,4,Below Average,Private Employee,44700,Approved
EL100206,19,Postgraduate,Engineering,3,Government,Semi Urban,Confirmed,171000,638000,528000,36100,9000,1,Average,Not Applicable,0,Rejected
EL100207,20,Postgraduate,Other Professional,2,College,Urban,Confirmed,95000,212000,167000,68000,12700,1,Below Average,Professional,33400,Approved
EL100208,17,Diploma,Computer Science,4,College,Urban,Confirmed,179000,753000,743000,51100,11800,1,Average,Business Owner,28100,Approved
EL100209,23,Postgraduate,Law,3,Private,Semi Urban,Provisional,172000,583000,403000,32700,4600,2,Below Average,Salaried,38700,Rejected
EL100210,23,Postgraduate,Computer Science,1,Private,Urban,Confirmed,374000,395000,308000,35400,1200,1,Average,Government Employee,21300,Approved
EL100211,27,Postgraduate,Engineering,2,College,Urban,Provisional,180000,388000,334000,72500,17000,2,Average,Salaried,26700,Approved
EL100212,27,Professional Course,Management,4,Private,Urban,Confirmed,544000,2382000,2152000,40800,14900,3,Below Average,Government Employee,36000,Rejected
EL100213,22,Postgraduate,Medical,4,University,Semi Urban,Confirmed,471000,2294000,1296000,32000,3200,4,Good,Self Employed,69200,Approved
EL100214,25,PhD,Medical,6,College,Rural,Confirmed,451000,3044000,2468000,26800,3500,2,Good,Government Employee,21200,Rejected
EL100215,22,Postgraduate,Law,2,Private,Semi Urban,Confirmed,251000,528000,408000,47100,6600,2,Average,Government Employee,18300,Approved
EL100216,20,Undergraduate,Management,4,Private,Semi Urban,Confirmed,459000,2162000,1720000,31000,0,2,Average,Government Employee,34800,Approved
EL100217,20,Postgraduate,Engineering,3,College,Semi Urban,Confirmed,192000,613000,465000,54000,2900,4,Excellent,Salaried,57800,Approved
EL100218,23,Undergraduate,Management,4,Private,Urban,Confirmed,408000,2005000,2005000,143200,22500,0,Good,Government Employee,46500,Approved
EL100219,35,Undergraduate,Commerce,4,Government,Semi Urban,Confirmed,72000,317000,195000,52000,6300,1,Average,Salaried,30100,Rejected
EL100220,25,Undergraduate,Medical,4,Private,Semi Urban,Confirmed,867000,3806000,2312000,98900,13000,1,Excellent,Private Employee,58300,Approved
EL100221,22,Diploma,Engineering,5,University,Rural,Confirmed,145000,819000,513000,28100,3700,3,Good,Salaried,11000,Approved
EL100222,23,Postgraduate,Science,3,Government,Urban,Provisional,52000,167000,118000,56500,6800,1,Good,Government Employee,51900,Approved
EL100223,23,Postgraduate,Medical,5,University,Rural,Confirmed,352000,1856000,1474000,75200,4600,4,Good,Private Employee,25000,Approved
EL100224,21,Postgraduate,Law,2,Government,Semi Urban,Confirmed,110000,271000,185000,80000,13500,4,Below Average,Private Employee,42000,Approved
EL100225,24,Undergraduate,Engineering,3,Government,Urban,Confirmed,160000,587000,529000,76100,12100,3,Good,Government Employee,51800,Approved
EL100226,20,Professional Course,Commerce,4,Government,Urban,Confirmed,82000,405000,304000,40500,2100,2,Below Average,Not Applicable,0,Rejected
EL100227,17,Professional Course,Commerce,1,Private,Urban,Confirmed,188000,223000,164000,62600,10500,4,Good,Salaried,30900,Approved
EL100228,23,Diploma,Engineering,4,College,Semi Urban,Confirmed,203000,855000,471000,24100,1800,1,Below Average,Not Applicable,0,Rejected
EL100229,23,Undergraduate,Commerce,2,Private,Urban,Provisional,143000,356000,356000,89600,16900,1,Average,Not Applicable,0,Rejected
EL100230,20,Professional Course,Management,2,College,Semi Urban,Provisional,332000,791000,588000,24900,3100,2,Good,Not Applicable,0,Rejected
EL100231,22,Diploma,Management,2,Government,Semi Urban,Confirmed,277000,628000,625000,75100,12400,2,Excellent,Professional,33600,Rejected
EL100232,24,Undergraduate,Science,5,Private,Semi Urban,Confirmed,96000,574000,377000,67600,9900,0,Below Average,Professional,68200,Rejected
EL100233,21,Undergraduate,Other Professional,5,Private,Urban,Confirmed,139000,809000,708000,67400,8400,2,Average,Salaried,22600,Rejected
EL100234,19,Undergraduate,Engineering,3,College,Rural,Confirmed,178000,632000,421000,112700,18000,4,Excellent,Salaried,25900,Approved
EL100235,19,Diploma,Commerce,4,University,Rural,Provisional,137000,666000,666000,67900,14000,0,Below Average,Business Owner,49800,Approved
EL100236,20,Postgraduate,Engineering,2,University,Semi Urban,Confirmed,150000,371000,341000,20700,2900,0,Good,Private Employee,78900,Approved
EL100237,26,Undergraduate,Engineering,3,Private,Urban,Confirmed,174000,631000,554000,53900,7500,4,Excellent,Self Employed,30500,Rejected
EL100238,20,Undergraduate,Engineering,5,College,Rural,Confirmed,206000,1266000,812000,15600,1500,3,Good,Salaried,36800,Approved
EL100239,22,Postgraduate,Commerce,4,College,Semi Urban,Provisional,114000,531000,531000,38300,0,0,Average,Government Employee,12400,Rejected
EL100240,20,Postgraduate,Arts,4,College,Rural,Confirmed,92000,411000,411000,32500,4300,2,Good,Business Owner,60200,Approved
EL100241,20,Postgraduate,Computer Science,2,Private,Urban,Confirmed,291000,689000,478000,55200,900,1,Average,Business Owner,16400,Approved
EL100242,18,Undergraduate,Other Professional,4,Government,Semi Urban,Confirmed,78000,362000,280000,26600,2100,1,Good,Government Employee,22100,Approved
EL100243,21,Postgraduate,Arts,5,University,Urban,Confirmed,95000,504000,448000,27000,1400,0,Excellent,Salaried,33000,Rejected
EL100244,19,Professional Course,Engineering,5,Private,Urban,Confirmed,242000,1410000,640000,51600,3400,1,Excellent,Professional,20800,Approved
EL100245,25,Undergraduate,Medical,4,University,Semi Urban,Provisional,400000,1814000,1672000,72200,5100,2,Below Average,Professional,10200,Rejected
EL100246,21,Postgraduate,Computer Science,2,Government,Urban,Confirmed,174000,391000,353000,40200,7000,1,Excellent,Salaried,15100,Rejected
EL100247,21,Undergraduate,Management,5,Private,Urban,Confirmed,394000,2354000,1567000,128200,20500,1,Below Average,Self Employed,31400,Approved
EL100248,20,Undergraduate,Engineering,4,Government,Urban,Confirmed,145000,712000,300000,33800,4700,1,Good,Salaried,67700,Approved
EL100249,22,PhD,Engineering,3,Private,Urban,Confirmed,243000,794000,635000,56400,13500,0,Below Average,Private Employee,64800,Rejected
EL100250,26,Professional Course,Management,2,Government,Semi Urban,Confirmed,171000,413000,240000,47600,19300,2,Excellent,Private Employee,36700,Rejected
EL100251,17,Undergraduate,Computer Science,4,College,Urban,Confirmed,238000,1032000,528000,33800,5900,3,Good,Private Employee,32400,Approved
EL100252,22,Undergraduate,Commerce,4,Government,Urban,Confirmed,69000,322000,259000,77300,16400,4,Excellent,Government Employee,46100,Approved
EL100253,17,Undergraduate,Arts,5,Private,Semi Urban,Confirmed,112000,683000,647000,25700,4000,1,Good,Private Employee,61600,Rejected
EL100254,25,Postgraduate,Other Professional,5,Government,Rural,Confirmed,95000,585000,420000,14200,2700,1,Average,Self Employed,31700,Approved
EL100255,21,Undergraduate,Science,4,Government,Urban,Confirmed,93000,414000,384000,37700,0,2,Excellent,Government Employee,32300,Rejected
EL100256,17,Postgraduate,Management,5,Private,Urban,Provisional,490000,2974000,2527000,35300,0,1,Below Average,Business Owner,33300,Rejected
EL100257,17,Undergraduate,Computer Science,2,Government,Rural,Provisional,154000,378000,206000,68300,0,2,Average,Government Employee,51800,Approved
EL100258,24,Postgraduate,Medical,4,Private,Rural,Confirmed,768000,3332000,2222000,21500,1600,2,Average,Not Applicable,0,Rejected
EL100259,17,Professional Course,Other Professional,1,Government,Semi Urban,Confirmed,67000,76000,69000,52100,13200,2,Good,Business Owner,30000,Approved
EL100260,22,Undergraduate,Computer Science,4,University,Urban,Confirmed,177000,853000,568000,49100,7500,1,Below Average,Professional,37100,Approved
EL100261,20,Diploma,Medical,5,College,Urban,Confirmed,557000,2932000,2559000,47200,4500,2,Average,Private Employee,10500,Rejected
EL100262,20,PhD,Arts,6,University,Semi Urban,Confirmed,122000,860000,592000,67600,12300,2,Below Average,Government Employee,49200,Approved
EL100263,19,Undergraduate,Computer Science,5,Government,Semi Urban,Provisional,147000,833000,715000,39700,6400,0,Excellent,Salaried,53700,Approved
EL100264,18,Professional Course,Other Professional,4,Private,Rural,Provisional,179000,826000,673000,41200,300,1,Good,Professional,10200,Approved
EL100265,19,Postgraduate,Engineering,4,Government,Urban,Confirmed,122000,553000,394000,50300,8700,2,Average,Business Owner,23700,Approved
EL100266,23,Postgraduate,Management,3,Private,Urban,Confirmed,390000,1274000,1088000,38100,7800,0,Average,Professional,24100,Approved
EL100267,20,Postgraduate,Law,4,College,Rural,Confirmed,150000,672000,286000,20400,6500,1,Good,Business Owner,18200,Rejected
EL100268,22,Undergraduate,Computer Science,4,Government,Rural,Provisional,167000,816000,479000,32700,4000,2,Good,Salaried,19700,Rejected
EL100269,20,Undergraduate,Management,3,Private,Semi Urban,Confirmed,291000,1023000,696000,35300,10000,2,Good,Private Employee,22300,Rejected
EL100270,23,Postgraduate,Commerce,1,College,Urban,Provisional,95000,109000,101000,30300,2800,0,Good,Government Employee,41600,Approved
EL100271,22,Diploma,Commerce,2,Private,Semi Urban,Confirmed,165000,393000,209000,34300,11600,3,Good,Private Employee,59000,Approved
EL100272,19,Professional Course,Engineering,5,Government,Urban,Confirmed,137000,744000,554000,43900,3400,0,Good,Business Owner,40300,Rejected
EL100273,18,Postgraduate,Medical,4,College,Urban,Confirmed,458000,1954000,1559000,35000,6600,3,Good,Private Employee,18000,Approved
EL100274,24,Undergraduate,Management,3,Government,Urban,Confirmed,244000,849000,668000,61500,9600,4,Good,Business Owner,45900,Approved
EL100275,18,Undergraduate,Medical,5,University,Urban,Provisional,665000,3499000,2573000,62000,16400,1,Excellent,Salaried,41400,Approved
EL100276,23,Professional Course,Management,3,Government,Urban,Confirmed,221000,716000,470000,12200,3100,0,Excellent,Private Employee,5900,Rejected
EL100277,21,Undergraduate,Management,3,College,Urban,Provisional,365000,1307000,932000,19600,700,0,Average,Salaried,58800,Approved
EL100278,19,Professional Course,Arts,4,University,Urban,Confirmed,84000,413000,370000,12100,1200,3,Below Average,Private Employee,32000,Rejected
EL100279,23,Undergraduate,Computer Science,3,Private,Urban,Confirmed,278000,923000,597000,35000,11200,4,Good,Government Employee,32700,Rejected
EL100280,26,Undergraduate,Management,3,College,Urban,Confirmed,271000,916000,390000,33900,4700,2,Below Average,Salaried,11400,Approved
EL100281,23,Undergraduate,Medical,4,Government,Rural,Confirmed,488000,2315000,1898000,43300,8800,4,Average,Not Applicable,0,Rejected
EL100282,21,Postgraduate,Management,3,College,Semi Urban,Confirmed,256000,930000,906000,61200,2100,3,Below Average,Government Employee,35800,Approved
EL100283,27,Undergraduate,Engineering,3,University,Urban,Provisional,245000,810000,480000,39300,4200,2,Good,Business Owner,45500,Rejected
EL100284,17,Professional Course,Other Professional,1,Government,Semi Urban,Confirmed,69000,84000,80000,29700,2000,4,Average,Business Owner,14400,Rejected
EL100285,17,Postgraduate,Engineering,5,Private,Urban,Confirmed,255000,1587000,1314000,40000,8500,2,Good,Private Employee,39400,Approved
EL100286,19,Undergraduate,Science,4,Government,Urban,Confirmed,75000,320000,184000,31400,6200,2,Below Average,Self Employed,39800,Rejected
EL100287,26,Postgraduate,Commerce,5,Private,Urban,Provisional,117000,640000,412000,19200,4600,2,Excellent,Business Owner,27300,Rejected
EL100288,24,Undergraduate,Science,4,Private,Rural,Provisional,117000,559000,357000,64800,2100,3,Excellent,Professional,14600,Approved
EL100289,17,Postgraduate,Law,2,Private,Urban,Confirmed,195000,412000,319000,49600,8900,1,Average,Salaried,28700,Rejected
EL100290,19,Diploma,Science,3,College,Rural,Confirmed,122000,405000,293000,82800,10900,2,Excellent,Salaried,17600,Approved
EL100291,17,Professional Course,Computer Science,3,College,Semi Urban,Confirmed,238000,870000,797000,21600,0,1,Below Average,Private Employee,20300,Rejected
EL100292,21,Postgraduate,Medical,4,Private,Urban,Provisional,944000,4480000,3931000,17900,3100,0,Excellent,Private Employee,56300,Approved
EL100293,24,Undergraduate,Commerce,4,University,Rural,Provisional,76000,358000,186000,25100,6200,1,Excellent,Salaried,31200,Approved
EL100294,24,Postgraduate,Engineering,4,Government,Urban,Confirmed,155000,727000,391000,49000,13300,2,Good,Government Employee,28400,Approved
EL100295,22,Postgraduate,Management,4,College,Semi Urban,Confirmed,251000,1155000,973000,61700,7800,1,Average,Business Owner,15600,Rejected
EL100296,20,Postgraduate,Science,2,College,Semi Urban,Provisional,106000,255000,172000,46300,9500,1,Good,Professional,29000,Approved
EL100297,21,Undergraduate,Computer Science,5,College,Urban,Confirmed,167000,1021000,739000,43100,7700,0,Below Average,Salaried,27400,Rejected
EL100298,23,Undergraduate,Medical,4,University,Urban,Confirmed,678000,3279000,2728000,61500,3800,3,Average,Government Employee,17300,Approved
EL100299,29,Professional Course,Law,4,Private,Rural,Confirmed,214000,981000,862000,31900,1600,2,Average,Salaried,54000,Approved
EL100300,17,Professional Course,Engineering,2,Government,Urban,Confirmed,130000,313000,177000,68100,8600,0,Good,Not Applicable,0,Approved
EL100301,27,Undergraduate,Law,2,Private,Rural,Confirmed,185000,444000,185000,108300,11800,2,Good,Salaried,19400,Approved
EL100302,22,Professional Course,Arts,4,Government,Urban,Confirmed,71000,324000,238000,23600,3300,2,Average,Salaried,37000,Rejected
EL100303,24,Diploma,Engineering,3,Private,Urban,Provisional,189000,633000,394000,35300,3300,2,Below Average,Private Employee,10700,Rejected
EL100304,22,Undergraduate,Engineering,5,Private,Urban,Confirmed,286000,1619000,1230000,20000,3000,3,Below Average,Salaried,35400,Rejected
EL100305,26,Professional Course,Other Professional,4,University,Urban,Confirmed,110000,505000,372000,24800,800,2,Excellent,Business Owner,45700,Approved
EL100306,22,Professional Course,Engineering,4,University,Rural,Confirmed,139000,600000,362000,48800,13000,1,Good,Salaried,16000,Approved
EL100307,19,Postgraduate,Other Professional,3,Government,Urban,Confirmed,54000,177000,177000,17300,0,3,Average,Private Employee,30000,Approved
EL100308,23,Diploma,Management,5,University,Semi Urban,Confirmed,272000,1456000,1096000,27200,3300,1,Average,Salaried,31900,Rejected
EL100309,25,Undergraduate,Management,5,Private,Urban,Confirmed,418000,2225000,1477000,68000,7600,4,Good,Business Owner,145700,Approved
EL100310,21,Postgraduate,Commerce,2,Government,Urban,Provisional,60000,140000,107000,44900,5300,4,Below Average,Salaried,122900,Approved
EL100311,17,Diploma,Computer Science,3,Private,Urban,Confirmed,214000,764000,634000,58900,3200,1,Good,Salaried,35500,Approved
EL100312,21,Postgraduate,Management,5,Government,Semi Urban,Confirmed,161000,944000,618000,21000,0,3,Good,Professional,20600,Approved
EL100313,21,Undergraduate,Commerce,2,Private,Semi Urban,Confirmed,123000,294000,294000,41500,6300,4,Average,Not Applicable,0,Rejected
EL100314,21,Postgraduate,Management,2,Private,Urban,Confirmed,462000,1045000,545000,103100,11500,4,Average,Government Employee,55200,Approved
EL100315,19,PhD,Engineering,6,Government,Rural,Confirmed,148000,1074000,571000,28800,4700,0,Below Average,Business Owner,11800,Rejected
EL100316,26,PhD,Science,5,Private,Urban,Confirmed,121000,726000,370000,31400,0,1,Excellent,Business Owner,9400,Approved
EL100317,17,Undergraduate,Computer Science,5,Private,Semi Urban,Confirmed,272000,1621000,1217000,53700,15300,2,Excellent,Self Employed,15800,Rejected
EL100318,21,Postgraduate,Commerce,3,College,Urban,Confirmed,114000,411000,337000,25600,3100,2,Below Average,Private Employee,45200,Rejected
EL100319,21,Undergraduate,Computer Science,4,Government,Semi Urban,Confirmed,133000,583000,408000,57400,0,1,Good,Private Employee,46700,Rejected
EL100320,28,Postgraduate,Commerce,3,Private,Urban,Confirmed,187000,653000,536000,16300,2400,0,Good,Self Employed,37900,Approved
EL100321,21,Undergraduate,Medical,4,Government,Urban,Provisional,415000,2000000,1637000,12000,1100,2,Average,Private Employee,54800,Rejected
EL100322,23,Professional Course,Law,5,Government,Semi Urban,Confirmed,116000,620000,431000,47000,1300,1,Below Average,Private Employee,26900,Rejected
EL100323,21,Postgraduate,Management,4,Private,Semi Urban,Provisional,425000,1869000,1522000,24600,5900,2,Below Average,Government Employee,25600,Approved
EL100324,21,Postgraduate,Law,5,Private,Urban,Confirmed,211000,1211000,873000,30200,6500,1,Below Average,Professional,36700,Rejected
EL100325,27,Diploma,Science,3,University,Semi Urban,Confirmed,90000,306000,211000,62200,10000,2,Excellent,Private Employee,76200,Approved
EL100326,17,Undergraduate,Arts,5,University,Urban,Confirmed,75000,462000,312000,54800,7500,2,Average,Private Employee,37300,Approved
EL100327,19,Undergraduate,Computer Science,4,College,Urban,Confirmed,257000,1234000,969000,21700,3800,1,Excellent,Business Owner,28200,Rejected
EL100328,24,Undergraduate,Engineering,2,College,Semi Urban,Provisional,240000,508000,474000,52000,0,1,Good,Private Employee,37100,Approved
EL100329,22,Postgraduate,Management,3,Government,Rural,Confirmed,290000,994000,566000,34500,5100,1,Excellent,Private Employee,65000,Approved
EL100330,20,Professional Course,Commerce,2,Government,Urban,Confirmed,69000,166000,113000,49400,11900,1,Good,Private Employee,24400,Approved
EL100331,21,Undergraduate,Management,2,Private,Semi Urban,Provisional,552000,1307000,1012000,39700,8900,0,Good,Salaried,23200,Rejected
EL100332,24,Diploma,Engineering,5,Private,Semi Urban,Confirmed,290000,1678000,1678000,18900,700,2,Below Average,Professional,22900,Rejected
EL100333,23,Undergraduate,Computer Science,5,Private,Semi Urban,Confirmed,269000,1435000,1169000,28100,4100,2,Below Average,Salaried,46600,Rejected
EL100334,19,Undergraduate,Engineering,1,Private,Urban,Confirmed,326000,402000,252000,12000,300,1,Excellent,Not Applicable,0,Rejected
EL100335,22,Postgraduate,Management,2,College,Urban,Confirmed,413000,936000,572000,44000,6300,4,Excellent,Not Applicable,0,Approved
EL100336,21,PhD,Computer Science,4,Private,Urban,Confirmed,290000,1252000,1124000,48900,3000,3,Excellent,Not Applicable,0,Rejected
EL100337,23,Professional Course,Engineering,4,College,Urban,Confirmed,224000,956000,672000,28200,1500,4,Good,Salaried,25800,Rejected
EL100338,20,Postgraduate,Engineering,4,College,Semi Urban,Provisional,224000,1081000,611000,37900,6100,2,Below Average,Salaried,28800,Rejected
EL100339,17,Postgraduate,Medical,4,Private,Urban,Confirmed,760000,3565000,3216000,24700,1600,2,Average,Business Owner,79500,Approved
EL100340,23,Undergraduate,Computer Science,4,Government,Urban,Confirmed,139000,612000,487000,75200,4400,2,Good,Salaried,50700,Approved
EL100341,23,Undergraduate,Law,5,Private,Semi Urban,Confirmed,161000,931000,531000,21100,3400,2,Below Average,Not Applicable,0,Rejected
EL100342,26,Professional Course,Medical,4,Private,Urban,Confirmed,944000,4680000,2569000,34400,0,2,Good,Business Owner,22400,Approved
EL100343,17,Postgraduate,Arts,2,College,Semi Urban,Confirmed,75000,172000,73000,21000,2100,2,Average,Professional,20500,Approved
EL100344,21,Undergraduate,Engineering,4,College,Semi Urban,Confirmed,143000,645000,424000,45100,0,0,Good,Not Applicable,0,Approved
EL100345,20,Undergraduate,Commerce,5,Government,Semi Urban,Confirmed,67000,372000,296000,67400,500,3,Average,Not Applicable,0,Rejected
EL100346,20,Undergraduate,Engineering,4,Government,Urban,Confirmed,123000,535000,478000,14200,3300,1,Good,Salaried,19600,Rejected
EL100347,17,Diploma,Science,5,College,Urban,Confirmed,89000,548000,446000,55700,5200,2,Excellent,Not Applicable,0,Approved
EL100348,17,Postgraduate,Arts,5,Private,Urban,Confirmed,102000,553000,307000,90700,5900,1,Average,Salaried,31400,Approved
EL100349,22,Professional Course,Commerce,2,University,Semi Urban,Confirmed,133000,282000,199000,42800,8800,2,Good,Self Employed,28400,Approved
EL100350,19,Postgraduate,Engineering,4,Private,Semi Urban,Provisional,257000,1109000,1070000,28600,7900,2,Good,Self Employed,31400,Rejected
EL100351,18,Diploma,Science,5,Government,Semi Urban,Confirmed,97000,527000,355000,39400,6000,2,Average,Salaried,57800,Approved
EL100352,26,Undergraduate,Engineering,2,Private,Urban,Confirmed,319000,724000,626000,30600,6800,0,Good,Private Employee,18600,Approved
EL100353,29,Undergraduate,Computer Science,4,Government,Semi Urban,Confirmed,146000,719000,609000,107200,8600,1,Excellent,Business Owner,39300,Approved
EL100354,21,Undergraduate,Arts,2,Private,Urban,Provisional,131000,282000,244000,60900,8200,1,Average,Private Employee,29100,Approved
EL100355,17,Undergraduate,Commerce,4,Government,Urban,Confirmed,61000,263000,214000,63000,8200,2,Excellent,Self Employed,37100,Approved
EL100356,22,Professional Course,Science,2,Private,Urban,Confirmed,188000,428000,370000,117900,18800,1,Excellent,Salaried,26600,Approved
EL100357,17,Diploma,Arts,3,University,Semi Urban,Provisional,112000,414000,218000,78600,17000,1,Good,Private Employee,24400,Approved
EL100358,17,Undergraduate,Arts,4,Government,Semi Urban,Confirmed,90000,445000,435000,37800,0,0,Excellent,Self Employed,39700,Approved
EL100359,22,Postgraduate,Medical,4,College,Semi Urban,Provisional,695000,3448000,1652000,40600,2000,3,Good,Salaried,13900,Rejected
EL100360,17,Postgraduate,Management,2,Government,Semi Urban,Confirmed,180000,387000,308000,130600,11300,0,Average,Business Owner,64000,Approved
EL100361,20,Postgraduate,Computer Science,2,University,Rural,Confirmed,269000,641000,476000,27700,1200,1,Average,Private Employee,31600,Approved
EL100362,17,Undergraduate,Computer Science,5,Government,Semi Urban,Confirmed,176000,1038000,681000,36800,5500,2,Good,Not Applicable,0,Approved
EL100363,21,Undergraduate,Commerce,5,College,Semi Urban,Confirmed,102000,539000,325000,24200,3600,2,Excellent,Not Applicable,0,Rejected
EL100364,25,Undergraduate,Computer Science,4,Government,Urban,Confirmed,191000,905000,753000,16200,2200,0,Below Average,Business Owner,20300,Rejected
EL100365,19,Professional Course,Arts,1,Private,Semi Urban,Confirmed,150000,178000,155000,25900,2400,2,Average,Private Employee,31100,Approved
EL100366,21,Postgraduate,Engineering,4,College,Semi Urban,Confirmed,176000,832000,611000,26100,6600,1,Excellent,Private Employee,31200,Rejected
EL100367,18,Diploma,Management,4,Government,Urban,Provisional,171000,748000,529000,29400,4400,2,Average,Private Employee,59400,Rejected
EL100368,18,Professional Course,Law,3,University,Urban,Provisional,181000,606000,571000,54500,6300,1,Below Average,Self Employed,34700,Rejected
EL100369,18,Undergraduate,Medical,4,University,Urban,Confirmed,621000,2883000,1980000,39900,5400,2,Below Average,Government Employee,16100,Rejected
EL100370,24,Undergraduate,Engineering,2,Private,Urban,Confirmed,205000,442000,329000,66500,13100,2,Good,Government Employee,40900,Approved
EL100371,17,Undergraduate,Arts,2,Government,Semi Urban,Provisional,67000,145000,104000,43300,6500,4,Average,Private Employee,44200,Rejected
EL100372,20,Postgraduate,Engineering,4,College,Urban,Confirmed,133000,633000,633000,43900,2300,1,Average,Government Employee,12200,Approved
EL100373,22,Postgraduate,Computer Science,3,College,Rural,Confirmed,218000,708000,442000,34700,10000,1,Average,Professional,15500,Rejected
EL100374,24,Undergraduate,Arts,3,Government,Urban,Provisional,78000,246000,215000,106200,18200,1,Below Average,Government Employee,89800,Approved
EL100375,23,Undergraduate,Computer Science,4,College,Semi Urban,Confirmed,259000,1126000,557000,32500,900,2,Good,Private Employee,24800,Approved
EL100376,21,Diploma,Law,4,College,Semi Urban,Confirmed,108000,460000,279000,63500,0,0,Excellent,Government Employee,25100,Approved
EL100377,19,Diploma,Science,4,Private,Semi Urban,Provisional,106000,469000,330000,22200,4300,4,Average,Private Employee,29200,Rejected
EL100378,24,Undergraduate,Computer Science,3,University,Urban,Confirmed,144000,519000,379000,35500,8700,1,Below Average,Government Employee,20900,Rejected
EL100379,18,Diploma,Other Professional,2,Government,Urban,Confirmed,95000,229000,162000,109500,18700,4,Average,Business Owner,11200,Approved
EL100380,18,Undergraduate,Medical,4,Private,Urban,Provisional,715000,3044000,2238000,56500,10500,2,Excellent,Professional,16000,Rejected
EL100381,26,Undergraduate,Medical,4,College,Semi Urban,Confirmed,436000,2030000,1313000,19900,3700,2,Below Average,Self Employed,20900,Rejected
EL100382,22,Undergraduate,Commerce,3,University,Urban,Provisional,71000,227000,214000,24000,3100,2,Excellent,Government Employee,22500,Rejected
EL100383,22,Diploma,Computer Science,3,Private,Urban,Confirmed,207000,675000,405000,89400,0,0,Below Average,Private Employee,19500,Approved
EL100384,23,Postgraduate,Medical,4,University,Rural,Provisional,602000,2906000,2504000,41900,2800,2,Average,Private Employee,13100,Rejected
EL100385,21,Postgraduate,Management,2,Government,Semi Urban,Confirmed,218000,543000,462000,35000,7100,1,Excellent,Business Owner,21900,Approved
EL100386,17,Undergraduate,Medical,4,Government,Urban,Confirmed,425000,1877000,1141000,27200,5000,1,Excellent,Professional,54900,Rejected
EL100387,22,Postgraduate,Medical,4,Government,Urban,Confirmed,310000,1495000,1039000,34200,3800,2,Good,Professional,20500,Rejected
EL100388,21,Undergraduate,Management,3,Government,Semi Urban,Provisional,212000,711000,533000,81400,6600,1,Good,Not Applicable,0,Rejected
EL100389,18,Undergraduate,Law,4,Private,Rural,Confirmed,230000,1110000,1110000,28300,4100,2,Excellent,Private Employee,65800,Rejected
EL100390,17,Postgraduate,Science,2,Private,Semi Urban,Confirmed,115000,268000,186000,29700,2900,1,Below Average,Professional,20400,Rejected
EL100391,21,Postgraduate,Computer Science,4,University,Urban,Provisional,180000,835000,835000,54200,6700,4,Excellent,Government Employee,159800,Approved
EL100392,17,Undergraduate,Computer Science,3,College,Rural,Confirmed,160000,582000,504000,23900,3400,4,Below Average,Salaried,48600,Rejected
EL100393,20,Undergraduate,Engineering,4,Private,Urban,Provisional,291000,1384000,1109000,25100,1500,0,Good,Business Owner,31000,Approved
EL100394,20,Undergraduate,Computer Science,3,Government,Urban,Confirmed,155000,579000,511000,40300,8100,3,Good,Business Owner,25900,Rejected
EL100395,21,Postgraduate,Commerce,3,College,Urban,Confirmed,101000,340000,167000,40800,4700,1,Average,Self Employed,62200,Approved
EL100396,22,Postgraduate,Arts,4,Government,Urban,Confirmed,77000,382000,354000,26800,4700,2,Good,Professional,20300,Approved
EL100397,23,Postgraduate,Management,2,Private,Urban,Provisional,332000,807000,445000,50800,6900,3,Good,Not Applicable,0,Rejected
EL100398,19,Undergraduate,Law,1,Government,Urban,Confirmed,133000,153000,135000,44800,12000,1,Average,Self Employed,72000,Approved
EL100399,24,Undergraduate,Science,2,College,Urban,Confirmed,123000,283000,187000,15000,2700,3,Excellent,Business Owner,24200,Rejected
EL100400,20,Undergraduate,Engineering,5,Private,Urban,Confirmed,201000,1237000,779000,59300,9900,1,Good,Salaried,23000,Approved
EL100401,27,Undergraduate,Law,5,College,Rural,Confirmed,198000,1156000,1156000,30200,4900,3,Average,Salaried,20700,Rejected
EL100402,19,Diploma,Medical,4,College,Semi Urban,Confirmed,488000,2181000,1603000,60100,19100,2,Good,Salaried,10300,Approved
EL100403,17,Undergraduate,Law,3,College,Semi Urban,Confirmed,154000,489000,254000,113500,14300,1,Excellent,Government Employee,52000,Approved
EL100404,24,Undergraduate,Commerce,2,University,Semi Urban,Provisional,107000,238000,213000,38800,5600,0,Excellent,Not Applicable,0,Approved
EL100405,22,Undergraduate,Management,4,University,Semi Urban,Provisional,377000,1649000,935000,29100,4100,2,Average,Self Employed,53500,Approved
EL100406,25,Undergraduate,Management,2,College,Urban,Confirmed,244000,525000,501000,80000,0,2,Below Average,Business Owner,27100,Approved
EL100407,22,Professional Course,Computer Science,2,Government,Rural,Confirmed,124000,294000,220000,26400,3700,2,Good,Salaried,23600,Rejected
EL100408,29,Professional Course,Science,4,College,Urban,Provisional,136000,614000,343000,103400,22900,2,Good,Business Owner,20600,Approved
EL100409,20,Postgraduate,Science,2,Government,Urban,Confirmed,95000,203000,177000,31800,5600,2,Good,Self Employed,43300,Rejected
EL100410,25,Undergraduate,Management,4,Private,Rural,Confirmed,513000,2289000,1896000,29300,7800,2,Below Average,Government Employee,19100,Rejected
EL100411,19,Postgraduate,Science,4,Private,Urban,Confirmed,110000,474000,205000,131000,26300,0,Below Average,Government Employee,36700,Approved
EL100412,23,Postgraduate,Computer Science,4,College,Urban,Confirmed,223000,1043000,772000,48100,8400,1,Good,Business Owner,30400,Rejected
EL100413,23,Postgraduate,Management,4,Private,Rural,Confirmed,410000,1862000,1480000,90300,19000,1,Excellent,Salaried,16800,Rejected
EL100414,24,Undergraduate,Medical,4,Private,Urban,Confirmed,511000,2528000,1987000,39600,6400,3,Average,Business Owner,23200,Approved
EL100415,24,Undergraduate,Science,4,University,Urban,Provisional,75000,352000,254000,38200,4000,2,Average,Not Applicable,0,Rejected
EL100416,17,Undergraduate,Commerce,4,University,Rural,Confirmed,130000,626000,539000,12000,1400,0,Average,Salaried,25100,Approved
EL100417,21,Undergraduate,Management,4,Government,Rural,Confirmed,160000,715000,597000,66600,0,3,Good,Salaried,84300,Approved
EL100418,19,Postgraduate,Commerce,5,Private,Rural,Confirmed,120000,721000,544000,48700,13300,1,Excellent,Private Employee,33800,Approved
EL100419,20,PhD,Science,6,University,Urban,Confirmed,81000,582000,416000,38000,4300,0,Excellent,Salaried,26700,Approved
EL100420,20,Undergraduate,Engineering,4,College,Semi Urban,Confirmed,198000,989000,764000,54000,1900,2,Average,Self Employed,24400,Rejected
EL100421,24,Diploma,Management,5,College,Semi Urban,Confirmed,370000,2187000,1442000,40900,4000,4,Good,Salaried,26200,Rejected
EL100422,22,Undergraduate,Management,2,Government,Semi Urban,Confirmed,186000,459000,274000,25000,7200,3,Good,Salaried,21300,Rejected
EL100423,19,Undergraduate,Engineering,5,Government,Urban,Confirmed,157000,960000,558000,48100,6600,2,Below Average,Private Employee,18900,Approved
EL100424,17,Postgraduate,Management,5,University,Semi Urban,Confirmed,247000,1524000,1120000,36500,5600,3,Below Average,Professional,41300,Rejected
EL100425,26,Undergraduate,Arts,1,Private,Urban,Confirmed,128000,149000,93000,58100,18500,2,Average,Government Employee,69400,Approved
EL100426,19,Professional Course,Medical,4,University,Rural,Confirmed,435000,1905000,1383000,34900,7200,3,Average,Salaried,23200,Rejected
EL100427,21,Professional Course,Science,3,College,Semi Urban,Confirmed,102000,357000,339000,31800,3300,3,Average,Government Employee,37700,Rejected
EL100428,28,Undergraduate,Other Professional,4,Government,Semi Urban,Provisional,97000,479000,344000,30600,0,1,Good,Salaried,20600,Rejected
EL100429,19,Undergraduate,Medical,4,College,Urban,Confirmed,608000,3027000,2333000,25800,4800,2,Excellent,Salaried,31500,Approved
EL100430,20,Undergraduate,Management,4,Private,Urban,Confirmed,342000,1695000,1213000,30900,2100,1,Average,Private Employee,14500,Approved
EL100431,22,Professional Course,Engineering,3,College,Urban,Provisional,248000,847000,801000,49800,9400,2,Good,Not Applicable,0,Rejected
EL100432,17,Undergraduate,Commerce,3,Private,Semi Urban,Confirmed,159000,578000,577000,27600,3500,0,Good,Not Applicable,0,Rejected
EL100433,17,Diploma,Computer Science,5,College,Semi Urban,Provisional,204000,1171000,796000,22300,3700,2,Average,Self Employed,27500,Rejected
EL100434,19,Undergraduate,Computer Science,4,Government,Urban,Confirmed,188000,894000,768000,59600,12600,4,Good,Professional,15600,Approved
EL100435,19,Postgraduate,Arts,3,Private,Urban,Confirmed,167000,569000,569000,37500,0,2,Average,Private Employee,8700,Rejected
EL100436,21,Undergraduate,Arts,5,Government,Urban,Confirmed,85000,472000,272000,58900,8300,0,Good,Not Applicable,0,Rejected
EL100437,18,Diploma,Computer Science,2,University,Urban,Provisional,168000,382000,343000,35900,4600,0,Average,Professional,27000,Rejected
EL100438,23,Postgraduate,Law,2,College,Urban,Provisional,118000,262000,128000,30200,4700,4,Below Average,Business Owner,19200,Rejected
EL100439,17,Undergraduate,Law,2,College,Urban,Confirmed,196000,445000,336000,16800,2900,2,Average,Salaried,21600,Approved
EL100440,21,Undergraduate,Commerce,5,University,Urban,Provisional,118000,699000,510000,22800,3300,2,Good,Self Employed,34400,Rejected
EL100441,22,Postgraduate,Engineering,5,Government,Semi Urban,Confirmed,160000,872000,431000,25900,1900,1,Good,Professional,18900,Approved
EL100442,22,Postgraduate,Arts,4,College,Urban,Confirmed,124000,588000,537000,46200,1300,2,Below Average,Private Employee,28500,Approved
EL100443,20,PhD,Law,5,Private,Urban,Confirmed,270000,1437000,1110000,38000,0,2,Good,Government Employee,96300,Approved
EL100444,19,Undergraduate,Computer Science,3,University,Semi Urban,Confirmed,193000,608000,371000,24000,3400,3,Average,Government Employee,24100,Approved
EL100445,20,Professional Course,Arts,4,Private,Urban,Confirmed,128000,561000,448000,12000,2100,2,Good,Self Employed,26600,Rejected
EL100446,25,Undergraduate,Management,4,College,Urban,Confirmed,260000,1134000,1004000,50600,5000,1,Average,Not Applicable,0,Rejected
EL100447,19,PhD,Computer Science,4,Private,Urban,Confirmed,209000,1017000,493000,62200,12700,2,Good,Private Employee,19000,Approved
EL100448,24,Professional Course,Science,2,Private,Urban,Confirmed,140000,336000,101000,65000,7800,2,Good,Salaried,21500,Approved
EL100449,25,Postgraduate,Science,5,Government,Semi Urban,Confirmed,73000,432000,321000,24800,3000,0,Excellent,Salaried,28200,Approved
EL100450,17,Professional Course,Engineering,4,Private,Urban,Confirmed,190000,905000,574000,67100,0,2,Below Average,Professional,33100,Approved
EL100451,21,Postgraduate,Engineering,2,Private,Rural,Confirmed,273000,646000,614000,53300,4800,1,Good,Government Employee,17800,Approved
EL100452,18,Diploma,Management,5,College,Urban,Confirmed,286000,1738000,1207000,53100,11300,3,Average,Professional,40400,Approved
EL100453,17,Undergraduate,Management,3,University,Semi Urban,Confirmed,306000,1062000,846000,29600,7600,1,Excellent,Salaried,69600,Rejected
EL100454,24,Undergraduate,Arts,4,College,Rural,Confirmed,106000,447000,323000,37600,4200,2,Average,Salaried,10400,Rejected
EL100455,23,Postgraduate,Engineering,2,Private,Urban,Confirmed,223000,545000,282000,100300,20900,2,Good,Government Employee,36900,Approved
EL100456,22,PhD,Arts,6,University,Semi Urban,Provisional,118000,810000,611000,92800,23900,3,Good,Government Employee,28300,Rejected
EL100457,17,Professional Course,Computer Science,1,Private,Urban,Confirmed,285000,352000,194000,39200,1800,4,Good,Not Applicable,0,Approved
EL100458,22,Postgraduate,Commerce,5,College,Urban,Confirmed,101000,620000,337000,44200,7000,0,Good,Salaried,35600,Approved
EL100459,17,PhD,Computer Science,6,Private,Semi Urban,Confirmed,266000,1803000,1055000,13400,2000,0,Average,Self Employed,63500,Approved
EL100460,21,Diploma,Science,2,Private,Urban,Confirmed,97000,240000,137000,73300,16600,2,Good,Not Applicable,0,Approved
EL100461,19,Diploma,Management,2,Private,Rural,Confirmed,502000,1066000,766000,58300,3200,2,Below Average,Self Employed,50400,Approved
EL100462,25,Undergraduate,Management,4,Private,Semi Urban,Confirmed,557000,2635000,1821000,47700,7600,2,Excellent,Not Applicable,0,Approved
EL100463,20,Postgraduate,Commerce,1,College,Semi Urban,Confirmed,79000,94000,75000,29700,3200,2,Good,Salaried,36300,Approved
EL100464,22,Postgraduate,Management,2,Government,Semi Urban,Provisional,190000,463000,238000,41500,7000,3,Average,Business Owner,22000,Rejected
EL100465,22,Diploma,Management,4,University,Semi Urban,Provisional,388000,1776000,1265000,83500,20000,2,Below Average,Private Employee,30400,Rejected
EL100466,21,Postgraduate,Law,1,Private,Urban,Confirmed,242000,266000,180000,48100,12600,2,Good,Professional,25600,Rejected
EL100467,21,Diploma,Arts,4,Government,Semi Urban,Confirmed,64000,271000,211000,149600,36000,1,Average,Self Employed,31500,Approved
EL100468,22,Professional Course,Engineering,4,College,Urban,Confirmed,208000,951000,749000,60200,2500,4,Average,Self Employed,12000,Rejected
EL100469,18,Postgraduate,Arts,1,University,Urban,Confirmed,134000,153000,118000,25400,2200,2,Average,Private Employee,16100,Rejected
EL100470,22,Diploma,Medical,4,College,Urban,Provisional,427000,1915000,1152000,32700,7200,1,Below Average,Business Owner,57200,Rejected
EL100471,24,Postgraduate,Management,1,Private,Urban,Confirmed,476000,560000,422000,28100,5200,4,Good,Not Applicable,0,Approved
EL100472,22,Postgraduate,Medical,5,University,Urban,Confirmed,634000,3665000,2467000,61600,6600,2,Average,Salaried,11500,Approved
EL100473,20,Postgraduate,Engineering,2,University,Semi Urban,Confirmed,138000,296000,280000,71500,3400,2,Below Average,Salaried,21800,Approved
EL100474,22,Professional Course,Management,4,University,Semi Urban,Confirmed,406000,1721000,1319000,94700,0,3,Good,Government Employee,19700,Approved
EL100475,20,Diploma,Computer Science,4,Government,Rural,Confirmed,192000,943000,718000,34000,0,1,Average,Professional,34200,Approved
EL100476,21,Diploma,Management,4,Government,Semi Urban,Confirmed,255000,1222000,682000,50700,5200,2,Good,Private Employee,28400,Approved
EL100477,17,Undergraduate,Engineering,3,Government,Semi Urban,Confirmed,134000,459000,304000,76100,7900,1,Good,Government Employee,43200,Approved
EL100478,26,Postgraduate,Medical,4,University,Rural,Provisional,561000,2579000,2034000,87100,14500,3,Good,Not Applicable,0,Approved
EL100479,28,PhD,Medical,6,University,Semi Urban,Confirmed,577000,3714000,2742000,21700,4000,0,Excellent,Salaried,36000,Rejected
EL100480,19,Professional Course,Computer Science,4,University,Urban,Confirmed,162000,715000,527000,54700,18200,1,Good,Professional,24700,Approved
EL100481,24,Professional Course,Medical,4,Government,Urban,Confirmed,317000,1541000,750000,22100,1300,1,Average,Self Employed,19800,Approved
EL100482,26,Diploma,Computer Science,1,University,Urban,Confirmed,154000,166000,104000,29700,0,2,Good,Private Employee,37900,Approved
EL100483,18,Diploma,Computer Science,4,Government,Urban,Confirmed,134000,574000,407000,20900,1000,0,Excellent,Government Employee,26000,Approved
EL100484,17,Undergraduate,Medical,4,College,Rural,Confirmed,611000,2839000,2641000,29400,8300,2,Good,Private Employee,28100,Rejected
EL100485,26,Diploma,Arts,4,Private,Urban,Confirmed,178000,867000,404000,19400,2500,3,Average,Government Employee,62000,Approved
EL100486,21,Undergraduate,Commerce,4,University,Rural,Confirmed,96000,432000,256000,22200,4900,0,Good,Salaried,30900,Rejected
EL100487,19,PhD,Commerce,4,Government,Urban,Confirmed,79000,373000,174000,25500,2000,3,Average,Business Owner,86700,Rejected
EL100488,21,Undergraduate,Management,5,Private,Rural,Confirmed,452000,2781000,2221000,46700,4000,3,Good,Salaried,8300,Approved
EL100489,20,Professional Course,Management,4,Private,Urban,Provisional,417000,2049000,1901000,40800,0,0,Average,Not Applicable,0,Rejected
EL100490,31,Postgraduate,Computer Science,2,Private,Urban,Provisional,320000,732000,589000,17600,1800,0,Average,Private Employee,16100,Rejected
EL100491,19,Undergraduate,Other Professional,1,Government,Rural,Provisional,56000,62000,52000,158100,20700,2,Average,Salaried,17800,Approved
EL100492,22,Postgraduate,Management,4,Private,Urban,Confirmed,305000,1421000,846000,31400,6500,1,Average,Business Owner,20700,Rejected
EL100493,26,Diploma,Commerce,4,Government,Semi Urban,Confirmed,66000,326000,263000,20600,3700,2,Below Average,Private Employee,49400,Rejected
EL100494,26,Diploma,Management,2,College,Urban,Confirmed,414000,982000,623000,53700,16600,2,Excellent,Salaried,23800,Rejected
EL100495,25,Diploma,Law,2,Private,Semi Urban,Provisional,277000,688000,522000,40000,4600,2,Good,Government Employee,15900,Rejected
EL100496,20,Postgraduate,Medical,4,Private,Semi Urban,Confirmed,772000,3600000,2971000,26700,4100,3,Good,Government Employee,42700,Approved
EL100497,20,Undergraduate,Computer Science,3,Private,Semi Urban,Provisional,298000,942000,665000,48800,6300,3,Below Average,Business Owner,15500,Rejected
EL100498,17,PhD,Computer Science,5,University,Urban,Confirmed,229000,1305000,1139000,28700,1900,2,Good,Government Employee,74600,Approved
EL100499,21,Professional Course,Arts,3,Government,Semi Urban,Provisional,70000,258000,187000,34600,5800,0,Average,Salaried,14600,Rejected
EL100500,21,Diploma,Arts,3,University,Urban,Provisional,90000,285000,225000,83500,8800,0,Below Average,Professional,25400,Approved
EL100501,24,Undergraduate,Arts,2,College,Semi Urban,Confirmed,70000,164000,164000,42700,11900,2,Excellent,Government Employee,85700,Approved
EL100502,27,Diploma,Arts,3,Private,Semi Urban,Confirmed,96000,324000,267000,54600,3200,2,Good,Government Employee,24900,Approved
EL100503,23,Undergraduate,Computer Science,1,Government,Urban,Confirmed,193000,218000,139000,30900,3100,3,Good,Private Employee,37500,Rejected
EL100504,25,Professional Course,Engineering,1,Government,Semi Urban,Confirmed,154000,179000,121000,43300,800,2,Excellent,Self Employed,28000,Approved
EL100505,21,Undergraduate,Science,5,College,Urban,Confirmed,118000,668000,588000,27300,4400,2,Good,Business Owner,29700,Approved
EL100506,25,Undergraduate,Management,1,Government,Urban,Confirmed,271000,334000,303000,26700,300,4,Good,Salaried,19000,Rejected
EL100507,21,Undergraduate,Engineering,1,Government,Semi Urban,Confirmed,142000,158000,118000,32700,4200,1,Excellent,Private Employee,38100,Approved
EL100508,25,Diploma,Engineering,5,College,Semi Urban,Provisional,210000,1262000,657000,28400,700,1,Excellent,Self Employed,61700,Approved
EL100509,24,Postgraduate,Computer Science,5,College,Semi Urban,Confirmed,251000,1341000,815000,67400,2800,4,Excellent,Salaried,10200,Approved
EL100510,22,Diploma,Management,4,Private,Rural,Provisional,319000,1425000,1107000,53600,3300,4,Good,Salaried,17900,Approved
EL100511,17,Undergraduate,Commerce,2,Government,Urban,Confirmed,58000,125000,105000,12800,2500,0,Average,Self Employed,21900,Approved
EL100512,25,PhD,Commerce,6,Private,Rural,Provisional,147000,965000,869000,95000,11500,2,Good,Private Employee,18300,Rejected
EL100513,22,Postgraduate,Engineering,4,College,Semi Urban,Confirmed,138000,642000,286000,55300,6600,3,Below Average,Salaried,42300,Approved
EL100514,23,Undergraduate,Medical,4,Private,Urban,Confirmed,784000,3507000,3089000,71100,12800,1,Good,Business Owner,21300,Approved
EL100515,22,Diploma,Law,2,Government,Semi Urban,Provisional,135000,286000,276000,36800,2600,0,Good,Salaried,31100,Rejected
EL100516,23,Postgraduate,Arts,3,College,Urban,Confirmed,129000,473000,185000,19000,0,0,Good,Private Employee,67500,Approved
EL100517,26,Postgraduate,Science,2,University,Rural,Provisional,93000,220000,165000,20700,600,2,Excellent,Professional,11100,Approved
EL100518,19,Undergraduate,Engineering,4,Private,Urban,Confirmed,205000,1018000,879000,94200,9800,1,Below Average,Salaried,35400,Rejected
EL100519,23,Diploma,Law,3,College,Urban,Confirmed,206000,748000,403000,17800,2200,1,Average,Business Owner,27800,Approved
EL100520,18,Undergraduate,Science,3,University,Semi Urban,Confirmed,134000,467000,315000,19500,3500,0,Good,Government Employee,27800,Approved
EL100521,23,Postgraduate,Computer Science,4,College,Urban,Confirmed,184000,841000,701000,32300,3800,3,Below Average,Not Applicable,0,Approved
EL100522,22,Postgraduate,Commerce,5,Government,Urban,Confirmed,93000,576000,387000,20100,4500,3,Average,Business Owner,24100,Rejected
EL100523,19,Diploma,Medical,5,Private,Urban,Confirmed,889000,5044000,3508000,52400,8500,3,Average,Government Employee,29600,Approved
EL100524,21,Undergraduate,Commerce,4,University,Rural,Confirmed,94000,436000,341000,54500,200,0,Good,Private Employee,26900,Approved
EL100525,19,Undergraduate,Science,2,Private,Urban,Confirmed,129000,288000,165000,49400,0,4,Good,Private Employee,43600,Approved
EL100526,20,Undergraduate,Computer Science,5,Private,Urban,Confirmed,365000,2019000,1191000,29500,1200,4,Good,Not Applicable,0,Approved
EL100527,22,Postgraduate,Engineering,2,University,Urban,Confirmed,219000,534000,438000,46400,6600,1,Good,Self Employed,13800,Rejected
EL100528,22,Undergraduate,Management,1,University,Rural,Confirmed,340000,374000,334000,97900,16000,4,Below Average,Self Employed,9900,Rejected
EL100529,17,Diploma,Arts,3,Private,Rural,Confirmed,185000,599000,485000,19600,2400,2,Excellent,Not Applicable,0,Rejected
EL100530,22,Undergraduate,Arts,4,Private,Rural,Confirmed,176000,842000,803000,70100,9900,0,Excellent,Salaried,45100,Approved
EL100531,20,Postgraduate,Computer Science,2,University,Urban,Provisional,150000,365000,297000,60100,15000,2,Average,Private Employee,15600,Approved
EL100532,20,Postgraduate,Other Professional,2,University,Urban,Confirmed,105000,259000,259000,38100,5000,2,Good,Not Applicable,0,Rejected
EL100533,17,Undergraduate,Engineering,2,Private,Semi Urban,Confirmed,322000,762000,579000,43600,7000,3,Good,Professional,84000,Approved
EL100534,21,Diploma,Engineering,4,Private,Urban,Provisional,189000,846000,667000,48000,13100,1,Good,Salaried,60000,Rejected
EL100535,19,Postgraduate,Medical,4,Government,Urban,Provisional,263000,1212000,982000,24600,0,3,Good,Private Employee,61900,Approved
EL100536,25,Diploma,Science,3,College,Rural,Confirmed,130000,424000,278000,17700,5000,3,Excellent,Salaried,36000,Approved
EL100537,17,Postgraduate,Arts,3,College,Urban,Provisional,124000,406000,257000,63100,0,0,Average,Self Employed,43800,Approved
EL100538,18,Undergraduate,Arts,4,University,Urban,Confirmed,82000,403000,248000,21500,1200,2,Good,Business Owner,25400,Approved
EL100539,17,Undergraduate,Science,3,Private,Urban,Confirmed,112000,410000,273000,23200,1800,2,Below Average,Business Owner,13600,Rejected
EL100540,22,Postgraduate,Management,3,Government,Urban,Confirmed,269000,892000,892000,31000,0,1,Good,Not Applicable,0,Rejected
EL100541,25,PhD,Management,6,Private,Rural,Confirmed,343000,2317000,2317000,46300,5300,2,Below Average,Salaried,29800,Rejected
EL100542,23,Undergraduate,Commerce,4,Private,Urban,Confirmed,108000,536000,376000,31300,3900,3,Below Average,Not Applicable,0,Rejected
EL100543,17,Undergraduate,Management,4,Private,Urban,Confirmed,541000,2442000,1677000,27900,5500,2,Good,Private Employee,27100,Approved
EL100544,19,Postgraduate,Computer Science,1,Government,Urban,Confirmed,177000,197000,84000,64600,12500,2,Average,Salaried,41600,Approved
EL100545,18,Postgraduate,Engineering,5,Government,Urban,Confirmed,124000,676000,406000,34000,5000,0,Excellent,Not Applicable,0,Approved
EL100546,23,Professional Course,Management,3,College,Semi Urban,Provisional,341000,1158000,728000,26900,6200,2,Excellent,Not Applicable,0,Approved
EL100547,19,Undergraduate,Computer Science,5,Private,Semi Urban,Confirmed,270000,1516000,1037000,48900,9200,3,Average,Not Applicable,0,Rejected
EL100548,17,PhD,Engineering,6,College,Semi Urban,Confirmed,161000,1156000,768000,41300,4200,4,Excellent,Professional,61800,Approved
EL100549,23,Diploma,Other Professional,3,University,Urban,Confirmed,139000,467000,365000,40700,5700,3,Average,Government Employee,34800,Approved
EL100550,25,Diploma,Engineering,2,College,Urban,Provisional,195000,445000,385000,50100,3600,0,Good,Government Employee,86400,Approved
EL100551,20,Undergraduate,Law,3,Government,Urban,Confirmed,120000,401000,257000,37500,700,4,Good,Government Employee,26200,Approved
EL100552,21,Undergraduate,Engineering,3,Government,Rural,Confirmed,124000,414000,400000,61200,10300,3,Good,Salaried,61600,Approved
EL100553,17,Undergraduate,Science,5,University,Semi Urban,Confirmed,105000,578000,463000,19600,0,0,Below Average,Not Applicable,0,Rejected
EL100554,17,Diploma,Computer Science,5,Private,Urban,Confirmed,243000,1397000,1234000,74700,8500,2,Average,Private Employee,10900,Rejected
EL100555,17,Undergraduate,Engineering,3,Government,Semi Urban,Confirmed,126000,429000,293000,25400,0,1,Average,Government Employee,64700,Approved
EL100556,21,Undergraduate,Medical,5,University,Semi Urban,Confirmed,570000,3025000,2517000,17700,2400,2,Average,Self Employed,17900,Rejected
EL100557,20,Undergraduate,Management,5,Government,Semi Urban,Confirmed,266000,1644000,1345000,27100,1700,1,Average,Business Owner,25900,Approved
EL100558,23,PhD,Science,6,Government,Semi Urban,Confirmed,88000,591000,573000,33700,6100,3,Excellent,Government Employee,48100,Rejected
EL100559,20,Undergraduate,Engineering,3,College,Rural,Confirmed,127000,458000,388000,27800,3100,1,Below Average,Not Applicable,0,Rejected
EL100560,24,Postgraduate,Medical,4,Private,Urban,Confirmed,725000,3571000,3136000,24800,2900,3,Good,Private Employee,28600,Rejected
EL100561,24,Diploma,Commerce,5,Private,Urban,Confirmed,130000,684000,459000,66500,9000,0,Good,Business Owner,42700,Approved
EL100562,20,Professional Course,Commerce,4,Government,Rural,Confirmed,79000,340000,316000,26000,1900,0,Average,Salaried,18900,Rejected
EL100563,17,Diploma,Management,3,College,Semi Urban,Confirmed,395000,1289000,720000,13000,1000,0,Average,Business Owner,26100,Approved
EL100564,17,Postgraduate,Engineering,3,College,Semi Urban,Confirmed,224000,825000,548000,33700,2700,1,Good,Private Employee,24500,Approved
EL100565,26,Undergraduate,Computer Science,2,Private,Urban,Confirmed,252000,584000,463000,111600,13300,2,Good,Self Employed,50500,Approved
EL100566,18,Undergraduate,Medical,4,Private,Urban,Confirmed,822000,3657000,2110000,23600,1900,2,Good,Salaried,70400,Approved
EL100567,17,Undergraduate,Commerce,2,University,Rural,Provisional,77000,163000,100000,25600,4400,2,Excellent,Private Employee,16200,Rejected
EL100568,21,Postgraduate,Medical,4,Government,Urban,Confirmed,276000,1167000,714000,32800,0,3,Average,Salaried,31000,Approved
EL100569,17,Undergraduate,Other Professional,3,Private,Semi Urban,Confirmed,116000,406000,328000,86900,0,2,Average,Not Applicable,0,Approved
EL100570,21,Postgraduate,Computer Science,4,Government,Urban,Confirmed,137000,652000,473000,33500,10000,2,Good,Private Employee,30200,Approved
EL100571,20,Postgraduate,Computer Science,1,Government,Rural,Confirmed,148000,167000,149000,24100,2200,2,Excellent,Salaried,78600,Approved
EL100572,24,Diploma,Science,1,University,Urban,Confirmed,98000,109000,109000,48100,1900,4,Good,Self Employed,36600,Rejected
EL100573,24,Undergraduate,Other Professional,3,Private,Rural,Provisional,154000,560000,443000,46400,5900,1,Excellent,Not Applicable,0,Rejected
EL100574,25,Professional Course,Arts,2,Private,Urban,Confirmed,106000,259000,174000,51200,10200,1,Good,Self Employed,14000,Approved
EL100575,22,PhD,Computer Science,6,Private,Rural,Confirmed,288000,1947000,1568000,23600,4400,2,Average,Professional,51500,Approved
EL100576,18,Undergraduate,Science,3,Private,Urban,Confirmed,120000,432000,266000,30300,1900,2,Good,Professional,23100,Rejected
EL100577,17,Undergraduate,Engineering,3,College,Rural,Provisional,172000,632000,468000,70500,5900,0,Below Average,Not Applicable,0,Approved
EL100578,19,Professional Course,Arts,4,Private,Semi Urban,Confirmed,143000,644000,644000,49200,4900,3,Average,Government Employee,35100,Rejected
EL100579,28,Professional Course,Commerce,4,Private,Urban,Provisional,107000,463000,333000,60100,9500,1,Good,Government Employee,40900,Approved
EL100580,20,Undergraduate,Computer Science,2,Private,Urban,Confirmed,262000,589000,468000,39100,5200,2,Good,Salaried,24300,Approved
EL100581,22,Undergraduate,Science,4,College,Semi Urban,Confirmed,123000,523000,380000,68100,3200,1,Excellent,Professional,17700,Approved
EL100582,26,Professional Course,Arts,2,University,Semi Urban,Confirmed,89000,188000,129000,46500,3900,3,Average,Not Applicable,0,Rejected
EL100583,22,Postgraduate,Arts,3,Government,Urban,Confirmed,86000,313000,257000,30900,3300,1,Excellent,Government Employee,43300,Approved
EL100584,18,Diploma,Law,3,Government,Urban,Provisional,90000,330000,185000,58300,15400,1,Average,Business Owner,51200,Approved
EL100585,24,Undergraduate,Commerce,4,Private,Semi Urban,Confirmed,166000,783000,568000,25900,3000,0,Average,Government Employee,24400,Rejected
EL100586,20,Diploma,Medical,4,University,Semi Urban,Confirmed,418000,2042000,1116000,86800,37100,1,Good,Professional,18800,Approved
EL100587,22,Postgraduate,Engineering,4,Government,Semi Urban,Confirmed,172000,851000,835000,66400,7000,1,Good,Salaried,22200,Approved
EL100588,23,Postgraduate,Computer Science,4,Private,Urban,Provisional,218000,1035000,930000,34700,0,0,Good,Business Owner,12900,Rejected
EL100589,19,Diploma,Medical,4,University,Urban,Confirmed,700000,3451000,2191000,36600,5900,2,Average,Private Employee,24700,Approved
EL100590,22,Undergraduate,Commerce,4,Private,Urban,Confirmed,116000,573000,270000,42900,9600,2,Below Average,Government Employee,20500,Rejected
EL100591,27,Postgraduate,Science,3,University,Urban,Confirmed,120000,398000,328000,36800,6400,2,Below Average,Not Applicable,0,Rejected
EL100592,19,Postgraduate,Medical,4,Private,Rural,Confirmed,617000,3060000,2275000,77600,11500,0,Excellent,Private Employee,30500,Approved
EL100593,26,Postgraduate,Law,3,University,Urban,Confirmed,114000,426000,426000,30700,2900,1,Average,Private Employee,31300,Approved
EL100594,19,Professional Course,Arts,3,University,Urban,Confirmed,72000,239000,230000,18900,2000,4,Average,Salaried,21500,Rejected
EL100595,27,Postgraduate,Other Professional,4,College,Urban,Confirmed,80000,376000,318000,35300,0,1,Below Average,Private Employee,15500,Approved
EL100596,18,Undergraduate,Engineering,4,University,Urban,Provisional,177000,775000,520000,58500,12100,3,Good,Salaried,13500,Rejected
EL100597,20,Undergraduate,Computer Science,5,Private,Semi Urban,Confirmed,299000,1687000,1199000,66700,6400,0,Good,Private Employee,33100,Approved
EL100598,26,Postgraduate,Commerce,4,University,Semi Urban,Confirmed,103000,484000,385000,42500,9900,0,Good,Private Employee,32000,Approved
EL100599,26,Undergraduate,Arts,3,College,Semi Urban,Provisional,114000,362000,291000,29200,2400,4,Average,Government Employee,13800,Rejected
EL100600,24,Postgraduate,Law,2,Private,Urban,Confirmed,155000,366000,236000,39300,4900,2,Average,Not Applicable,0,Approved
EL100601,17,Undergraduate,Law,1,Private,Rural,Confirmed,238000,273000,149000,28900,7000,2,Excellent,Government Employee,47100,Approved
EL100602,21,Undergraduate,Medical,4,Government,Rural,Confirmed,437000,1879000,1879000,12700,3200,2,Below Average,Business Owner,17000,Rejected
EL100603,21,Undergraduate,Management,2,University,Rural,Confirmed,258000,612000,462000,26200,5400,3,Average,Not Applicable,0,Rejected
EL100604,18,Postgraduate,Arts,2,Private,Urban,Confirmed,169000,419000,341000,51800,0,4,Excellent,Professional,27600,Rejected
EL100605,23,Undergraduate,Engineering,4,Government,Urban,Provisional,110000,462000,287000,35100,500,0,Good,Self Employed,34400,Rejected
EL100606,18,Postgraduate,Other Professional,3,Private,Rural,Confirmed,136000,464000,443000,34400,6600,1,Good,Salaried,32700,Approved
EL100607,17,Undergraduate,Arts,1,College,Semi Urban,Confirmed,126000,135000,122000,69800,4700,3,Average,Private Employee,43000,Approved
EL100608,17,Professional Course,Science,3,Government,Urban,Confirmed,83000,272000,206000,24800,3400,0,Good,Self Employed,67100,Rejected
EL100609,27,Postgraduate,Law,4,Private,Rural,Confirmed,213000,978000,764000,26000,3900,1,Below Average,Business Owner,35100,Rejected
EL100610,19,Diploma,Engineering,3,College,Semi Urban,Confirmed,173000,575000,456000,47400,7300,0,Excellent,Private Employee,39900,Rejected
EL100611,19,PhD,Management,6,College,Semi Urban,Provisional,328000,2322000,1776000,28100,1000,2,Good,Not Applicable,0,Rejected
EL100612,17,PhD,Commerce,6,Private,Urban,Confirmed,144000,953000,795000,28000,6200,2,Excellent,Private Employee,22100,Rejected
EL100613,26,PhD,Science,6,Government,Semi Urban,Confirmed,97000,701000,565000,87100,7200,1,Excellent,Professional,17800,Approved
EL100614,17,Undergraduate,Arts,4,Private,Semi Urban,Confirmed,173000,752000,544000,23500,4300,0,Average,Not Applicable,0,Rejected
EL100615,17,Undergraduate,Engineering,4,Private,Urban,Confirmed,190000,936000,538000,27800,3100,2,Average,Self Employed,15200,Approved
EL100616,20,Diploma,Commerce,3,Private,Semi Urban,Confirmed,133000,451000,337000,50000,15100,2,Below Average,Salaried,19100,Rejected
EL100617,21,Postgraduate,Medical,4,Private,Urban,Confirmed,750000,3183000,2745000,39200,10200,3,Average,Self Employed,68000,Approved
EL100618,23,Postgraduate,Management,2,University,Urban,Provisional,358000,766000,652000,20200,6500,3,Good,Self Employed,11600,Approved
EL100619,19,Postgraduate,Other Professional,2,University,Rural,Provisional,82000,190000,180000,97900,27300,0,Good,Business Owner,35100,Approved
EL100620,26,Undergraduate,Engineering,5,College,Urban,Confirmed,231000,1423000,1370000,27000,3200,2,Average,Government Employee,13500,Rejected
EL100621,19,Undergraduate,Engineering,4,University,Urban,Provisional,205000,946000,809000,35500,2900,3,Average,Government Employee,37300,Approved
EL100622,17,Postgraduate,Management,1,Private,Semi Urban,Confirmed,303000,345000,268000,49900,1400,2,Excellent,Business Owner,81500,Approved
EL100623,17,Postgraduate,Science,2,Government,Semi Urban,Confirmed,52000,125000,100000,118300,18200,3,Below Average,Self Employed,17000,Approved
EL100624,18,Diploma,Engineering,3,College,Semi Urban,Confirmed,212000,697000,463000,32700,4300,4,Below Average,Not Applicable,0,Rejected
EL100625,17,Diploma,Engineering,4,University,Urban,Provisional,221000,1048000,912000,25300,3200,1,Average,Government Employee,36200,Approved
EL100626,24,Undergraduate,Management,5,Private,Semi Urban,Provisional,372000,2034000,1929000,51500,2900,0,Good,Government Employee,21100,Rejected
EL100627,17,Undergraduate,Commerce,2,Government,Urban,Confirmed,57000,139000,126000,114000,18500,0,Good,Self Employed,26900,Approved
EL100628,21,Undergraduate,Engineering,1,University,Urban,Confirmed,154000,189000,158000,43000,4100,0,Average,Not Applicable,0,Rejected
EL100629,17,Undergraduate,Science,2,Government,Urban,Confirmed,68000,148000,106000,34800,3000,2,Good,Government Employee,40500,Approved
EL100630,17,Diploma,Science,4,University,Urban,Confirmed,114000,492000,343000,48800,7100,0,Good,Government Employee,40700,Approved
EL100631,25,Postgraduate,Computer Science,4,Government,Semi Urban,Provisional,116000,554000,402000,14200,1700,4,Average,Not Applicable,0,Rejected
EL100632,27,PhD,Engineering,6,Private,Urban,Confirmed,305000,2160000,1383000,29500,0,2,Excellent,Government Employee,37800,Approved
EL100633,25,Postgraduate,Computer Science,4,Private,Rural,Confirmed,236000,1109000,877000,16100,1000,4,Excellent,Private Employee,26800,Approved
EL100634,17,Undergraduate,Medical,4,Private,Rural,Confirmed,855000,3939000,1302000,33500,6000,2,Excellent,Not Applicable,0,Approved
EL100635,17,Postgraduate,Management,2,College,Urban,Confirmed,404000,869000,582000,31100,3900,1,Good,Professional,29500,Approved
EL100636,28,Undergraduate,Arts,3,Private,Semi Urban,Confirmed,110000,394000,300000,12000,0,1,Good,Government Employee,40800,Approved
EL100637,20,Undergraduate,Engineering,4,Government,Semi Urban,Provisional,169000,732000,732000,43900,8500,3,Average,Not Applicable,0,Rejected
EL100638,17,Postgraduate,Engineering,4,Government,Urban,Confirmed,150000,695000,522000,54700,6900,0,Excellent,Professional,33500,Approved
EL100639,25,Postgraduate,Engineering,5,Government,Urban,Confirmed,166000,929000,703000,36400,1300,3,Good,Not Applicable,0,Rejected
EL100640,21,Undergraduate,Engineering,2,Private,Semi Urban,Confirmed,229000,511000,319000,18700,1300,0,Excellent,Private Employee,19800,Approved
EL100641,23,Diploma,Medical,5,Government,Urban,Provisional,457000,2780000,2780000,75600,11000,2,Good,Business Owner,53000,Approved
EL100642,17,Postgraduate,Management,2,Private,Semi Urban,Provisional,419000,956000,600000,103600,0,1,Excellent,Private Employee,36500,Approved
EL100643,20,Undergraduate,Arts,3,University,Urban,Confirmed,83000,286000,286000,49000,8200,2,Good,Private Employee,36700,Approved
EL100644,24,Diploma,Engineering,1,College,Urban,Confirmed,252000,310000,198000,33600,7400,3,Average,Business Owner,17700,Rejected
EL100645,19,Undergraduate,Management,2,Government,Semi Urban,Confirmed,286000,664000,592000,33800,7100,0,Below Average,Private Employee,26000,Approved
EL100646,25,Postgraduate,Law,2,College,Urban,Confirmed,118000,286000,212000,49800,11600,4,Good,Private Employee,41400,Approved
EL100647,17,Postgraduate,Computer Science,2,College,Semi Urban,Confirmed,204000,499000,332000,42000,2500,2,Good,Private Employee,36500,Approved
EL100648,21,Postgraduate,Science,4,University,Semi Urban,Confirmed,139000,661000,596000,49900,11100,1,Average,Salaried,121800,Approved
EL100649,27,Diploma,Computer Science,4,University,Urban,Provisional,217000,936000,889000,50300,7800,4,Average,Not Applicable,0,Rejected
EL100650,17,Undergraduate,Engineering,4,Private,Rural,Confirmed,255000,1095000,791000,27700,1500,3,Good,Professional,20600,Rejected
EL100651,22,Undergraduate,Engineering,4,Government,Urban,Confirmed,105000,477000,356000,26600,4600,1,Below Average,Private Employee,23400,Rejected
EL100652,23,Postgraduate,Arts,4,College,Semi Urban,Confirmed,99000,421000,290000,34900,5900,0,Good,Self Employed,18600,Rejected
EL100653,21,Undergraduate,Science,5,College,Urban,Confirmed,105000,583000,457000,50700,13600,4,Below Average,Not Applicable,0,Rejected
EL100654,20,Undergraduate,Computer Science,1,Private,Urban,Confirmed,324000,354000,207000,18400,4400,2,Below Average,Private Employee,31400,Approved
EL100655,18,Postgraduate,Computer Science,5,Government,Rural,Confirmed,142000,751000,260000,35800,2400,2,Below Average,Self Employed,23000,Approved
EL100656,22,Undergraduate,Computer Science,3,Government,Rural,Provisional,160000,542000,254000,39400,6300,0,Excellent,Salaried,62000,Approved
EL100657,21,Postgraduate,Engineering,3,Private,Urban,Confirmed,187000,617000,442000,31500,5000,2,Good,Not Applicable,0,Rejected
EL100658,17,Postgraduate,Engineering,4,College,Urban,Provisional,222000,951000,561000,80900,12300,1,Good,Salaried,47800,Approved
EL100659,25,Diploma,Other Professional,1,Government,Semi Urban,Confirmed,49000,59000,50000,74300,7600,1,Average,Professional,25900,Approved
EL100660,18,PhD,Engineering,4,University,Urban,Confirmed,207000,1021000,687000,49400,14200,1,Good,Private Employee,49100,Approved
EL100661,17,Postgraduate,Management,3,College,Rural,Confirmed,384000,1353000,871000,97300,7200,0,Good,Business Owner,52200,Approved
EL100662,19,Professional Course,Commerce,4,Private,Urban,Confirmed,167000,826000,539000,62300,17400,2,Good,Business Owner,71500,Rejected
EL100663,18,Postgraduate,Management,5,University,Urban,Provisional,241000,1305000,1168000,42900,100,2,Good,Private Employee,22100,Rejected
EL100664,20,Diploma,Other Professional,2,Private,Urban,Confirmed,174000,419000,329000,31600,3000,2,Average,Not Applicable,0,Rejected
EL100665,17,Diploma,Engineering,2,Government,Urban,Confirmed,95000,215000,212000,32900,6500,0,Below Average,Government Employee,19700,Rejected
EL100666,23,PhD,Science,6,Private,Rural,Confirmed,101000,696000,533000,48500,1700,1,Good,Salaried,127000,Approved
EL100667,26,Diploma,Engineering,3,Government,Semi Urban,Confirmed,161000,571000,265000,33300,2100,3,Excellent,Not Applicable,0,Rejected
EL100668,21,Professional Course,Medical,4,University,Urban,Confirmed,414000,1998000,1186000,18800,3300,2,Average,Government Employee,60000,Approved
EL100669,17,Postgraduate,Computer Science,3,Private,Urban,Confirmed,273000,870000,668000,33200,0,0,Good,Salaried,32400,Approved
EL100670,18,Professional Course,Science,4,College,Urban,Confirmed,136000,613000,482000,67100,15400,3,Good,Salaried,48200,Rejected
EL100671,22,Postgraduate,Management,2,Private,Semi Urban,Provisional,343000,825000,546000,12000,3200,2,Good,Government Employee,29500,Rejected
EL100672,17,Undergraduate,Medical,4,College,Semi Urban,Confirmed,623000,2883000,1818000,80900,21600,1,Good,Professional,49400,Approved
EL100673,17,Undergraduate,Management,1,University,Urban,Confirmed,333000,372000,245000,53500,8500,3,Excellent,Business Owner,34600,Approved
EL100674,17,Postgraduate,Engineering,4,University,Semi Urban,Confirmed,177000,749000,546000,35700,3300,1,Average,Salaried,76000,Approved
EL100675,21,Undergraduate,Science,2,Private,Semi Urban,Confirmed,138000,290000,215000,46300,4500,2,Below Average,Private Employee,35200,Approved
EL100676,29,Undergraduate,Law,4,Private,Rural,Confirmed,200000,908000,531000,64900,10100,3,Below Average,Business Owner,20000,Approved
EL100677,17,Undergraduate,Commerce,5,University,Semi Urban,Confirmed,128000,734000,578000,40800,5800,0,Average,Professional,39500,Approved
EL100678,24,Postgraduate,Management,2,University,Urban,Confirmed,381000,835000,656000,64500,6200,2,Good,Private Employee,29900,Approved
EL100679,19,Undergraduate,Commerce,2,University,Urban,Confirmed,96000,232000,170000,61400,16700,0,Below Average,Government Employee,17300,Rejected
EL100680,17,Postgraduate,Computer Science,1,Government,Rural,Confirmed,166000,198000,128000,43800,4700,4,Average,Not Applicable,0,Approved
EL100681,26,Postgraduate,Engineering,5,Government,Urban,Confirmed,135000,734000,624000,23000,6000,1,Good,Government Employee,21200,Rejected
EL100682,29,Diploma,Management,3,Government,Urban,Confirmed,257000,839000,796000,38200,5300,4,Good,Not Applicable,0,Rejected
EL100683,22,Postgraduate,Commerce,4,Government,Urban,Confirmed,51000,249000,170000,14500,1900,1,Average,Salaried,30400,Approved
EL100684,22,Undergraduate,Science,5,University,Semi Urban,Confirmed,94000,580000,380000,50200,8900,3,Average,Private Employee,9700,Approved
EL100685,21,Professional Course,Management,5,Private,Semi Urban,Provisional,379000,2363000,1937000,32500,5700,3,Good,Salaried,23500,Rejected
EL100686,20,Professional Course,Science,5,Private,Semi Urban,Confirmed,151000,896000,515000,29500,3500,1,Good,Not Applicable,0,Rejected
EL100687,22,Undergraduate,Arts,2,Government,Urban,Confirmed,59000,146000,82000,55700,10100,2,Good,Private Employee,26700,Approved
EL100688,23,Undergraduate,Law,4,University,Semi Urban,Confirmed,161000,695000,454000,21300,4100,1,Average,Not Applicable,0,Rejected
EL100689,27,Postgraduate,Other Professional,5,Government,Rural,Confirmed,97000,524000,417000,42400,11800,0,Good,Professional,28400,Rejected
EL100690,19,PhD,Engineering,6,Government,Urban,Confirmed,92000,584000,361000,33900,4600,1,Good,Salaried,38800,Rejected
EL100691,21,PhD,Management,6,College,Urban,Provisional,316000,2195000,1640000,36700,2200,2,Excellent,Salaried,25200,Rejected
EL100692,21,Professional Course,Arts,5,University,Rural,Confirmed,80000,438000,196000,46300,3200,1,Average,Not Applicable,0,Approved
EL100693,25,Professional Course,Science,4,Government,Urban,Confirmed,78000,363000,306000,99900,34300,2,Good,Private Employee,23300,Approved
EL100694,29,Diploma,Engineering,4,Government,Urban,Confirmed,109000,458000,442000,49000,0,3,Good,Professional,41800,Approved
EL100695,25,Undergraduate,Commerce,4,Private,Urban,Confirmed,180000,832000,510000,79200,1800,1,Below Average,Business Owner,18900,Approved
EL100696,24,Undergraduate,Law,3,University,Semi Urban,Confirmed,138000,508000,415000,80600,10700,0,Good,Self Employed,40200,Approved
EL100697,24,Undergraduate,Medical,4,Government,Semi Urban,Confirmed,480000,2295000,1650000,59000,4400,2,Good,Private Employee,25700,Rejected
EL100698,25,Undergraduate,Management,4,Private,Semi Urban,Confirmed,285000,1281000,981000,16000,3300,0,Good,Self Employed,59200,Approved
EL100699,29,Undergraduate,Management,5,Private,Urban,Provisional,519000,2760000,1968000,35600,7000,0,Average,Not Applicable,0,Rejected
EL100700,17,Postgraduate,Management,5,Private,Urban,Confirmed,358000,1967000,1386000,23300,1900,0,Good,Self Employed,16100,Approved
EL100701,23,Diploma,Computer Science,2,University,Urban,Confirmed,168000,387000,242000,168000,44600,1,Good,Not Applicable,0,Approved
EL100702,17,Undergraduate,Engineering,4,College,Urban,Confirmed,237000,1044000,612000,24300,700,2,Good,Government Employee,39000,Approved
EL100703,24,Diploma,Arts,1,Government,Semi Urban,Confirmed,64000,77000,70000,19000,1200,1,Average,Professional,37300,Rejected
EL100704,23,Professional Course,Engineering,4,Government,Semi Urban,Confirmed,140000,693000,345000,12000,3300,4,Good,Private Employee,47400,Approved
EL100705,19,Undergraduate,Science,5,Government,Rural,Confirmed,85000,461000,344000,23900,300,3,Good,Salaried,17100,Approved
EL100706,17,Undergraduate,Engineering,5,Government,Urban,Confirmed,125000,657000,486000,42700,6900,4,Average,Business Owner,19300,Rejected
EL100707,21,Postgraduate,Science,4,Private,Urban,Provisional,104000,444000,330000,69100,18700,2,Average,Business Owner,61400,Approved
EL100708,22,PhD,Management,6,Government,Semi Urban,Confirmed,283000,2056000,1747000,23500,0,0,Average,Not Applicable,0,Rejected
EL100709,21,Diploma,Commerce,3,College,Semi Urban,Confirmed,115000,366000,254000,72100,7200,0,Good,Business Owner,23100,Rejected
EL100710,19,Undergraduate,Engineering,4,College,Urban,Confirmed,238000,1142000,968000,38900,8400,1,Below Average,Salaried,11300,Rejected
EL100711,18,Postgraduate,Computer Science,2,University,Rural,Provisional,247000,559000,559000,31500,3300,2,Good,Not Applicable,0,Rejected
EL100712,21,Diploma,Medical,4,Private,Semi Urban,Confirmed,838000,3805000,2767000,43800,5900,2,Average,Government Employee,17600,Rejected
EL100713,18,Undergraduate,Engineering,4,University,Urban,Provisional,200000,957000,426000,81500,12000,1,Good,Business Owner,21800,Approved
EL100714,24,Postgraduate,Arts,1,Private,Semi Urban,Confirmed,95000,106000,77000,41200,6500,2,Good,Business Owner,35200,Approved
EL100715,21,Postgraduate,Engineering,4,University,Semi Urban,Provisional,237000,1149000,820000,23100,1300,1,Good,Government Employee,14000,Rejected
EL100716,17,Undergraduate,Law,3,Government,Urban,Provisional,135000,433000,351000,49600,9900,2,Good,Private Employee,22200,Rejected
EL100717,22,Professional Course,Computer Science,1,College,Urban,Confirmed,242000,289000,130000,49200,7500,1,Good,Business Owner,14800,Approved
EL100718,22,Undergraduate,Engineering,2,Private,Urban,Confirmed,319000,785000,627000,36500,1000,1,Average,Professional,23600,Approved
EL100719,27,PhD,Law,4,Private,Urban,Confirmed,168000,728000,500000,66900,5900,2,Good,Not Applicable,0,Approved
EL100720,24,Diploma,Engineering,2,Private,Semi Urban,Confirmed,218000,506000,440000,12800,0,4,Average,Not Applicable,0,Rejected
EL100721,18,Undergraduate,Science,4,Government,Urban,Confirmed,57000,269000,181000,48000,7200,2,Good,Salaried,40800,Approved
EL100722,26,Diploma,Management,4,College,Urban,Provisional,346000,1490000,1311000,59400,10300,1,Good,Salaried,22300,Rejected
EL100723,17,Undergraduate,Computer Science,3,University,Semi Urban,Confirmed,201000,699000,366000,19400,2900,2,Good,Salaried,16400,Approved
EL100724,21,Undergraduate,Science,4,College,Urban,Confirmed,77000,339000,255000,19100,3400,2,Good,Not Applicable,0,Rejected
EL100725,24,Undergraduate,Engineering,4,College,Semi Urban,Confirmed,199000,956000,578000,66100,9400,0,Average,Salaried,12700,Approved
EL100726,26,Professional Course,Commerce,4,Private,Semi Urban,Confirmed,127000,591000,400000,72200,14300,2,Excellent,Business Owner,42500,Approved
EL100727,28,Professional Course,Engineering,4,College,Semi Urban,Confirmed,188000,851000,851000,79200,9400,1,Good,Not Applicable,0,Approved
EL100728,25,Undergraduate,Arts,4,College,Urban,Provisional,88000,422000,256000,28400,5500,2,Good,Private Employee,29300,Approved
EL100729,21,Postgraduate,Engineering,2,Government,Urban,Confirmed,102000,244000,169000,44400,600,0,Good,Salaried,11900,Approved
EL100730,23,Professional Course,Engineering,2,Private,Semi Urban,Confirmed,247000,539000,312000,47400,200,3,Excellent,Salaried,30600,Rejected
EL100731,22,Postgraduate,Engineering,2,Private,Urban,Confirmed,209000,441000,310000,17100,2400,0,Average,Self Employed,26100,Approved
EL100732,19,Undergraduate,Commerce,4,University,Semi Urban,Confirmed,98000,431000,314000,43400,8300,1,Excellent,Private Employee,17600,Rejected
EL100733,21,Undergraduate,Other Professional,3,University,Urban,Confirmed,97000,357000,228000,43000,4500,1,Average,Private Employee,33600,Approved
EL100734,27,Postgraduate,Other Professional,5,Private,Semi Urban,Confirmed,183000,1033000,1019000,58300,10900,3,Good,Salaried,23900,Approved
EL100735,23,Undergraduate,Arts,1,College,Urban,Confirmed,83000,90000,83000,30200,4800,4,Excellent,Not Applicable,0,Rejected
EL100736,28,Postgraduate,Science,3,University,Urban,Confirmed,90000,303000,184000,75000,0,1,Good,Not Applicable,0,Approved
EL100737,17,Diploma,Science,2,Private,Urban,Confirmed,169000,381000,332000,41800,14200,0,Excellent,Business Owner,16400,Rejected
EL100738,20,Diploma,Computer Science,4,University,Semi Urban,Provisional,181000,826000,560000,94400,1600,2,Excellent,Private Employee,31500,Approved
EL100739,22,Undergraduate,Medical,4,College,Urban,Confirmed,518000,2362000,1336000,58300,2600,1,Good,Private Employee,31200,Approved
EL100740,24,Diploma,Commerce,4,Private,Urban,Confirmed,167000,741000,476000,46100,10800,0,Average,Salaried,58900,Rejected
EL100741,21,Postgraduate,Engineering,4,Private,Semi Urban,Confirmed,171000,759000,426000,22200,2900,1,Good,Not Applicable,0,Rejected
EL100742,24,Diploma,Science,1,University,Urban,Confirmed,137000,166000,148000,20700,1300,1,Good,Private Employee,24500,Approved
EL100743,24,Undergraduate,Management,4,Private,Semi Urban,Confirmed,415000,1963000,1214000,89400,7800,2,Excellent,Salaried,23500,Approved
EL100744,17,Postgraduate,Medical,4,Government,Urban,Confirmed,431000,2044000,1928000,62200,3200,2,Below Average,Self Employed,32300,Rejected
EL100745,24,Undergraduate,Science,4,College,Urban,Confirmed,134000,583000,450000,34800,2000,1,Good,Not Applicable,0,Rejected
EL100746,25,Undergraduate,Engineering,2,Government,Urban,Confirmed,166000,414000,285000,32600,6600,1,Excellent,Government Employee,17400,Approved
EL100747,22,Diploma,Other Professional,4,Government,Rural,Confirmed,60000,256000,173000,44800,3800,1,Good,Business Owner,23000,Approved
EL100748,17,Postgraduate,Other Professional,4,College,Urban,Confirmed,109000,517000,517000,20500,700,3,Below Average,Not Applicable,0,Rejected
EL100749,20,Undergraduate,Commerce,5,University,Urban,Confirmed,99000,593000,446000,31800,2000,2,Average,Salaried,17300,Rejected
EL100750,23,Postgraduate,Arts,2,Private,Urban,Confirmed,145000,320000,216000,54500,6300,3,Excellent,Professional,24800,Approved
EL100751,18,Diploma,Engineering,5,Private,Semi Urban,Confirmed,303000,1614000,1417000,58300,3600,4,Excellent,Private Employee,135400,Approved
EL100752,24,Postgraduate,Management,5,Government,Urban,Confirmed,199000,1191000,998000,33400,3400,2,Average,Business Owner,20900,Approved
EL100753,24,Diploma,Law,2,Government,Semi Urban,Confirmed,109000,254000,153000,89300,14400,4,Average,Salaried,42700,Rejected
EL100754,21,PhD,Engineering,6,College,Urban,Provisional,203000,1514000,1137000,67700,5900,1,Excellent,Salaried,26700,Rejected
EL100755,21,Diploma,Medical,4,Government,Semi Urban,Confirmed,311000,1487000,712000,27300,1400,1,Good,Private Employee,37900,Approved
EL100756,22,Undergraduate,Management,2,Government,Rural,Confirmed,236000,583000,434000,21200,1400,2,Excellent,Government Employee,16400,Approved
EL100757,21,PhD,Commerce,6,University,Urban,Confirmed,80000,565000,450000,54000,13800,1,Excellent,Business Owner,12700,Rejected
EL100758,17,Undergraduate,Arts,1,College,Rural,Confirmed,114000,131000,107000,32000,10400,2,Excellent,Salaried,63400,Rejected
EL100759,19,Postgraduate,Engineering,2,University,Rural,Provisional,144000,357000,214000,29100,3900,3,Good,Self Employed,14300,Rejected
EL100760,21,Professional Course,Medical,4,Government,Urban,Provisional,435000,2112000,1350000,44900,8800,4,Excellent,Government Employee,67200,Approved
EL100761,26,Undergraduate,Science,5,Private,Semi Urban,Confirmed,113000,597000,470000,57500,2600,2,Average,Self Employed,24200,Approved
EL100762,23,Undergraduate,Engineering,1,College,Semi Urban,Confirmed,207000,241000,226000,59600,4600,3,Good,Salaried,18900,Approved
EL100763,26,Undergraduate,Medical,4,University,Semi Urban,Confirmed,553000,2389000,1825000,41300,7000,2,Good,Self Employed,22400,Rejected
EL100764,17,Professional Course,Engineering,1,College,Semi Urban,Confirmed,180000,223000,149000,12700,0,2,Below Average,Salaried,71800,Approved
EL100765,20,Postgraduate,Arts,1,Private,Semi Urban,Provisional,155000,184000,165000,64700,12900,1,Good,Salaried,20200,Rejected
EL100766,28,Diploma,Engineering,5,University,Urban,Confirmed,233000,1328000,1022000,26800,2100,2,Excellent,Government Employee,24100,Approved
EL100767,18,Undergraduate,Management,3,College,Semi Urban,Confirmed,235000,876000,680000,46800,1500,1,Good,Self Employed,50800,Approved
EL100768,18,Undergraduate,Computer Science,4,Private,Urban,Confirmed,317000,1417000,1232000,37800,6200,3,Good,Salaried,38600,Rejected
EL100769,20,Undergraduate,Engineering,3,Private,Semi Urban,Provisional,240000,820000,603000,123300,32000,0,Good,Self Employed,93200,Approved
EL100770,28,Diploma,Other Professional,5,Government,Urban,Confirmed,82000,463000,282000,112300,11400,2,Good,Salaried,56400,Approved
EL100771,19,Undergraduate,Science,3,University,Semi Urban,Confirmed,131000,423000,307000,31900,5000,2,Good,Not Applicable,0,Rejected
EL100772,23,Professional Course,Commerce,5,Government,Semi Urban,Confirmed,81000,437000,401000,20500,3500,0,Good,Government Employee,60900,Approved
EL100773,22,Postgraduate,Management,4,Private,Urban,Provisional,329000,1537000,1537000,21300,3200,3,Average,Salaried,10300,Rejected
EL100774,17,Professional Course,Engineering,5,University,Semi Urban,Provisional,178000,947000,537000,46000,1900,2,Good,Business Owner,45400,Approved
EL100775,21,Postgraduate,Computer Science,3,University,Semi Urban,Confirmed,217000,805000,801000,30600,4600,3,Good,Government Employee,20700,Approved
EL100776,19,Postgraduate,Medical,5,Private,Urban,Confirmed,532000,2967000,2062000,23000,3400,0,Average,Private Employee,41300,Rejected
EL100777,23,Undergraduate,Commerce,3,College,Urban,Provisional,115000,384000,289000,30900,0,1,Good,Self Employed,87500,Rejected
EL100778,27,Postgraduate,Engineering,4,Government,Urban,Confirmed,151000,651000,651000,50300,10400,3,Excellent,Self Employed,11900,Approved
EL100779,20,Postgraduate,Arts,4,Private,Urban,Confirmed,167000,748000,515000,38600,0,2,Good,Salaried,49400,Approved
EL100780,20,Undergraduate,Management,3,University,Semi Urban,Confirmed,235000,838000,594000,31500,4500,1,Good,Salaried,47200,Approved
EL100781,30,Professional Course,Computer Science,3,University,Urban,Confirmed,239000,890000,582000,33600,9000,2,Average,Government Employee,42800,Rejected
EL100782,19,Undergraduate,Engineering,2,University,Semi Urban,Confirmed,172000,374000,283000,37000,4000,1,Average,Private Employee,17300,Approved
EL100783,17,Undergraduate,Medical,5,University,Urban,Confirmed,424000,2301000,1833000,44900,1600,4,Average,Self Employed,28300,Approved
EL100784,26,Postgraduate,Computer Science,3,University,Urban,Confirmed,213000,689000,446000,46200,8300,1,Good,Private Employee,17500,Rejected
EL100785,21,Postgraduate,Computer Science,2,College,Semi Urban,Confirmed,220000,513000,496000,17600,4500,2,Good,Professional,37700,Rejected
EL100786,22,Undergraduate,Other Professional,4,College,Urban,Confirmed,102000,438000,279000,43600,1300,1,Good,Business Owner,14500,Approved
EL100787,29,Professional Course,Management,4,College,Rural,Confirmed,387000,1653000,1363000,33500,0,1,Good,Business Owner,23400,Approved
EL100788,17,Undergraduate,Engineering,1,Private,Urban,Confirmed,197000,236000,178000,24200,5700,2,Below Average,Private Employee,42000,Rejected
EL100789,20,Postgraduate,Computer Science,3,University,Semi Urban,Confirmed,197000,714000,669000,33300,6900,0,Excellent,Private Employee,19900,Approved
EL100790,17,Undergraduate,Management,4,Private,Semi Urban,Confirmed,359000,1598000,1006000,71500,11800,1,Good,Government Employee,23900,Approved
EL100791,22,Undergraduate,Science,4,University,Semi Urban,Confirmed,73000,341000,285000,60100,0,2,Good,Salaried,18100,Rejected
EL100792,19,Postgraduate,Medical,4,Government,Semi Urban,Confirmed,328000,1572000,1572000,42100,7700,2,Average,Government Employee,34200,Approved
EL100793,17,Diploma,Science,2,Private,Urban,Confirmed,162000,343000,183000,25600,5700,4,Average,Not Applicable,0,Rejected
EL100794,24,Postgraduate,Commerce,4,College,Semi Urban,Confirmed,107000,504000,310000,20300,6600,2,Excellent,Professional,19900,Rejected
EL100795,21,Undergraduate,Engineering,2,University,Semi Urban,Confirmed,179000,396000,396000,25100,2600,0,Average,Salaried,21000,Rejected
EL100796,17,Undergraduate,Management,5,Government,Semi Urban,Confirmed,217000,1228000,896000,40400,5800,0,Good,Salaried,32400,Approved
EL100797,17,Professional Course,Computer Science,4,Private,Urban,Confirmed,248000,1112000,853000,40800,0,2,Average,Professional,16600,Rejected
EL100798,22,Undergraduate,Computer Science,5,Private,Urban,Confirmed,212000,1265000,886000,29000,6300,1,Excellent,Business Owner,29000,Approved
EL100799,17,Postgraduate,Management,3,College,Urban,Confirmed,334000,1146000,1144000,62200,13400,1,Good,Salaried,30300,Rejected
EL100800,22,Undergraduate,Computer Science,2,Government,Urban,Confirmed,178000,428000,217000,48600,8100,4,Good,Professional,32400,Approved
EL100801,26,Undergraduate,Arts,4,University,Urban,Confirmed,125000,557000,521000,12000,2800,2,Excellent,Self Employed,22200,Rejected
EL100802,23,Undergraduate,Computer Science,2,University,Urban,Provisional,173000,401000,212000,42400,2500,1,Average,Government Employee,41500,Approved
EL100803,19,Undergraduate,Commerce,2,Private,Urban,Confirmed,136000,335000,173000,58600,6500,0,Below Average,Self Employed,50500,Approved
EL100804,22,Postgraduate,Science,3,Private,Urban,Confirmed,147000,502000,295000,44400,5100,3,Excellent,Not Applicable,0,Rejected
EL100805,17,Undergraduate,Computer Science,3,University,Urban,Confirmed,252000,881000,644000,53700,12300,2,Good,Business Owner,33400,Approved
EL100806,21,Diploma,Management,3,University,Semi Urban,Confirmed,251000,892000,573000,35200,8100,1,Good,Self Employed,13600,Rejected
EL100807,20,Undergraduate,Medical,4,Private,Rural,Confirmed,535000,2637000,1672000,38800,6200,2,Good,Salaried,74700,Approved
EL100808,17,Postgraduate,Engineering,2,Private,Urban,Confirmed,329000,775000,473000,39300,6000,3,Average,Private Employee,30700,Approved
EL100809,23,Postgraduate,Medical,4,University,Urban,Confirmed,401000,1881000,1154000,44000,7900,0,Average,Self Employed,35300,Approved
EL100810,17,Undergraduate,Management,3,Private,Urban,Confirmed,564000,2059000,1256000,30000,3000,3,Good,Private Employee,20200,Approved
EL100811,17,Undergraduate,Arts,4,Private,Semi Urban,Provisional,151000,754000,592000,69300,17500,3,Below Average,Private Employee,26400,Rejected
EL100812,17,Undergraduate,Medical,4,Private,Rural,Confirmed,708000,3483000,2280000,81700,7300,2,Good,Private Employee,56900,Approved
EL100813,19,Undergraduate,Arts,4,Private,Urban,Confirmed,112000,482000,169000,30800,5200,4,Average,Business Owner,45700,Approved
EL100814,26,Undergraduate,Engineering,5,College,Urban,Confirmed,234000,1387000,1032000,22400,1700,1,Average,Professional,25100,Approved
EL100815,24,Undergraduate,Engineering,5,College,Urban,Confirmed,148000,826000,712000,20500,4400,3,Excellent,Professional,68900,Approved
EL100816,21,Undergraduate,Management,2,University,Urban,Confirmed,294000,666000,472000,49100,5900,2,Excellent,Self Employed,17100,Approved
EL100817,21,Postgraduate,Computer Science,3,Government,Urban,Confirmed,103000,364000,204000,53800,17000,1,Below Average,Not Applicable,0,Approved
EL100818,21,Postgraduate,Engineering,4,Private,Semi Urban,Confirmed,174000,751000,647000,49200,5800,2,Good,Private Employee,10300,Rejected
EL100819,26,Undergraduate,Engineering,4,Government,Urban,Confirmed,153000,727000,396000,51400,11000,2,Average,Private Employee,46000,Approved
EL100820,17,Postgraduate,Computer Science,1,University,Urban,Confirmed,169000,187000,131000,30200,2200,1,Excellent,Government Employee,20300,Approved
EL100821,24,Undergraduate,Management,5,Private,Semi Urban,Confirmed,454000,2755000,2057000,14800,1500,1,Average,Salaried,27500,Approved
EL100822,19,Professional Course,Management,5,College,Semi Urban,Confirmed,362000,2035000,1856000,31300,4000,2,Good,Salaried,54300,Approved
EL100823,23,Undergraduate,Management,5,Private,Urban,Provisional,423000,2242000,1876000,91800,14800,4,Average,Government Employee,35600,Approved
EL100824,23,Undergraduate,Management,2,Government,Semi Urban,Confirmed,243000,569000,447000,45800,2900,3,Excellent,Private Employee,15500,Approved
EL100825,24,PhD,Engineering,5,Private,Urban,Confirmed,211000,1266000,1126000,49600,3900,1,Excellent,Not Applicable,0,Approved
EL100826,27,Undergraduate,Medical,4,Private,Urban,Confirmed,859000,4032000,2324000,63100,8700,1,Average,Self Employed,25300,Approved
EL100827,17,Undergraduate,Computer Science,3,Government,Urban,Confirmed,118000,427000,421000,26400,4400,3,Good,Not Applicable,0,Rejected
EL100828,25,PhD,Computer Science,4,Private,Urban,Confirmed,301000,1458000,437000,44900,5700,3,Average,Salaried,20100,Approved
EL100829,21,Postgraduate,Law,2,Government,Urban,Provisional,135000,286000,276000,51800,5900,2,Excellent,Salaried,16100,Approved
EL100830,19,Postgraduate,Science,5,Government,Semi Urban,Confirmed,88000,462000,288000,25200,300,2,Good,Salaried,33700,Approved
EL100831,28,Undergraduate,Engineering,4,Private,Rural,Confirmed,179000,784000,633000,48100,8400,0,Average,Private Employee,13500,Rejected
EL100832,23,Undergraduate,Medical,4,College,Urban,Confirmed,479000,2098000,2029000,76700,15800,0,Average,Salaried,28400,Rejected
EL100833,20,Undergraduate,Law,2,College,Urban,Confirmed,195000,453000,378000,32800,7100,1,Average,Salaried,71100,Rejected
EL100834,24,Diploma,Management,5,Private,Urban,Confirmed,525000,2877000,2318000,17000,2400,2,Good,Salaried,44900,Rejected
EL100835,21,Undergraduate,Computer Science,5,Private,Urban,Provisional,309000,1735000,1527000,43800,3300,2,Good,Self Employed,33200,Approved
EL100836,19,Postgraduate,Commerce,4,College,Semi Urban,Confirmed,78000,356000,188000,28900,2900,3,Average,Not Applicable,0,Rejected
EL100837,19,Professional Course,Computer Science,3,College,Urban,Provisional,197000,692000,381000,43900,6300,3,Excellent,Salaried,28800,Approved
EL100838,22,Professional Course,Engineering,2,College,Semi Urban,Confirmed,247000,617000,488000,26300,3400,1,Good,Salaried,19200,Approved
EL100839,19,Undergraduate,Medical,4,Private,Urban,Confirmed,523000,2485000,1790000,41400,2200,3,Excellent,Government Employee,65700,Approved
EL100840,22,Postgraduate,Engineering,4,College,Semi Urban,Confirmed,227000,1002000,704000,74100,0,4,Below Average,Business Owner,22900,Approved
EL100841,24,Diploma,Engineering,5,University,Urban,Confirmed,179000,1003000,939000,39600,3200,1,Below Average,Government Employee,19300,Approved
EL100842,21,Diploma,Engineering,1,Government,Urban,Confirmed,154000,163000,150000,17600,1800,0,Excellent,Government Employee,26400,Approved
EL100843,28,Professional Course,Commerce,3,Government,Urban,Provisional,52000,177000,108000,48400,7600,3,Average,Salaried,19300,Rejected
EL100844,21,Diploma,Management,3,College,Semi Urban,Confirmed,212000,743000,607000,40500,3800,0,Good,Private Employee,33800,Approved
EL100845,26,Diploma,Engineering,3,College,Urban,Provisional,164000,610000,314000,44700,4800,2,Below Average,Salaried,81000,Approved
EL100846,24,Undergraduate,Engineering,4,Private,Semi Urban,Confirmed,318000,1404000,718000,65300,9100,1,Good,Business Owner,29900,Approved
EL100847,26,Postgraduate,Other Professional,4,University,Urban,Confirmed,118000,519000,320000,30900,8400,1,Good,Professional,17900,Rejected
EL100848,28,Postgraduate,Engineering,5,Private,Urban,Confirmed,274000,1443000,1071000,34800,4000,4,Average,Not Applicable,0,Rejected
EL100849,17,Diploma,Medical,4,University,Semi Urban,Confirmed,699000,3257000,2124000,24000,0,1,Below Average,Government Employee,14800,Rejected
EL100850,22,Postgraduate,Computer Science,3,Private,Urban,Confirmed,255000,956000,782000,44200,3000,2,Good,Professional,144400,Approved
EL100851,21,Postgraduate,Engineering,4,Private,Rural,Confirmed,315000,1417000,1059000,43600,12800,0,Good,Private Employee,80100,Rejected
EL100852,21,Postgraduate,Engineering,4,Private,Semi Urban,Confirmed,189000,869000,797000,35200,9100,1,Average,Government Employee,59000,Rejected
EL100853,20,Professional Course,Engineering,4,Private,Urban,Confirmed,199000,845000,703000,58300,12500,1,Excellent,Salaried,44900,Approved
EL100854,19,Undergraduate,Other Professional,5,College,Semi Urban,Confirmed,103000,600000,357000,23900,4600,2,Average,Private Employee,27100,Rejected
EL100855,17,Diploma,Commerce,3,College,Urban,Provisional,137000,449000,397000,42800,8300,0,Average,Professional,27500,Rejected
EL100856,21,Postgraduate,Computer Science,2,Government,Rural,Confirmed,167000,352000,218000,54200,5900,1,Good,Not Applicable,0,Rejected
EL100857,24,Postgraduate,Law,4,Private,Semi Urban,Confirmed,158000,750000,609000,30600,6400,1,Excellent,Private Employee,109900,Approved
EL100858,19,Postgraduate,Computer Science,5,Private,Urban,Provisional,369000,1992000,1347000,20200,4300,3,Excellent,Self Employed,26800,Rejected
EL100859,20,Postgraduate,Medical,4,Government,Semi Urban,Confirmed,433000,1854000,1759000,17200,3500,1,Below Average,Salaried,21800,Rejected
EL100860,19,Diploma,Computer Science,2,Private,Urban,Provisional,328000,719000,618000,43400,3300,3,Average,Self Employed,28100,Approved
EL100861,18,Undergraduate,Computer Science,1,Private,Urban,Provisional,293000,316000,204000,93600,9400,4,Good,Salaried,39500,Approved
EL100862,20,Professional Course,Management,4,Government,Urban,Confirmed,205000,963000,666000,29600,2100,1,Below Average,Private Employee,4400,Approved
EL100863,22,Diploma,Arts,4,College,Urban,Confirmed,78000,344000,344000,50300,11100,1,Below Average,Self Employed,36900,Rejected
EL100864,25,Undergraduate,Engineering,2,University,Urban,Provisional,204000,483000,271000,12000,1900,3,Below Average,Government Employee,7300,Rejected
EL100865,17,Undergraduate,Engineering,2,Government,Rural,Confirmed,99000,230000,148000,48400,8000,1,Good,Salaried,66800,Approved
EL100866,21,Undergraduate,Management,4,University,Urban,Confirmed,334000,1497000,972000,23300,4200,3,Average,Not Applicable,0,Rejected
EL100867,25,Undergraduate,Engineering,3,Private,Rural,Confirmed,262000,856000,493000,33000,100,4,Excellent,Government Employee,19100,Approved
EL100868,17,Undergraduate,Other Professional,2,University,Urban,Confirmed,112000,265000,157000,41700,8700,2,Excellent,Salaried,10400,Rejected
EL100869,25,Undergraduate,Computer Science,4,Private,Semi Urban,Confirmed,345000,1594000,1170000,17500,1400,1,Average,Private Employee,80100,Approved
EL100870,19,Professional Course,Engineering,1,Government,Semi Urban,Provisional,124000,148000,122000,193500,17300,0,Excellent,Business Owner,29500,Approved
EL100871,23,Postgraduate,Commerce,1,Private,Semi Urban,Confirmed,136000,157000,80000,29700,1600,2,Excellent,Private Employee,101200,Approved
EL100872,20,PhD,Science,4,College,Semi Urban,Confirmed,74000,358000,242000,54400,7500,1,Excellent,Not Applicable,0,Rejected
EL100873,23,Postgraduate,Management,2,University,Urban,Confirmed,270000,626000,394000,84700,10500,3,Good,Salaried,59100,Approved
EL100874,27,Postgraduate,Computer Science,2,University,Semi Urban,Confirmed,151000,366000,210000,46500,200,2,Good,Private Employee,13800,Approved
EL100875,21,Professional Course,Arts,2,College,Rural,Provisional,80000,186000,167000,21700,0,2,Below Average,Salaried,32600,Rejected
EL100876,24,Undergraduate,Medical,4,College,Urban,Provisional,499000,2480000,1575000,42200,4700,2,Good,Salaried,63000,Rejected
EL100877,22,Diploma,Computer Science,4,College,Urban,Confirmed,197000,962000,524000,16000,3300,0,Good,Salaried,36800,Approved
EL100878,18,Professional Course,Commerce,4,Government,Rural,Confirmed,95000,418000,369000,34000,6600,2,Average,Salaried,24300,Rejected
EL100879,20,Professional Course,Science,2,Government,Rural,Provisional,55000,132000,124000,92800,20400,3,Average,Business Owner,36100,Approved
EL100880,20,Postgraduate,Law,4,University,Urban,Confirmed,121000,521000,409000,19800,2200,2,Good,Professional,38000,Rejected
EL100881,17,PhD,Law,4,College,Semi Urban,Confirmed,184000,907000,552000,26600,2600,2,Average,Professional,13200,Rejected
EL100882,23,Postgraduate,Engineering,5,Private,Rural,Confirmed,174000,974000,690000,101400,12200,0,Below Average,Business Owner,21800,Approved
EL100883,23,Undergraduate,Science,2,College,Urban,Confirmed,116000,266000,173000,36800,7400,2,Average,Private Employee,42600,Approved
EL100884,24,Undergraduate,Commerce,2,University,Urban,Provisional,122000,257000,191000,25700,7100,4,Good,Government Employee,48100,Approved
EL100885,26,Postgraduate,Management,3,Government,Urban,Confirmed,239000,877000,752000,48800,4300,2,Average,Government Employee,34000,Approved
EL100886,24,Undergraduate,Law,2,College,Urban,Confirmed,135000,335000,250000,31700,3400,0,Average,Private Employee,23800,Approved
EL100887,19,Undergraduate,Science,2,College,Urban,Confirmed,77000,176000,132000,12000,1600,1,Good,Business Owner,26800,Approved
EL100888,20,Undergraduate,Arts,3,Private,Rural,Confirmed,188000,613000,413000,20300,2200,4,Average,Private Employee,19600,Rejected
EL100889,24,PhD,Engineering,6,University,Semi Urban,Provisional,234000,1669000,1418000,112300,8700,2,Excellent,Self Employed,28100,Approved
EL100890,22,Professional Course,Engineering,2,Private,Semi Urban,Provisional,294000,652000,525000,47300,5600,1,Good,Salaried,47500,Approved
EL100891,21,PhD,Law,4,University,Semi Urban,Confirmed,125000,621000,295000,83400,4900,2,Excellent,Salaried,113000,Approved
EL100892,18,Postgraduate,Other Professional,5,Private,Urban,Confirmed,135000,751000,363000,24000,4700,1,Excellent,Not Applicable,0,Rejected
EL100893,19,Professional Course,Medical,4,Private,Semi Urban,Confirmed,808000,3766000,2637000,39000,10200,4,Excellent,Government Employee,59700,Rejected
EL100894,23,Postgraduate,Medical,4,University,Semi Urban,Confirmed,386000,1636000,1465000,36900,3900,1,Below Average,Not Applicable,0,Rejected
EL100895,17,Postgraduate,Commerce,4,Government,Semi Urban,Confirmed,96000,479000,443000,30500,8500,1,Excellent,Government Employee,12300,Rejected
EL100896,17,Postgraduate,Engineering,1,Government,Urban,Confirmed,172000,200000,173000,44600,5400,0,Excellent,Salaried,28200,Approved
EL100897,23,Undergraduate,Computer Science,4,Government,Semi Urban,Provisional,113000,563000,410000,23000,1500,0,Average,Private Employee,26900,Rejected
EL100898,19,Postgraduate,Other Professional,2,Private,Urban,Provisional,113000,251000,243000,73500,14100,2,Average,Salaried,29700,Rejected
EL100899,23,Postgraduate,Medical,4,Private,Urban,Confirmed,645000,2981000,1913000,50700,2400,2,Average,Not Applicable,0,Approved
EL100900,27,Professional Course,Arts,4,Private,Semi Urban,Confirmed,137000,577000,403000,36800,6900,2,Below Average,Private Employee,88100,Rejected
EL100901,17,Undergraduate,Computer Science,4,Private,Rural,Confirmed,272000,1310000,703000,42900,6600,1,Average,Private Employee,60600,Approved
EL100902,17,Undergraduate,Medical,4,Government,Urban,Confirmed,414000,1794000,1253000,34500,3200,3,Average,Private Employee,33400,Rejected
EL100903,20,Undergraduate,Management,2,University,Urban,Provisional,309000,701000,435000,17000,1400,3,Good,Salaried,35500,Approved
EL100904,19,Undergraduate,Computer Science,4,University,Rural,Provisional,166000,786000,771000,24500,1300,2,Good,Business Owner,93300,Approved
EL100905,21,Professional Course,Arts,5,University,Rural,Provisional,88000,469000,446000,36700,8200,2,Average,Salaried,16600,Rejected
EL100906,23,Postgraduate,Computer Science,3,Government,Urban,Confirmed,138000,500000,380000,33600,3700,1,Good,Business Owner,58900,Approved
EL100907,22,Undergraduate,Law,5,University,Semi Urban,Confirmed,160000,969000,795000,55500,8800,3,Excellent,Private Employee,15800,Rejected
EL100908,21,Postgraduate,Engineering,4,Private,Rural,Provisional,327000,1512000,997000,53100,6900,0,Good,Professional,12800,Approved
EL100909,25,Postgraduate,Other Professional,4,University,Urban,Confirmed,77000,361000,133000,30300,3400,3,Good,Private Employee,42100,Approved
EL100910,23,Undergraduate,Computer Science,2,Government,Semi Urban,Confirmed,177000,378000,240000,24900,4000,2,Excellent,Not Applicable,0,Approved
EL100911,20,Undergraduate,Management,5,University,Urban,Confirmed,275000,1567000,1351000,58500,10300,0,Average,Salaried,24000,Approved
EL100912,23,Undergraduate,Engineering,5,College,Semi Urban,Confirmed,218000,1328000,1083000,44100,6300,0,Average,Self Employed,63300,Approved
EL100913,17,Postgraduate,Medical,4,College,Urban,Confirmed,440000,1879000,1299000,29400,3300,4,Excellent,Private Employee,18000,Approved
EL100914,25,Diploma,Management,5,College,Semi Urban,Confirmed,291000,1815000,1563000,22700,700,2,Good,Salaried,79900,Approved
EL100915,21,Undergraduate,Law,4,Government,Semi Urban,Confirmed,106000,486000,330000,28600,2200,2,Good,Salaried,8600,Rejected
EL100916,17,Postgraduate,Arts,4,Private,Urban,Confirmed,165000,695000,402000,48800,5000,4,Good,Self Employed,52800,Approved
EL100917,20,Diploma,Engineering,4,Government,Semi Urban,Confirmed,103000,461000,397000,93300,12300,2,Excellent,Government Employee,13900,Approved
EL100918,25,Undergraduate,Management,4,Private,Urban,Confirmed,382000,1757000,1157000,36100,0,3,Below Average,Salaried,26700,Approved
EL100919,18,Postgraduate,Computer Science,4,University,Urban,Provisional,214000,1063000,961000,26500,4900,3,Excellent,Business Owner,33500,Rejected
EL100920,22,Undergraduate,Science,4,University,Rural,Confirmed,116000,553000,249000,118000,18700,3,Average,Government Employee,25500,Rejected
EL100921,24,Undergraduate,Arts,4,College,Rural,Confirmed,75000,350000,233000,33300,2600,0,Excellent,Government Employee,25800,Approved
EL100922,21,Postgraduate,Medical,5,College,Semi Urban,Confirmed,383000,2381000,1999000,27000,1300,4,Average,Salaried,13400,Rejected
EL100923,18,Undergraduate,Engineering,1,Government,Rural,Confirmed,152000,169000,139000,32700,2200,2,Good,Private Employee,64700,Approved
EL100924,21,Postgraduate,Engineering,4,College,Urban,Confirmed,172000,775000,556000,31900,300,2,Average,Not Applicable,0,Approved
EL100925,17,Diploma,Computer Science,4,College,Urban,Confirmed,163000,785000,623000,75800,7500,3,Below Average,Professional,15100,Rejected
EL100926,19,Undergraduate,Engineering,4,University,Rural,Confirmed,159000,743000,573000,17400,2000,0,Below Average,Government Employee,28200,Rejected
EL100927,17,Professional Course,Medical,4,Private,Rural,Confirmed,755000,3303000,1740000,54000,11500,1,Average,Government Employee,20300,Rejected
EL100928,21,Undergraduate,Science,4,Government,Urban,Confirmed,96000,461000,321000,39900,6900,2,Good,Professional,47200,Rejected
EL100929,17,Postgraduate,Management,2,Private,Urban,Confirmed,491000,1084000,850000,30400,7400,2,Good,Self Employed,22200,Approved
EL100930,21,Postgraduate,Other Professional,4,Government,Semi Urban,Confirmed,88000,409000,338000,33900,4700,2,Below Average,Salaried,29700,Rejected
EL100931,25,Postgraduate,Arts,4,Private,Urban,Confirmed,152000,743000,550000,35400,1700,2,Below Average,Not Applicable,0,Rejected
EL100932,25,Professional Course,Medical,4,Government,Semi Urban,Confirmed,336000,1485000,991000,41900,12000,4,Good,Not Applicable,0,Rejected
EL100933,17,Undergraduate,Engineering,4,Private,Urban,Confirmed,334000,1606000,883000,32000,3200,0,Good,Government Employee,22200,Approved
EL100934,19,Undergraduate,Computer Science,3,University,Urban,Confirmed,151000,554000,478000,38800,0,1,Excellent,Not Applicable,0,Rejected
EL100935,24,Postgraduate,Arts,4,Government,Urban,Confirmed,89000,396000,335000,27200,4100,1,Good,Business Owner,19000,Rejected
EL100936,23,Postgraduate,Computer Science,5,College,Semi Urban,Provisional,176000,959000,861000,119500,0,4,Good,Professional,55600,Approved
EL100937,19,Diploma,Law,4,Government,Rural,Confirmed,118000,577000,339000,66500,8100,1,Average,Private Employee,36000,Approved
EL100938,19,Diploma,Arts,1,Private,Urban,Provisional,187000,214000,164000,51200,4500,1,Good,Private Employee,24300,Approved
EL100939,21,Undergraduate,Computer Science,3,Private,Rural,Confirmed,348000,1161000,750000,32100,5700,4,Good,Private Employee,30700,Rejected
EL100940,17,Diploma,Engineering,4,Private,Urban,Confirmed,315000,1326000,1004000,60500,13100,2,Excellent,Government Employee,25700,Approved
EL100941,23,Diploma,Management,3,Private,Urban,Confirmed,517000,1689000,1689000,46600,4700,0,Excellent,Private Employee,45900,Approved
EL100942,25,Postgraduate,Computer Science,4,University,Semi Urban,Confirmed,204000,940000,832000,42600,4000,4,Average,Private Employee,35800,Approved
EL100943,20,Undergraduate,Medical,5,Private,Urban,Confirmed,658000,4000000,2547000,30700,6100,0,Excellent,Salaried,25500,Approved
EL100944,17,Professional Course,Science,5,Private,Urban,Confirmed,144000,828000,590000,46000,2800,2,Below Average,Not Applicable,0,Approved
EL100945,26,Diploma,Management,2,Private,Semi Urban,Confirmed,364000,805000,560000,93100,12600,1,Excellent,Salaried,56800,Approved
EL100946,22,Undergraduate,Medical,4,Government,Urban,Confirmed,362000,1789000,1375000,41800,7500,2,Average,Not Applicable,0,Approved
EL100947,23,Undergraduate,Arts,4,College,Rural,Confirmed,79000,355000,185000,35200,2100,1,Excellent,Private Employee,18100,Approved
EL100948,17,Diploma,Commerce,5,Private,Urban,Confirmed,179000,969000,774000,42200,4300,3,Average,Private Employee,111400,Approved
EL100949,17,Professional Course,Engineering,2,Government,Urban,Confirmed,153000,379000,164000,41000,5700,2,Average,Professional,42000,Approved
EL100950,22,Postgraduate,Computer Science,2,University,Urban,Provisional,149000,337000,168000,30500,7600,1,Good,Private Employee,74500,Approved
EL100951,25,PhD,Commerce,6,University,Urban,Provisional,116000,798000,798000,27700,600,3,Good,Government Employee,48600,Rejected
EL100952,17,Undergraduate,Management,3,Private,Semi Urban,Confirmed,499000,1820000,1267000,59700,7000,3,Average,Salaried,38300,Approved
EL100953,21,Undergraduate,Management,2,College,Urban,Confirmed,391000,866000,835000,73300,18500,2,Excellent,Business Owner,9200,Rejected
EL100954,17,Diploma,Commerce,5,Private,Rural,Provisional,126000,728000,458000,124600,27100,2,Good,Professional,15200,Rejected
EL100955,19,Undergraduate,Commerce,3,Government,Urban,Provisional,80000,294000,128000,50500,5300,2,Good,Private Employee,42500,Approved
EL100956,20,Undergraduate,Engineering,1,University,Urban,Provisional,161000,177000,105000,42500,5300,2,Average,Government Employee,18100,Rejected
EL100957,23,Diploma,Medical,4,College,Semi Urban,Confirmed,647000,3180000,3180000,63000,10800,3,Good,Not Applicable,0,Rejected
EL100958,17,Undergraduate,Commerce,2,Private,Urban,Confirmed,177000,385000,207000,25500,4400,0,Average,Business Owner,49100,Approved
EL100959,26,Undergraduate,Medical,4,Government,Urban,Confirmed,264000,1289000,1289000,55300,14000,1,Below Average,Private Employee,32000,Rejected
EL100960,20,Undergraduate,Other Professional,3,University,Semi Urban,Confirmed,90000,305000,245000,67500,15600,3,Average,Self Employed,37000,Approved
EL100961,26,Undergraduate,Engineering,2,University,Urban,Confirmed,139000,322000,247000,67000,400,4,Excellent,Government Employee,63800,Approved
EL100962,23,Undergraduate,Arts,4,Private,Urban,Confirmed,132000,613000,391000,92400,0,1,Excellent,Self Employed,67400,Approved
EL100963,24,Undergraduate,Other Professional,3,College,Rural,Confirmed,70000,229000,141000,29800,2400,0,Good,Government Employee,28800,Approved
EL100964,28,Professional Course,Management,4,Government,Urban,Provisional,262000,1137000,949000,31400,0,3,Good,Government Employee,59900,Rejected
EL100965,18,Postgraduate,Commerce,5,College,Semi Urban,Confirmed,100000,596000,565000,36000,8900,4,Good,Salaried,17500,Rejected
EL100966,21,Diploma,Engineering,5,College,Urban,Provisional,193000,1173000,914000,23000,0,2,Good,Not Applicable,0,Rejected
EL100967,18,Undergraduate,Commerce,3,Government,Rural,Confirmed,85000,275000,237000,52500,5400,2,Below Average,Professional,40600,Approved
EL100968,21,Undergraduate,Other Professional,3,Private,Urban,Provisional,162000,583000,400000,56300,2900,1,Average,Salaried,28100,Approved
EL100969,24,Professional Course,Other Professional,4,Government,Urban,Confirmed,64000,286000,286000,53100,0,4,Excellent,Salaried,26300,Approved
EL100970,25,Postgraduate,Management,3,University,Urban,Confirmed,374000,1311000,1030000,43200,10200,3,Good,Salaried,16100,Rejected
EL100971,20,Diploma,Science,4,Private,Semi Urban,Provisional,155000,717000,717000,66400,5200,2,Average,Government Employee,29200,Approved
EL100972,17,Undergraduate,Science,4,University,Urban,Confirmed,85000,408000,247000,53500,16100,3,Excellent,Business Owner,12300,Approved
EL100973,21,Postgraduate,Management,2,Private,Semi Urban,Confirmed,292000,676000,502000,29700,7600,3,Excellent,Business Owner,27600,Rejected
EL100974,18,Postgraduate,Science,3,Private,Urban,Confirmed,166000,532000,485000,12000,1600,0,Below Average,Salaried,30700,Rejected
EL100975,19,Undergraduate,Engineering,5,Government,Rural,Provisional,103000,570000,440000,34000,0,0,Average,Private Employee,44800,Rejected
EL100976,23,PhD,Other Professional,6,Government,Rural,Provisional,55000,373000,309000,40900,4100,1,Below Average,Private Employee,15600,Rejected
EL100977,23,Undergraduate,Science,4,Private,Semi Urban,Confirmed,134000,624000,376000,41100,13800,4,Average,Government Employee,35800,Approved
EL100978,24,Postgraduate,Computer Science,4,College,Semi Urban,Confirmed,269000,1166000,804000,36700,6200,2,Average,Self Employed,40700,Rejected
EL100979,20,Undergraduate,Management,3,University,Semi Urban,Confirmed,361000,1210000,749000,30700,3500,2,Average,Business Owner,29400,Rejected
EL100980,25,Postgraduate,Law,2,Private,Semi Urban,Confirmed,255000,542000,400000,26300,2000,1,Good,Self Employed,38000,Approved
EL100981,21,Diploma,Engineering,4,College,Urban,Confirmed,160000,713000,515000,23900,5000,2,Good,Business Owner,34500,Rejected
EL100982,20,Postgraduate,Computer Science,2,Government,Semi Urban,Confirmed,180000,415000,278000,49900,8100,1,Excellent,Not Applicable,0,Approved
EL100983,17,Professional Course,Computer Science,4,College,Semi Urban,Confirmed,198000,980000,828000,69200,10800,4,Average,Business Owner,17900,Approved
EL100984,17,Undergraduate,Management,2,Government,Semi Urban,Provisional,291000,632000,373000,21500,5000,2,Good,Professional,96600,Approved
EL100985,17,PhD,Engineering,6,Government,Urban,Provisional,138000,874000,374000,38900,8800,3,Average,Private Employee,42700,Rejected
EL100986,22,Diploma,Medical,4,College,Semi Urban,Confirmed,562000,2530000,1681000,59500,10100,1,Good,Salaried,21400,Approved
EL100987,18,Professional Course,Other Professional,2,Private,Urban,Confirmed,181000,424000,424000,36500,0,1,Below Average,Salaried,36400,Approved
EL100988,17,Diploma,Science,4,College,Urban,Confirmed,136000,637000,526000,57400,2400,1,Good,Private Employee,44000,Approved
EL100989,20,Postgraduate,Science,4,University,Urban,Confirmed,71000,318000,198000,68800,5100,1,Good,Self Employed,69400,Approved
EL100990,22,Postgraduate,Computer Science,4,Government,Semi Urban,Confirmed,121000,512000,418000,48900,6200,2,Good,Business Owner,24000,Rejected
EL100991,22,PhD,Commerce,5,Government,Urban,Confirmed,79000,487000,355000,31300,8300,0,Good,Salaried,21400,Rejected
EL100992,21,PhD,Computer Science,6,Private,Rural,Confirmed,190000,1311000,1059000,77500,24400,2,Good,Salaried,22600,Approved
EL100993,21,Postgraduate,Commerce,4,Private,Semi Urban,Provisional,125000,603000,532000,35100,5800,0,Excellent,Private Employee,21700,Approved
EL100994,19,Diploma,Science,3,Private,Rural,Confirmed,113000,383000,298000,35100,6300,4,Average,Private Employee,21300,Rejected
EL100995,23,Postgraduate,Medical,4,Government,Rural,Confirmed,373000,1815000,1394000,51900,0,0,Excellent,Business Owner,33000,Approved
EL100996,20,Undergraduate,Other Professional,2,Government,Urban,Confirmed,78000,188000,183000,34500,3200,3,Below Average,Salaried,23600,Rejected
EL100997,21,Undergraduate,Law,5,Private,Rural,Confirmed,169000,903000,750000,35900,2900,3,Good,Government Employee,28700,Rejected
EL100998,25,Postgraduate,Management,5,Government,Urban,Confirmed,226000,1198000,934000,33300,2400,4,Good,Private Employee,83300,Approved
EL100999,24,Postgraduate,Other Professional,3,Private,Urban,Provisional,132000,428000,324000,36700,6700,2,Below Average,Not Applicable,0,Rejected
EL101000,20,Postgraduate,Law,3,Government,Urban,Confirmed,146000,532000,354000,44300,4000,2,Average,Not Applicable,0,Approved
EL101001,20,Postgraduate,Engineering,2,College,Urban,Confirmed,134000,296000,167000,15000,0,2,Good,Private Employee,15900,Approved
EL101002,20,Undergraduate,Engineering,5,University,Urban,Provisional,232000,1310000,1114000,38200,7900,3,Good,Government Employee,49500,Approved
EL101003,17,Undergraduate,Arts,2,Government,Urban,Confirmed,98000,228000,215000,16600,4000,3,Excellent,Not Applicable,0,Rejected
EL101004,25,Undergraduate,Science,4,University,Rural,Confirmed,108000,510000,415000,32800,5100,2,Average,Professional,18400,Rejected
EL101005,19,Undergraduate,Medical,4,Private,Urban,Confirmed,794000,3606000,3011000,47500,5500,3,Average,Self Employed,20300,Rejected
EL101006,24,Postgraduate,Computer Science,3,Private,Rural,Provisional,213000,728000,449000,34100,1700,4,Below Average,Business Owner,42900,Rejected
EL101007,21,Diploma,Computer Science,4,Private,Semi Urban,Confirmed,255000,1138000,752000,57000,3100,0,Good,Self Employed,25600,Approved
EL101008,26,Professional Course,Management,3,Private,Rural,Confirmed,335000,1074000,599000,47800,10800,2,Excellent,Self Employed,64800,Approved
EL101009,23,Undergraduate,Engineering,3,College,Semi Urban,Provisional,199000,645000,460000,13700,900,0,Good,Professional,15400,Rejected
EL101010,24,Diploma,Medical,5,Government,Rural,Confirmed,476000,2923000,2623000,73100,22700,2,Below Average,Self Employed,53800,Approved
EL101011,19,Postgraduate,Science,3,University,Urban,Confirmed,72000,269000,174000,45500,9800,3,Below Average,Business Owner,101800,Approved
EL101012,17,Undergraduate,Engineering,1,Government,Urban,Confirmed,132000,160000,118000,30200,4800,1,Good,Not Applicable,0,Rejected
EL101013,22,Diploma,Commerce,4,Private,Urban,Confirmed,163000,724000,619000,31700,11900,0,Good,Not Applicable,0,Approved
EL101014,17,Professional Course,Commerce,4,Private,Urban,Confirmed,135000,586000,546000,14200,3500,3,Average,Private Employee,19400,Rejected
EL101015,19,Undergraduate,Other Professional,4,Government,Urban,Confirmed,75000,346000,174000,44800,4100,1,Good,Not Applicable,0,Approved
EL101016,17,Postgraduate,Other Professional,3,Government,Urban,Confirmed,71000,228000,155000,55600,2100,2,Below Average,Private Employee,43100,Approved
EL101017,18,Undergraduate,Law,4,Private,Rural,Confirmed,226000,1115000,713000,28600,2600,0,Average,Government Employee,13100,Rejected
EL101018,23,Undergraduate,Computer Science,2,Private,Urban,Confirmed,202000,486000,301000,25500,3100,4,Average,Salaried,25100,Rejected
EL101019,23,Undergraduate,Engineering,3,College,Rural,Confirmed,195000,728000,504000,43100,2700,1,Average,Salaried,32000,Rejected
EL101020,20,Undergraduate,Medical,4,University,Urban,Provisional,529000,2584000,1183000,72900,2100,3,Good,Government Employee,69900,Approved
EL101021,22,Diploma,Computer Science,4,College,Semi Urban,Confirmed,165000,747000,519000,69200,10500,1,Excellent,Not Applicable,0,Rejected
EL101022,19,Undergraduate,Engineering,4,College,Urban,Provisional,193000,859000,649000,60700,12700,1,Average,Government Employee,27700,Approved
EL101023,29,Postgraduate,Engineering,2,Government,Rural,Provisional,129000,314000,186000,110200,32800,1,Good,Not Applicable,0,Approved
EL101024,22,PhD,Management,3,College,Semi Urban,Confirmed,335000,1173000,795000,63700,8700,2,Good,Salaried,32100,Approved
EL101025,19,PhD,Management,6,College,Urban,Confirmed,328000,2412000,1816000,71600,13200,3,Average,Salaried,32800,Approved
EL101026,24,Undergraduate,Computer Science,3,Private,Rural,Provisional,265000,886000,680000,41900,0,2,Excellent,Salaried,57100,Approved
EL101027,25,Undergraduate,Law,3,University,Urban,Confirmed,187000,650000,328000,33700,7000,0,Average,Private Employee,23300,Approved
EL101028,18,Postgraduate,Management,4,Private,Rural,Confirmed,385000,1759000,1504000,70800,2800,2,Average,Not Applicable,0,Rejected
EL101029,17,Undergraduate,Engineering,3,Government,Urban,Confirmed,130000,424000,364000,24600,3900,2,Excellent,Salaried,29500,Rejected
EL101030,17,Undergraduate,Computer Science,2,Private,Urban,Provisional,270000,625000,399000,49600,6300,2,Excellent,Government Employee,24700,Rejected
EL101031,19,Postgraduate,Management,4,Government,Urban,Confirmed,218000,930000,930000,29600,3200,3,Good,Professional,24300,Rejected
EL101032,21,Postgraduate,Law,2,Private,Semi Urban,Confirmed,255000,574000,470000,47600,0,2,Good,Private Employee,18400,Approved
EL101033,17,Undergraduate,Management,4,University,Semi Urban,Provisional,359000,1661000,1323000,45900,2800,3,Excellent,Government Employee,14900,Rejected
EL101034,20,Undergraduate,Management,4,Government,Semi Urban,Confirmed,153000,660000,563000,43500,1900,2,Average,Private Employee,41600,Approved
EL101035,20,PhD,Arts,4,Government,Urban,Confirmed,73000,351000,209000,39800,3000,1,Below Average,Self Employed,34400,Approved
EL101036,22,Professional Course,Computer Science,4,Government,Urban,Confirmed,110000,479000,334000,52400,12400,1,Excellent,Government Employee,19100,Approved
EL101037,23,Postgraduate,Computer Science,4,College,Urban,Provisional,242000,1157000,975000,56700,5600,3,Good,Business Owner,46700,Rejected
EL101038,22,Postgraduate,Engineering,5,College,Urban,Confirmed,250000,1318000,831000,19900,1400,1,Good,Professional,10800,Approved
EL101039,27,Postgraduate,Management,4,Government,Urban,Confirmed,238000,1131000,788000,39200,7400,0,Good,Salaried,23800,Approved
EL101040,25,Undergraduate,Engineering,3,College,Urban,Confirmed,174000,590000,496000,32600,5200,3,Below Average,Self Employed,33500,Approved
EL101041,22,Professional Course,Arts,4,College,Semi Urban,Confirmed,75000,362000,288000,44200,13800,2,Excellent,Not Applicable,0,Rejected
EL101042,18,Undergraduate,Medical,4,College,Semi Urban,Confirmed,466000,2167000,1632000,32600,7200,1,Below Average,Salaried,21900,Rejected
EL101043,19,Postgraduate,Engineering,4,College,Urban,Confirmed,192000,865000,657000,75900,0,3,Good,Salaried,55200,Approved
EL101044,17,Undergraduate,Computer Science,3,Private,Rural,Confirmed,355000,1260000,912000,38800,7900,1,Good,Business Owner,20800,Approved
EL101045,22,Diploma,Computer Science,4,Government,Semi Urban,Confirmed,148000,668000,586000,65700,12600,3,Below Average,Business Owner,46700,Approved
EL101046,22,Diploma,Management,2,College,Semi Urban,Confirmed,417000,935000,935000,24900,7000,1,Average,Private Employee,75000,Approved
EL101047,24,Diploma,Other Professional,5,College,Semi Urban,Confirmed,96000,545000,433000,34900,3900,2,Average,Not Applicable,0,Rejected
EL101048,22,Postgraduate,Commerce,3,Private,Urban,Provisional,95000,340000,320000,29500,6700,3,Excellent,Salaried,32300,Rejected
EL101049,25,Postgraduate,Law,1,Private,Rural,Confirmed,231000,271000,185000,48900,4800,1,Good,Salaried,40000,Approved
EL101050,25,Postgraduate,Management,2,Private,Urban,Confirmed,346000,853000,553000,22200,3500,3,Good,Salaried,15000,Rejected
EL101051,17,Diploma,Computer Science,5,Private,Urban,Provisional,235000,1234000,780000,17100,600,2,Good,Professional,37700,Rejected
EL101052,19,Postgraduate,Management,4,University,Semi Urban,Provisional,214000,926000,567000,29400,200,3,Good,Salaried,21800,Rejected
EL101053,21,Postgraduate,Management,3,Government,Rural,Confirmed,225000,775000,547000,53100,11100,0,Average,Business Owner,18700,Approved
EL101054,19,Diploma,Engineering,5,Private,Urban,Confirmed,212000,1255000,1108000,26800,3500,3,Good,Not Applicable,0,Rejected
EL101055,20,Undergraduate,Medical,4,Private,Semi Urban,Confirmed,942000,4024000,3623000,45800,700,4,Excellent,Salaried,22600,Approved
EL101056,22,Postgraduate,Science,2,Government,Semi Urban,Confirmed,90000,200000,135000,29000,5900,2,Average,Salaried,46200,Approved
EL101057,21,Undergraduate,Science,2,Private,Urban,Confirmed,163000,407000,285000,16700,0,4,Good,Professional,29700,Rejected
EL101058,21,Diploma,Engineering,3,Private,Rural,Confirmed,230000,770000,577000,61400,3500,2,Average,Government Employee,106000,Approved
EL101059,18,Undergraduate,Engineering,3,Private,Urban,Confirmed,182000,615000,483000,55500,0,2,Average,Private Employee,22100,Approved
EL101060,23,PhD,Engineering,4,Government,Semi Urban,Confirmed,147000,645000,541000,39300,9400,2,Good,Business Owner,38600,Rejected
EL101061,23,Undergraduate,Commerce,2,Private,Semi Urban,Confirmed,97000,204000,141000,41000,3700,1,Average,Self Employed,27400,Rejected
EL101062,18,Postgraduate,Medical,4,Private,Urban,Confirmed,681000,3016000,2171000,36200,5000,2,Average,Salaried,14700,Approved
EL101063,17,Undergraduate,Arts,2,Government,Rural,Confirmed,52000,113000,108000,23900,3800,1,Average,Professional,71300,Rejected
EL101064,25,PhD,Engineering,6,University,Urban,Confirmed,197000,1331000,943000,77100,15600,4,Below Average,Self Employed,31800,Rejected
EL101065,27,Undergraduate,Arts,4,University,Semi Urban,Confirmed,109000,478000,317000,38200,7400,3,Excellent,Salaried,19400,Approved
EL101066,22,Postgraduate,Law,2,Private,Semi Urban,Confirmed,217000,491000,362000,48100,9700,3,Good,Salaried,37000,Approved
EL101067,20,Undergraduate,Engineering,1,University,Semi Urban,Confirmed,216000,238000,181000,31300,3300,2,Average,Self Employed,52500,Approved
EL101068,25,Diploma,Science,4,Private,Rural,Confirmed,116000,572000,297000,50100,10400,3,Good,Private Employee,18600,Approved
EL101069,23,Undergraduate,Law,4,Government,Semi Urban,Confirmed,91000,403000,275000,71200,5100,1,Good,Private Employee,30600,Approved
EL101070,20,Postgraduate,Computer Science,3,Private,Urban,Confirmed,268000,875000,711000,43600,4100,2,Good,Salaried,52700,Approved
EL101071,24,Undergraduate,Medical,4,University,Semi Urban,Confirmed,596000,2867000,2867000,48100,0,1,Average,Self Employed,32600,Rejected
EL101072,18,Undergraduate,Computer Science,5,University,Semi Urban,Confirmed,156000,946000,634000,62300,17500,2,Average,Salaried,40300,Rejected
EL101073,19,Undergraduate,Management,4,University,Urban,Confirmed,396000,1842000,1593000,57200,2300,0,Average,Government Employee,25700,Approved
EL101074,22,Postgraduate,Law,3,College,Urban,Confirmed,131000,440000,342000,67600,17400,3,Below Average,Self Employed,12500,Rejected
EL101075,21,Undergraduate,Computer Science,5,Government,Urban,Provisional,111000,675000,624000,47100,8400,2,Good,Not Applicable,0,Rejected
EL101076,23,Professional Course,Science,4,College,Rural,Confirmed,112000,530000,348000,47100,7000,4,Average,Salaried,21800,Rejected
EL101077,25,Postgraduate,Commerce,4,University,Semi Urban,Confirmed,89000,401000,367000,45200,7400,3,Excellent,Business Owner,28000,Rejected
EL101078,17,Postgraduate,Medical,4,Private,Rural,Confirmed,666000,3006000,2887000,61800,2100,2,Below Average,Salaried,22000,Rejected
EL101079,21,Undergraduate,Computer Science,3,Private,Urban,Confirmed,201000,633000,612000,32300,8900,1,Average,Government Employee,32700,Rejected
EL101080,28,Undergraduate,Science,5,Private,Rural,Confirmed,138000,732000,706000,52300,5100,2,Below Average,Salaried,24600,Approved
EL101081,19,PhD,Management,4,Government,Semi Urban,Confirmed,192000,827000,644000,126600,28000,3,Below Average,Professional,46400,Approved
EL101082,18,Diploma,Management,3,Government,Urban,Confirmed,172000,567000,475000,48000,3900,2,Average,Private Employee,41700,Approved
EL101083,17,Postgraduate,Other Professional,1,Private,Urban,Confirmed,131000,162000,111000,22100,0,2,Excellent,Not Applicable,0,Rejected
EL101084,21,Diploma,Management,4,Government,Rural,Confirmed,260000,1263000,526000,34700,10700,3,Below Average,Salaried,59300,Rejected
EL101085,23,Undergraduate,Science,2,Government,Rural,Confirmed,86000,182000,143000,54700,4100,0,Excellent,Business Owner,20000,Approved
EL101086,23,Professional Course,Engineering,3,Government,Urban,Confirmed,120000,379000,275000,28700,4900,2,Average,Private Employee,16000,Rejected
EL101087,17,Postgraduate,Science,5,College,Semi Urban,Provisional,138000,805000,720000,24600,0,3,Good,Business Owner,53100,Approved
EL101088,21,PhD,Commerce,4,Government,Rural,Provisional,55000,248000,218000,20100,2500,1,Good,Not Applicable,0,Rejected
EL101089,22,Diploma,Engineering,1,College,Urban,Confirmed,234000,283000,167000,36200,6700,3,Good,Not Applicable,0,Rejected
EL101090,21,Undergraduate,Engineering,4,Private,Urban,Confirmed,337000,1678000,1678000,89800,12800,2,Good,Professional,14600,Approved
EL101091,17,Postgraduate,Medical,4,Government,Semi Urban,Confirmed,385000,1769000,1430000,30800,3700,2,Average,Salaried,24300,Approved
EL101092,21,Professional Course,Commerce,1,Government,Urban,Confirmed,52000,56000,50000,62200,6900,4,Average,Self Employed,27900,Approved
EL101093,18,Undergraduate,Management,2,Government,Semi Urban,Confirmed,282000,693000,401000,34900,7300,1,Good,Not Applicable,0,Rejected
EL101094,17,Postgraduate,Medical,4,Private,Urban,Confirmed,679000,3081000,1304000,33100,400,1,Good,Government Employee,22400,Approved
EL101095,23,Postgraduate,Computer Science,2,Government,Urban,Confirmed,115000,261000,226000,52000,5700,1,Good,Government Employee,30400,Approved
EL101096,21,Undergraduate,Other Professional,4,College,Urban,Confirmed,132000,629000,422000,18600,4800,4,Good,Private Employee,51300,Approved
EL101097,23,Undergraduate,Engineering,3,Private,Semi Urban,Confirmed,243000,819000,511000,92500,0,1,Average,Business Owner,17700,Approved
EL101098,19,Diploma,Commerce,3,Private,Urban,Confirmed,142000,467000,305000,52500,6300,0,Average,Government Employee,7400,Approved
EL101099,23,Professional Course,Law,2,Private,Urban,Confirmed,223000,534000,376000,67900,2100,1,Excellent,Salaried,58800,Rejected
EL101100,25,Postgraduate,Computer Science,5,University,Urban,Confirmed,267000,1451000,1214000,35300,5500,2,Average,Government Employee,20700,Rejected
EL101101,27,Professional Course,Other Professional,4,College,Urban,Confirmed,105000,444000,223000,51400,6800,1,Below Average,Business Owner,21700,Rejected
EL101102,24,Undergraduate,Computer Science,3,Private,Semi Urban,Confirmed,357000,1231000,726000,64000,2900,1,Average,Salaried,22000,Approved
EL101103,22,Undergraduate,Commerce,4,Private,Urban,Confirmed,111000,469000,384000,38400,5100,2,Excellent,Not Applicable,0,Approved
EL101104,17,Undergraduate,Science,3,College,Urban,Provisional,113000,410000,271000,25900,3500,2,Average,Private Employee,23900,Approved
EL101105,21,Postgraduate,Engineering,2,College,Urban,Confirmed,192000,478000,400000,25000,1900,2,Excellent,Salaried,25500,Approved
EL101106,17,Postgraduate,Computer Science,3,University,Urban,Provisional,186000,692000,467000,32500,3000,2,Excellent,Self Employed,37800,Approved
EL101107,18,Undergraduate,Commerce,4,University,Urban,Confirmed,85000,367000,362000,45000,3200,2,Good,Government Employee,22000,Rejected
EL101108,28,Postgraduate,Engineering,3,Private,Semi Urban,Confirmed,182000,675000,527000,37000,0,3,Good,Self Employed,7800,Approved
EL101109,17,Diploma,Computer Science,3,Private,Semi Urban,Provisional,238000,766000,715000,31400,6700,2,Average,Not Applicable,0,Rejected
EL101110,17,Postgraduate,Arts,4,Private,Urban,Confirmed,159000,713000,590000,56300,13400,3,Average,Private Employee,54900,Approved
EL101111,24,Postgraduate,Engineering,5,University,Urban,Confirmed,161000,859000,719000,31900,0,1,Good,Salaried,18700,Rejected
EL101112,19,Postgraduate,Management,5,College,Urban,Provisional,363000,2204000,1404000,29800,7100,4,Good,Private Employee,40100,Rejected
EL101113,24,Professional Course,Engineering,4,Private,Rural,Confirmed,319000,1397000,1292000,64200,10700,3,Excellent,Private Employee,20100,Rejected
EL101114,17,Diploma,Engineering,4,Private,Urban,Confirmed,288000,1363000,1066000,52900,1600,2,Below Average,Government Employee,46500,Approved
EL101115,20,Professional Course,Computer Science,4,University,Semi Urban,Confirmed,253000,1217000,739000,21800,2400,2,Good,Self Employed,31400,Approved
EL101116,25,Professional Course,Engineering,3,Government,Rural,Provisional,139000,470000,204000,20600,1400,0,Good,Government Employee,13400,Rejected
EL101117,17,PhD,Management,6,University,Urban,Provisional,409000,2964000,2285000,23100,4900,4,Below Average,Professional,15600,Rejected
EL101118,20,Undergraduate,Engineering,2,University,Urban,Confirmed,222000,495000,483000,39500,1900,0,Good,Private Employee,13100,Approved
EL101119,22,Postgraduate,Law,5,Government,Semi Urban,Confirmed,97000,524000,322000,72300,23200,2,Excellent,Business Owner,49100,Rejected
EL101120,18,Undergraduate,Law,2,Private,Rural,Confirmed,244000,557000,339000,82800,19400,1,Below Average,Salaried,14900,Approved
EL101121,22,Undergraduate,Medical,4,Government,Urban,Confirmed,410000,1955000,1374000,58400,1200,1,Excellent,Salaried,24300,Approved
EL101122,21,Postgraduate,Engineering,2,Government,Semi Urban,Confirmed,154000,326000,298000,104400,29000,2,Excellent,Private Employee,28400,Approved
EL101123,23,Undergraduate,Medical,4,Private,Semi Urban,Confirmed,623000,3018000,1432000,44400,8700,2,Good,Self Employed,33600,Rejected
EL101124,27,Postgraduate,Engineering,2,University,Urban,Confirmed,190000,418000,273000,69900,8100,0,Good,Not Applicable,0,Approved
EL101125,30,Diploma,Arts,4,Private,Semi Urban,Provisional,178000,845000,506000,30200,5800,1,Average,Salaried,12500,Rejected
EL101126,23,Undergraduate,Computer Science,3,University,Urban,Confirmed,277000,892000,744000,18400,3900,2,Average,Not Applicable,0,Rejected
EL101127,21,Professional Course,Computer Science,4,Government,Rural,Confirmed,133000,600000,437000,34400,2100,3,Good,Government Employee,16700,Approved
EL101128,23,Diploma,Science,4,College,Urban,Confirmed,104000,475000,332000,37700,7700,2,Excellent,Not Applicable,0,Rejected
EL101129,20,Diploma,Science,5,Private,Urban,Provisional,126000,721000,521000,146200,13300,4,Good,Salaried,37700,Approved
EL101130,17,Undergraduate,Management,3,University,Semi Urban,Confirmed,361000,1196000,1038000,40100,8200,0,Below Average,Private Employee,39300,Rejected
EL101131,21,Professional Course,Commerce,3,Government,Urban,Provisional,51000,177000,163000,24100,2800,2,Good,Self Employed,16500,Rejected
EL101132,25,Undergraduate,Management,2,College,Urban,Confirmed,410000,906000,819000,65000,2600,2,Excellent,Government Employee,60900,Approved
EL101133,17,PhD,Commerce,5,Private,Urban,Confirmed,146000,791000,662000,27500,5100,1,Good,Not Applicable,0,Rejected
EL101134,18,Undergraduate,Engineering,4,College,Semi Urban,Confirmed,160000,689000,660000,43100,4100,3,Average,Not Applicable,0,Rejected
EL101135,19,Undergraduate,Management,2,Private,Urban,Confirmed,294000,723000,441000,62200,9000,0,Average,Government Employee,45600,Approved
EL101136,22,Undergraduate,Medical,5,College,Semi Urban,Confirmed,546000,2938000,2374000,25200,4200,2,Good,Salaried,27600,Rejected
EL101137,29,Diploma,Engineering,1,Private,Semi Urban,Confirmed,270000,305000,305000,85700,22500,1,Good,Salaried,9700,Approved
EL101138,18,Professional Course,Management,4,Government,Urban,Confirmed,249000,1096000,520000,70500,6400,2,Average,Salaried,33200,Approved
EL101139,21,Postgraduate,Arts,4,University,Semi Urban,Confirmed,107000,502000,336000,47900,2600,3,Excellent,Business Owner,39700,Approved
EL101140,21,Diploma,Management,5,Government,Urban,Confirmed,223000,1248000,742000,96400,26800,2,Good,Salaried,20800,Rejected
EL101141,20,Undergraduate,Other Professional,4,University,Urban,Confirmed,91000,403000,320000,33200,4300,2,Good,Private Employee,32500,Approved
EL101142,21,Professional Course,Management,4,Private,Urban,Confirmed,339000,1687000,1629000,59700,4800,1,Good,Salaried,29300,Approved
EL101143,19,Postgraduate,Law,1,University,Urban,Confirmed,131000,164000,136000,46100,7500,0,Excellent,Professional,17600,Approved
EL101144,31,Professional Course,Engineering,3,Private,Semi Urban,Provisional,234000,756000,542000,29200,2900,3,Average,Government Employee,28100,Rejected
EL101145,24,Diploma,Management,4,Private,Rural,Confirmed,503000,2391000,1989000,29600,3100,0,Good,Business Owner,22500,Approved
EL101146,19,Undergraduate,Engineering,2,University,Urban,Confirmed,141000,346000,244000,110800,40100,1,Good,Business Owner,36500,Approved
EL101147,25,Undergraduate,Medical,4,University,Urban,Provisional,575000,2862000,2230000,68200,2800,3,Average,Government Employee,21500,Approved
EL101148,22,Postgraduate,Engineering,3,University,Urban,Confirmed,131000,436000,367000,62600,0,2,Average,Self Employed,20100,Approved
EL101149,21,Professional Course,Commerce,3,University,Urban,Confirmed,73000,264000,264000,29400,7100,2,Average,Salaried,12100,Rejected
EL101150,20,Postgraduate,Medical,4,Private,Rural,Provisional,602000,2686000,2196000,57200,5500,4,Good,Self Employed,100100,Approved
EL101151,20,PhD,Engineering,3,College,Urban,Provisional,171000,602000,471000,33400,5300,4,Excellent,Salaried,23200,Rejected
EL101152,17,Professional Course,Medical,4,Private,Rural,Confirmed,562000,2591000,2591000,93800,17600,0,Good,Salaried,16000,Rejected
EL101153,17,Undergraduate,Commerce,5,Government,Urban,Confirmed,92000,548000,250000,73600,0,3,Good,Not Applicable,0,Approved
EL101154,22,Postgraduate,Management,2,University,Semi Urban,Confirmed,274000,675000,497000,63600,14800,2,Good,Salaried,33000,Rejected
EL101155,20,Postgraduate,Engineering,2,Private,Semi Urban,Provisional,250000,536000,342000,60400,4800,3,Average,Government Employee,40200,Approved
EL101156,24,Undergraduate,Engineering,1,College,Urban,Confirmed,251000,275000,196000,38400,11600,1,Average,Salaried,42600,Approved
EL101157,18,Diploma,Arts,3,College,Semi Urban,Provisional,88000,308000,259000,51200,3000,4,Excellent,Business Owner,54400,Approved
EL101158,17,Undergraduate,Arts,4,College,Semi Urban,Confirmed,113000,507000,455000,86700,23500,3,Average,Self Employed,16600,Rejected
EL101159,24,Diploma,Computer Science,5,Private,Urban,Confirmed,330000,1917000,1288000,50700,14600,2,Average,Salaried,32200,Approved
EL101160,20,Postgraduate,Computer Science,3,University,Urban,Provisional,178000,644000,548000,26400,2300,1,Good,Private Employee,12500,Rejected
EL101161,24,PhD,Medical,6,Private,Urban,Confirmed,500000,3570000,2197000,75200,8500,1,Average,Professional,25100,Rejected
EL101162,21,Postgraduate,Computer Science,1,Government,Rural,Confirmed,176000,212000,118000,28600,2900,1,Average,Self Employed,43000,Approved
EL101163,28,Postgraduate,Arts,3,University,Rural,Provisional,90000,292000,222000,39500,10500,2,Average,Professional,18200,Rejected
EL101164,24,Undergraduate,Arts,3,University,Urban,Confirmed,92000,291000,209000,31700,4600,1,Good,Salaried,101400,Approved
EL101165,22,Diploma,Management,5,Government,Semi Urban,Confirmed,208000,1273000,1239000,12000,2100,2,Good,Government Employee,30000,Rejected
EL101166,24,Postgraduate,Commerce,2,College,Semi Urban,Provisional,73000,166000,166000,43800,5100,2,Good,Private Employee,11000,Approved
EL101167,20,Postgraduate,Computer Science,4,College,Rural,Confirmed,259000,1220000,804000,118900,20500,1,Good,Private Employee,43800,Approved
EL101168,17,PhD,Arts,5,Private,Urban,Confirmed,176000,937000,448000,47100,8400,1,Excellent,Self Employed,100800,Approved
EL101169,22,Postgraduate,Commerce,5,Government,Rural,Confirmed,92000,548000,299000,176600,13500,0,Below Average,Not Applicable,0,Approved
EL101170,28,Undergraduate,Arts,5,College,Semi Urban,Confirmed,83000,444000,277000,37200,10800,1,Excellent,Self Employed,44000,Approved
EL101171,17,Undergraduate,Engineering,5,Government,Semi Urban,Confirmed,174000,1050000,820000,44800,5000,2,Average,Private Employee,17300,Rejected
EL101172,23,Postgraduate,Management,3,Government,Urban,Confirmed,244000,777000,552000,38100,8500,0,Good,Business Owner,28900,Approved
EL101173,17,Undergraduate,Medical,4,Private,Urban,Confirmed,753000,3213000,1803000,41400,700,0,Average,Salaried,14500,Approved
EL101174,21,Undergraduate,Management,2,College,Urban,Confirmed,362000,810000,810000,48300,9300,1,Good,Private Employee,47500,Rejected
EL101175,21,Undergraduate,Computer Science,2,University,Rural,Confirmed,246000,537000,456000,85400,19300,2,Excellent,Salaried,25000,Rejected
EL101176,24,Postgraduate,Commerce,4,University,Semi Urban,Confirmed,99000,494000,494000,26400,4100,4,Excellent,Self Employed,56300,Approved
EL101177,22,Postgraduate,Computer Science,5,College,Rural,Confirmed,222000,1266000,607000,40300,9100,4,Good,Self Employed,16900,Approved
EL101178,26,Postgraduate,Computer Science,4,University,Urban,Confirmed,222000,1016000,956000,54600,3600,1,Good,Not Applicable,0,Approved
EL101179,25,Postgraduate,Commerce,3,University,Rural,Confirmed,71000,226000,164000,76100,13100,2,Average,Private Employee,8300,Approved
EL101180,20,Postgraduate,Medical,4,Government,Rural,Confirmed,247000,1134000,784000,13600,0,2,Average,Salaried,124100,Approved
EL101181,25,Undergraduate,Medical,4,Private,Urban,Provisional,695000,2955000,2227000,19900,2900,1,Good,Salaried,85500,Rejected
EL101182,20,Professional Course,Medical,4,Private,Urban,Confirmed,736000,3461000,2233000,41000,2400,3,Average,Not Applicable,0,Rejected
EL101183,19,Postgraduate,Arts,2,Government,Semi Urban,Confirmed,84000,209000,152000,70200,8700,1,Good,Salaried,69100,Approved
EL101184,17,PhD,Engineering,4,Private,Semi Urban,Provisional,298000,1330000,1186000,31600,8000,2,Average,Government Employee,21500,Rejected
EL101185,26,Postgraduate,Management,5,Government,Urban,Confirmed,233000,1412000,643000,56100,16100,4,Excellent,Salaried,29000,Rejected
EL101186,20,Undergraduate,Medical,4,Government,Semi Urban,Confirmed,315000,1566000,1526000,107900,1600,1,Average,Professional,34900,Approved
EL101187,17,Diploma,Computer Science,5,Private,Urban,Provisional,306000,1903000,1539000,40300,9800,2,Good,Government Employee,36500,Rejected
EL101188,23,Undergraduate,Law,3,Government,Semi Urban,Confirmed,93000,335000,246000,35800,9200,3,Average,Government Employee,16300,Rejected
EL101189,19,Professional Course,Science,4,Government,Rural,Confirmed,89000,436000,388000,50800,8100,1,Good,Self Employed,15800,Approved
EL101190,20,Postgraduate,Engineering,4,University,Urban,Confirmed,179000,802000,645000,43900,11100,4,Good,Business Owner,14300,Rejected
EL101191,20,Undergraduate,Computer Science,5,College,Urban,Confirmed,265000,1546000,1048000,45600,4200,1,Below Average,Business Owner,23500,Rejected
EL101192,20,Postgraduate,Engineering,2,University,Semi Urban,Provisional,142000,336000,213000,36700,3100,2,Average,Salaried,24900,Approved
EL101193,31,Diploma,Science,2,Government,Semi Urban,Confirmed,84000,184000,179000,35300,3000,0,Good,Salaried,23200,Approved
EL101194,27,Undergraduate,Management,2,University,Urban,Confirmed,300000,668000,353000,24300,4700,2,Good,Government Employee,34100,Approved
EL101195,23,Undergraduate,Medical,4,University,Urban,Confirmed,395000,1773000,1277000,54500,6600,1,Excellent,Not Applicable,0,Approved
EL101196,22,Professional Course,Computer Science,2,Government,Urban,Provisional,153000,325000,175000,23900,1600,2,Good,Salaried,18600,Approved
EL101197,25,Undergraduate,Management,4,Government,Semi Urban,Confirmed,178000,813000,669000,26700,1900,2,Good,Government Employee,19600,Rejected
EL101198,22,Undergraduate,Law,3,Private,Semi Urban,Confirmed,183000,662000,487000,22100,2900,2,Average,Salaried,46600,Rejected
EL101199,24,Undergraduate,Engineering,5,Private,Urban,Confirmed,248000,1463000,823000,34100,1800,4,Below Average,Private Employee,33100,Approved
EL101200,23,Postgraduate,Law,4,Government,Urban,Confirmed,100000,470000,291000,40700,7700,3,Good,Salaried,35800,Approved
EL101201,21,Postgraduate,Medical,4,Government,Urban,Confirmed,340000,1593000,1205000,23200,5500,3,Average,Professional,17800,Rejected
EL101202,24,Postgraduate,Engineering,4,Private,Urban,Confirmed,238000,1004000,796000,35100,7600,2,Average,Not Applicable,0,Rejected
EL101203,20,Professional Course,Arts,1,Private,Urban,Confirmed,96000,101000,50000,43500,17100,0,Average,Private Employee,19400,Rejected
EL101204,21,Undergraduate,Computer Science,2,Private,Semi Urban,Confirmed,258000,559000,360000,18300,3100,1,Average,Professional,19800,Rejected
EL101205,18,Undergraduate,Law,3,College,Semi Urban,Confirmed,146000,540000,418000,27500,7800,1,Average,Salaried,36400,Rejected
EL101206,18,Undergraduate,Computer Science,5,Government,Urban,Confirmed,156000,953000,888000,98900,14500,1,Good,Private Employee,20800,Approved
EL101207,17,Postgraduate,Computer Science,2,University,Rural,Confirmed,207000,482000,422000,28200,3000,0,Below Average,Salaried,28100,Rejected
EL101208,23,Undergraduate,Medical,4,Private,Semi Urban,Confirmed,554000,2498000,1703000,57200,8000,1,Good,Private Employee,25600,Approved
EL101209,24,Postgraduate,Law,4,University,Semi Urban,Confirmed,167000,830000,747000,31100,4500,2,Excellent,Private Employee,15600,Approved
EL101210,25,Diploma,Commerce,3,University,Rural,Confirmed,72000,230000,162000,44400,5300,1,Average,Business Owner,21600,Approved
EL101211,17,Undergraduate,Commerce,5,University,Urban,Provisional,93000,497000,149000,26900,900,0,Good,Professional,21800,Approved
EL101212,23,Professional Course,Science,5,University,Semi Urban,Confirmed,113000,663000,641000,15500,600,2,Excellent,Not Applicable,0,Rejected
EL101213,21,Professional Course,Engineering,1,University,Urban,Provisional,205000,238000,195000,32200,7500,1,Excellent,Government Employee,11000,Approved
EL101214,24,Postgraduate,Science,4,University,Rural,Confirmed,83000,414000,322000,50100,10300,2,Good,Business Owner,19900,Rejected
EL101215,19,PhD,Computer Science,4,Government,Urban,Provisional,131000,634000,476000,56300,16300,3,Good,Professional,49100,Rejected
EL101216,20,Diploma,Science,3,Private,Semi Urban,Confirmed,138000,512000,407000,43100,4100,1,Excellent,Private Employee,37800,Approved
EL101217,17,Undergraduate,Arts,5,College,Urban,Confirmed,99000,591000,444000,27200,2300,0,Excellent,Private Employee,23900,Rejected
EL101218,18,Postgraduate,Computer Science,1,Private,Urban,Confirmed,319000,394000,278000,63600,1700,3,Average,Business Owner,15500,Approved
EL101219,21,Undergraduate,Arts,5,Government,Urban,Confirmed,85000,505000,329000,28000,6300,3,Excellent,Salaried,31400,Rejected
EL101220,22,Postgraduate,Arts,5,College,Semi Urban,Provisional,73000,422000,321000,28800,1400,2,Average,Business Owner,50600,Rejected
EL101221,17,PhD,Engineering,6,College,Urban,Confirmed,220000,1539000,951000,24600,3100,2,Average,Private Employee,68500,Approved
EL101222,19,Postgraduate,Arts,3,Private,Urban,Confirmed,178000,657000,380000,32500,5100,3,Average,Government Employee,22300,Rejected
EL101223,22,Undergraduate,Computer Science,2,Private,Urban,Confirmed,362000,775000,613000,34600,0,1,Good,Not Applicable,0,Approved
EL101224,26,Postgraduate,Science,3,Private,Urban,Confirmed,100000,349000,313000,46500,9300,1,Good,Salaried,38800,Approved
EL101225,18,Professional Course,Science,2,Private,Urban,Confirmed,178000,402000,253000,20400,4500,2,Excellent,Not Applicable,0,Rejected
EL101226,23,Undergraduate,Engineering,1,College,Urban,Confirmed,147000,174000,114000,31900,4900,1,Below Average,Business Owner,29900,Approved
EL101227,19,Undergraduate,Engineering,1,Private,Urban,Confirmed,228000,267000,132000,26900,3300,2,Excellent,Salaried,21000,Approved
EL101228,19,Undergraduate,Engineering,4,Private,Rural,Confirmed,235000,1062000,587000,49700,6300,3,Good,Salaried,14500,Approved
EL101229,18,Professional Course,Arts,1,College,Urban,Confirmed,91000,108000,60000,46700,12000,2,Excellent,Self Employed,43100,Approved
EL101230,17,Postgraduate,Science,3,Private,Urban,Provisional,122000,424000,380000,24000,3200,0,Below Average,Salaried,48700,Rejected
EL101231,19,Undergraduate,Arts,4,College,Semi Urban,Provisional,82000,357000,175000,51300,6600,2,Excellent,Salaried,24400,Approved
EL101232,25,Postgraduate,Science,2,Private,Urban,Confirmed,157000,370000,303000,39100,2700,3,Excellent,Private Employee,76200,Approved
EL101233,18,Postgraduate,Computer Science,3,Government,Semi Urban,Provisional,155000,491000,349000,59700,0,1,Excellent,Not Applicable,0,Approved
EL101234,18,Undergraduate,Computer Science,1,College,Urban,Provisional,226000,274000,230000,29100,6700,2,Below Average,Government Employee,27000,Rejected
EL101235,22,PhD,Other Professional,4,Government,Urban,Confirmed,75000,369000,341000,53900,7000,1,Good,Private Employee,15500,Approved
EL101236,21,Diploma,Engineering,2,University,Rural,Confirmed,154000,328000,245000,61900,3200,3,Below Average,Self Employed,11700,Rejected
EL101237,21,Undergraduate,Management,2,Government,Urban,Provisional,233000,513000,472000,41500,13300,1,Below Average,Business Owner,22400,Rejected
EL101238,22,Professional Course,Medical,4,University,Rural,Confirmed,579000,2491000,2447000,114600,19400,2,Average,Government Employee,36400,Approved
EL101239,17,Undergraduate,Engineering,2,Government,Urban,Confirmed,93000,224000,213000,51300,5700,2,Excellent,Private Employee,107300,Approved
EL101240,18,Undergraduate,Commerce,3,College,Urban,Confirmed,139000,444000,288000,96900,21500,1,Below Average,Private Employee,30900,Approved
EL101241,24,Postgraduate,Medical,4,College,Urban,Confirmed,553000,2562000,1165000,141600,23100,4,Good,Salaried,41200,Approved
EL101242,20,Undergraduate,Computer Science,4,Government,Urban,Confirmed,161000,726000,531000,17400,2800,4,Good,Salaried,18900,Rejected
EL101243,23,Postgraduate,Engineering,3,Private,Semi Urban,Confirmed,267000,961000,746000,71400,5400,1,Average,Business Owner,33300,Approved
EL101244,25,Undergraduate,Management,5,University,Urban,Confirmed,355000,2091000,956000,52000,10000,1,Average,Salaried,31000,Rejected
EL101245,24,Undergraduate,Medical,4,College,Urban,Confirmed,580000,2689000,2041000,45300,9700,2,Below Average,Self Employed,17700,Rejected
EL101246,17,Professional Course,Law,4,Private,Urban,Confirmed,255000,1174000,427000,28800,2200,1,Below Average,Private Employee,62100,Approved
EL101247,21,Undergraduate,Computer Science,3,College,Semi Urban,Provisional,163000,589000,578000,25700,0,1,Good,Salaried,27600,Rejected
EL101248,25,Postgraduate,Science,1,College,Urban,Confirmed,81000,93000,76000,23700,5100,0,Excellent,Not Applicable,0,Approved
EL101249,23,Undergraduate,Computer Science,3,University,Urban,Confirmed,171000,582000,365000,122000,22800,0,Below Average,Professional,29900,Approved
EL101250,22,PhD,Engineering,6,Private,Urban,Confirmed,334000,2114000,1626000,51200,10500,2,Excellent,Business Owner,24800,Rejected
EL101251,17,Undergraduate,Commerce,5,Private,Semi Urban,Provisional,128000,706000,556000,20300,2700,1,Good,Self Employed,19300,Rejected
EL101252,19,Undergraduate,Engineering,5,University,Rural,Confirmed,166000,933000,767000,23700,5100,0,Excellent,Business Owner,24500,Approved
EL101253,21,Professional Course,Management,2,University,Urban,Confirmed,258000,602000,458000,14600,1000,4,Good,Salaried,66500,Approved
EL101254,17,Undergraduate,Computer Science,5,Private,Urban,Confirmed,280000,1658000,1479000,72800,8200,1,Good,Business Owner,18100,Approved
EL101255,24,PhD,Arts,6,Private,Urban,Confirmed,180000,1342000,751000,41100,1500,1,Average,Government Employee,42900,Approved
EL101256,21,Postgraduate,Law,4,College,Semi Urban,Provisional,176000,778000,568000,51800,12100,2,Below Average,Not Applicable,0,Rejected
EL101257,17,PhD,Medical,6,Private,Urban,Confirmed,561000,3901000,3901000,40200,5100,3,Below Average,Private Employee,41100,Rejected
EL101258,19,Undergraduate,Commerce,3,Private,Urban,Confirmed,174000,627000,437000,64500,9700,3,Good,Self Employed,33300,Approved
EL101259,20,Professional Course,Computer Science,3,Private,Semi Urban,Confirmed,368000,1228000,965000,32900,5600,1,Good,Salaried,14300,Rejected
EL101260,21,Undergraduate,Arts,5,Government,Urban,Confirmed,84000,487000,293000,46500,5000,3,Good,Private Employee,32600,Approved
EL101261,26,Undergraduate,Law,2,Government,Urban,Confirmed,117000,265000,265000,46000,9400,2,Good,Salaried,97800,Approved
EL101262,23,Diploma,Computer Science,4,Private,Rural,Confirmed,316000,1428000,1132000,22500,6300,2,Good,Private Employee,35200,Rejected
EL101263,17,Undergraduate,Medical,4,University,Rural,Confirmed,608000,2584000,1450000,28000,6100,2,Below Average,Private Employee,49500,Approved
EL101264,17,Undergraduate,Science,5,University,Semi Urban,Confirmed,130000,686000,627000,34500,0,1,Good,Business Owner,35000,Approved
EL101265,20,Postgraduate,Computer Science,2,Government,Urban,Confirmed,163000,362000,213000,47100,6600,3,Excellent,Private Employee,45900,Approved
EL101266,21,Undergraduate,Law,4,Private,Urban,Confirmed,217000,1070000,912000,80400,11600,2,Average,Salaried,20000,Rejected
EL101267,24,Undergraduate,Computer Science,2,College,Urban,Provisional,166000,361000,327000,42500,10300,2,Good,Business Owner,27800,Rejected
EL101268,27,Postgraduate,Law,5,Government,Semi Urban,Confirmed,101000,537000,537000,38400,3100,2,Good,Salaried,48200,Rejected
EL101269,27,Postgraduate,Engineering,3,College,Semi Urban,Confirmed,137000,483000,378000,46900,1700,2,Average,Professional,24500,Rejected
EL101270,19,Postgraduate,Arts,4,University,Urban,Confirmed,121000,601000,455000,37100,7600,3,Excellent,Business Owner,53600,Rejected
EL101271,24,Diploma,Management,5,College,Urban,Provisional,418000,2218000,989000,39700,5100,0,Average,Self Employed,17100,Rejected
EL101272,22,Undergraduate,Commerce,3,University,Urban,Confirmed,77000,277000,189000,85600,6300,0,Average,Not Applicable,0,Approved
EL101273,17,Postgraduate,Law,3,College,Semi Urban,Confirmed,151000,485000,312000,35900,3800,2,Good,Government Employee,25800,Rejected
EL101274,17,Undergraduate,Commerce,3,University,Urban,Provisional,119000,385000,278000,45800,100,1,Good,Private Employee,126900,Approved
EL101275,22,Undergraduate,Arts,4,Private,Semi Urban,Confirmed,97000,480000,323000,29100,4200,0,Good,Business Owner,24000,Rejected
EL101276,17,Undergraduate,Engineering,4,College,Semi Urban,Provisional,181000,862000,748000,75400,7700,0,Average,Business Owner,37500,Rejected
EL101277,18,Postgraduate,Engineering,4,Government,Urban,Confirmed,158000,734000,489000,25400,4500,3,Below Average,Business Owner,9900,Rejected
EL101278,19,Undergraduate,Computer Science,1,Private,Rural,Confirmed,244000,264000,217000,38700,4300,4,Below Average,Not Applicable,0,Rejected
EL101279,22,Diploma,Management,3,Private,Semi Urban,Confirmed,471000,1642000,1203000,65600,8700,2,Good,Private Employee,35200,Approved
EL101280,25,Undergraduate,Engineering,3,University,Semi Urban,Confirmed,203000,647000,425000,26000,2300,3,Good,Professional,25700,Approved
EL101281,21,Undergraduate,Arts,2,University,Urban,Provisional,119000,269000,173000,61900,6600,3,Excellent,Business Owner,26000,Approved
EL101282,19,Undergraduate,Commerce,4,College,Urban,Confirmed,87000,414000,325000,14400,400,3,Excellent,Self Employed,24900,Rejected
EL101283,17,Postgraduate,Engineering,4,Government,Urban,Confirmed,103000,479000,458000,23200,5200,1,Good,Government Employee,26900,Rejected
EL101284,23,Diploma,Engineering,1,College,Urban,Confirmed,128000,152000,97000,38300,4800,0,Good,Government Employee,11600,Approved
EL101285,21,Diploma,Management,4,College,Urban,Confirmed,311000,1335000,1011000,133900,0,2,Good,Not Applicable,0,Approved
EL101286,19,Professional Course,Commerce,3,Private,Semi Urban,Confirmed,112000,404000,332000,43200,0,4,Average,Professional,26400,Approved
EL101287,25,Undergraduate,Law,4,Government,Urban,Confirmed,121000,601000,449000,43600,9700,3,Good,Private Employee,53500,Rejected
EL101288,17,Undergraduate,Management,2,Private,Urban,Confirmed,439000,1081000,525000,71200,9000,0,Average,Private Employee,47100,Approved
EL101289,19,PhD,Engineering,3,Government,Rural,Provisional,162000,519000,427000,23300,3000,4,Average,Government Employee,6300,Rejected
EL101290,20,Diploma,Science,2,University,Semi Urban,Confirmed,126000,270000,141000,12000,1600,0,Average,Salaried,19800,Approved
EL101291,19,Undergraduate,Engineering,3,Government,Urban,Confirmed,120000,415000,218000,95500,16600,2,Good,Salaried,80100,Approved
EL101292,23,Undergraduate,Commerce,4,Private,Rural,Confirmed,122000,564000,313000,54300,14500,3,Good,Not Applicable,0,Approved
EL101293,23,Postgraduate,Management,4,University,Urban,Confirmed,227000,1109000,805000,32100,5500,2,Excellent,Government Employee,38900,Approved
EL101294,25,Undergraduate,Law,1,Private,Semi Urban,Confirmed,249000,280000,170000,41300,6500,2,Good,Private Employee,22600,Rejected
EL101295,23,Postgraduate,Arts,4,College,Urban,Confirmed,105000,484000,259000,67900,5300,1,Below Average,Business Owner,44700,Approved
EL101296,21,Undergraduate,Engineering,3,Government,Semi Urban,Provisional,118000,386000,312000,37600,0,4,Good,Business Owner,12900,Rejected
EL101297,20,Professional Course,Management,4,Private,Semi Urban,Confirmed,483000,2394000,1786000,43200,7500,0,Good,Self Employed,21800,Rejected
EL101298,23,Postgraduate,Engineering,2,College,Semi Urban,Confirmed,161000,346000,299000,111000,20000,2,Good,Government Employee,35900,Approved
EL101299,20,Diploma,Medical,4,Private,Urban,Confirmed,698000,3436000,2201000,21600,4900,0,Average,Government Employee,41500,Approved
EL101300,21,Undergraduate,Management,4,Private,Rural,Provisional,407000,1999000,1480000,52000,14800,0,Below Average,Private Employee,33500,Rejected
EL101301,23,Postgraduate,Computer Science,4,College,Urban,Provisional,178000,755000,657000,21800,600,1,Excellent,Business Owner,36900,Rejected
EL101302,21,PhD,Science,5,Private,Semi Urban,Confirmed,169000,1018000,563000,87700,6600,0,Average,Not Applicable,0,Approved
EL101303,22,Undergraduate,Engineering,1,College,Urban,Confirmed,215000,240000,156000,46500,8800,1,Good,Business Owner,25000,Approved
EL101304,18,Postgraduate,Management,2,College,Urban,Confirmed,319000,699000,628000,28500,3700,1,Good,Self Employed,62200,Approved
EL101305,26,Undergraduate,Science,4,Private,Rural,Confirmed,160000,724000,545000,19000,4900,4,Good,Not Applicable,0,Approved
EL101306,17,Postgraduate,Management,4,University,Semi Urban,Confirmed,229000,1131000,823000,33700,3800,0,Good,Salaried,28900,Approved
EL101307,23,Diploma,Computer Science,4,University,Urban,Provisional,200000,904000,673000,44000,13600,2,Excellent,Government Employee,15600,Rejected
EL101308,19,Diploma,Arts,4,College,Semi Urban,Confirmed,112000,492000,459000,71600,9700,2,Excellent,Salaried,26100,Approved
EL101309,25,Diploma,Arts,1,Private,Urban,Confirmed,132000,152000,113000,23200,6400,3,Average,Not Applicable,0,Rejected
EL101310,24,Undergraduate,Computer Science,3,University,Urban,Provisional,240000,815000,617000,26600,0,1,Average,Private Employee,8800,Rejected
EL101311,21,PhD,Other Professional,6,Private,Urban,Confirmed,144000,910000,680000,31300,5400,1,Average,Business Owner,62100,Approved
EL101312,26,Postgraduate,Engineering,2,University,Urban,Confirmed,174000,378000,192000,27200,3600,0,Good,Private Employee,20900,Approved
EL101313,20,Undergraduate,Engineering,5,University,Urban,Confirmed,178000,938000,774000,31000,0,0,Good,Self Employed,18900,Rejected
EL101314,24,PhD,Management,3,College,Semi Urban,Provisional,360000,1247000,782000,25000,3200,2,Below Average,Government Employee,24700,Rejected
EL101315,18,Undergraduate,Engineering,4,Private,Semi Urban,Confirmed,181000,853000,478000,49400,900,2,Below Average,Salaried,22900,Approved
EL101316,22,Undergraduate,Medical,4,Government,Urban,Confirmed,450000,2149000,1049000,31500,2600,3,Good,Government Employee,30700,Approved
EL101317,18,PhD,Engineering,6,College,Semi Urban,Confirmed,133000,871000,452000,40400,6400,3,Excellent,Private Employee,45900,Approved
EL101318,21,Undergraduate,Commerce,4,University,Urban,Provisional,79000,383000,157000,46700,5600,3,Average,Private Employee,60000,Rejected
EL101319,21,Undergraduate,Management,3,Government,Rural,Confirmed,266000,904000,539000,20100,3300,1,Excellent,Government Employee,45900,Approved
EL101320,24,Undergraduate,Science,3,Private,Semi Urban,Confirmed,130000,413000,283000,54000,7800,3,Average,Salaried,17700,Approved
EL101321,19,Professional Course,Medical,5,College,Rural,Provisional,511000,3157000,2870000,44600,15200,0,Good,Salaried,28000,Rejected
EL101322,32,Undergraduate,Commerce,4,College,Semi Urban,Confirmed,96000,456000,346000,44600,6800,3,Excellent,Not Applicable,0,Approved
EL101323,17,Undergraduate,Medical,4,Private,Semi Urban,Confirmed,516000,2399000,1890000,37500,5300,2,Average,Salaried,35200,Rejected
EL101324,22,Undergraduate,Engineering,4,University,Urban,Confirmed,203000,859000,809000,35100,5900,2,Good,Private Employee,38900,Approved
EL101325,22,Undergraduate,Commerce,3,Private,Rural,Confirmed,160000,505000,163000,41200,5300,2,Excellent,Salaried,31000,Approved
EL101326,23,Undergraduate,Engineering,2,Private,Semi Urban,Provisional,202000,470000,380000,42100,0,2,Average,Salaried,28400,Approved
EL101327,19,Professional Course,Commerce,4,University,Urban,Provisional,123000,603000,481000,22200,4300,2,Excellent,Business Owner,49100,Approved
EL101328,22,Diploma,Commerce,5,Private,Urban,Confirmed,104000,613000,535000,88200,21700,4,Good,Not Applicable,0,Rejected
EL101329,19,Professional Course,Commerce,1,Private,Urban,Confirmed,168000,177000,85000,28300,7600,1,Good,Government Employee,50300,Rejected
EL101330,28,Diploma,Computer Science,3,Government,Urban,Confirmed,167000,590000,392000,41500,8000,3,Excellent,Self Employed,46500,Rejected
EL101331,19,Undergraduate,Law,2,Government,Rural,Confirmed,141000,316000,193000,71900,7600,1,Excellent,Self Employed,66100,Approved
EL101332,20,Undergraduate,Engineering,5,Private,Urban,Confirmed,308000,1655000,922000,33800,5200,0,Excellent,Business Owner,33500,Rejected
EL101333,19,Postgraduate,Law,5,College,Urban,Provisional,194000,1176000,1176000,45200,13100,1,Good,Professional,65800,Rejected
EL101334,18,Undergraduate,Engineering,5,Private,Urban,Confirmed,333000,1940000,1290000,13400,1500,1,Below Average,Salaried,25200,Rejected
EL101335,17,Postgraduate,Computer Science,1,University,Semi Urban,Confirmed,258000,308000,274000,14900,300,2,Average,Salaried,36000,Approved
EL101336,23,Undergraduate,Law,1,Private,Semi Urban,Confirmed,255000,276000,236000,39600,13000,0,Average,Private Employee,45300,Rejected
EL101337,19,Diploma,Medical,4,College,Semi Urban,Provisional,419000,1799000,961000,44100,1700,3,Average,Private Employee,17100,Approved
EL101338,18,Undergraduate,Science,2,University,Urban,Confirmed,123000,284000,191000,69800,0,2,Average,Government Employee,24000,Approved
EL101339,18,Postgraduate,Computer Science,2,College,Rural,Provisional,229000,529000,402000,59900,9500,0,Good,Not Applicable,0,Rejected
EL101340,22,Professional Course,Science,2,Private,Urban,Confirmed,185000,432000,350000,18100,3000,2,Below Average,Salaried,28800,Rejected
EL101341,21,Undergraduate,Engineering,4,Private,Urban,Confirmed,293000,1405000,1123000,75700,13000,4,Average,Not Applicable,0,Rejected
EL101342,21,Undergraduate,Computer Science,4,Government,Urban,Confirmed,123000,582000,582000,22100,4600,0,Average,Private Employee,31500,Rejected
EL101343,18,Undergraduate,Engineering,4,Government,Urban,Provisional,103000,488000,433000,61800,7100,1,Excellent,Professional,28500,Approved
EL101344,23,Undergraduate,Engineering,1,Private,Urban,Confirmed,218000,237000,201000,32000,3700,3,Average,Government Employee,25500,Rejected
EL101345,19,Postgraduate,Commerce,4,College,Semi Urban,Confirmed,104000,472000,423000,156000,12200,0,Good,Private Employee,32300,Approved
EL101346,21,Professional Course,Arts,3,Government,Urban,Confirmed,81000,284000,271000,29900,4300,4,Average,Business Owner,20400,Rejected
EL101347,21,PhD,Arts,5,University,Rural,Confirmed,85000,490000,322000,38700,6900,4,Average,Private Employee,18500,Rejected
EL101348,17,Diploma,Arts,4,University,Urban,Confirmed,86000,382000,196000,43400,9200,1,Excellent,Professional,15400,Approved
EL101349,28,Diploma,Science,4,Private,Urban,Confirmed,123000,610000,402000,35600,1800,2,Good,Private Employee,11100,Rejected
EL101350,23,Undergraduate,Computer Science,2,University,Semi Urban,Confirmed,253000,545000,296000,24400,400,4,Below Average,Salaried,20500,Rejected
EL101351,22,Professional Course,Management,4,Private,Semi Urban,Provisional,387000,1927000,1161000,120800,25300,0,Excellent,Self Employed,40000,Approved
EL101352,22,Postgraduate,Arts,4,College,Rural,Confirmed,75000,362000,277000,29600,2400,1,Average,Private Employee,26700,Rejected
EL101353,28,Undergraduate,Commerce,4,University,Urban,Confirmed,108000,505000,337000,29000,1200,0,Good,Business Owner,29900,Approved
EL101354,25,Professional Course,Medical,5,College,Urban,Confirmed,352000,1893000,1604000,38000,0,3,Good,Government Employee,23800,Rejected
EL101355,22,Postgraduate,Management,4,Private,Rural,Provisional,474000,2205000,1754000,44200,11300,2,Below Average,Business Owner,86100,Rejected
EL101356,19,Undergraduate,Engineering,4,College,Urban,Confirmed,232000,991000,797000,28500,4400,3,Average,Self Employed,32600,Approved
EL101357,19,Diploma,Arts,3,College,Semi Urban,Confirmed,82000,304000,170000,64700,11600,1,Good,Not Applicable,0,Approved
EL101358,17,Undergraduate,Medical,4,Government,Urban,Provisional,452000,2002000,1238000,43300,7300,2,Average,Government Employee,16600,Approved
EL101359,20,Undergraduate,Commerce,4,Private,Urban,Provisional,159000,719000,333000,40500,6000,2,Good,Salaried,76300,Rejected
EL101360,23,Undergraduate,Arts,5,College,Rural,Confirmed,77000,453000,378000,53100,6800,1,Excellent,Private Employee,13800,Approved
EL101361,23,Postgraduate,Other Professional,4,Private,Rural,Confirmed,116000,489000,489000,26300,3300,3,Average,Business Owner,19200,Rejected
EL101362,23,Undergraduate,Management,4,Private,Rural,Provisional,348000,1612000,1252000,30000,1300,1,Average,Private Employee,19200,Rejected
EL101363,19,Undergraduate,Science,4,University,Semi Urban,Confirmed,84000,401000,317000,39700,0,0,Average,Professional,29200,Approved
EL101364,23,Undergraduate,Commerce,4,College,Urban,Provisional,93000,406000,272000,63900,21200,1,Good,Not Applicable,0,Rejected
EL101365,24,Undergraduate,Engineering,2,Government,Semi Urban,Confirmed,168000,363000,260000,35500,4700,3,Excellent,Not Applicable,0,Rejected
EL101366,17,Postgraduate,Management,3,Private,Urban,Confirmed,347000,1195000,1125000,34300,3100,2,Excellent,Salaried,24300,Approved
EL101367,22,Postgraduate,Management,4,Private,Semi Urban,Confirmed,546000,2528000,1930000,14000,800,3,Good,Government Employee,13800,Rejected
EL101368,28,Undergraduate,Engineering,4,Government,Semi Urban,Confirmed,137000,624000,528000,28400,6400,2,Below Average,Government Employee,82500,Rejected
EL101369,20,Undergraduate,Management,4,Government,Semi Urban,Confirmed,223000,989000,935000,17600,2500,4,Good,Not Applicable,0,Rejected
EL101370,17,Undergraduate,Engineering,5,University,Urban,Confirmed,211000,1194000,1093000,19900,1000,2,Average,Self Employed,40600,Approved
EL101371,18,Postgraduate,Science,5,College,Urban,Provisional,126000,701000,529000,48200,4900,4,Excellent,Salaried,20500,Rejected
EL101372,17,PhD,Management,6,College,Semi Urban,Confirmed,411000,2712000,2077000,211000,33300,3,Good,Private Employee,25300,Approved
EL101373,19,Undergraduate,Engineering,4,College,Rural,Confirmed,126000,577000,399000,44200,4200,2,Good,Not Applicable,0,Approved
EL101374,17,Undergraduate,Commerce,4,College,Urban,Confirmed,98000,443000,365000,47400,9600,0,Below Average,Salaried,8800,Rejected
EL101375,24,Undergraduate,Science,4,Government,Urban,Confirmed,58000,264000,182000,27400,8800,4,Excellent,Private Employee,45200,Rejected
EL101376,24,Postgraduate,Law,2,Private,Rural,Confirmed,163000,342000,274000,23800,2200,2,Excellent,Business Owner,26000,Approved
EL101377,22,Undergraduate,Law,5,Government,Semi Urban,Confirmed,84000,499000,452000,112200,11700,3,Excellent,Salaried,37400,Approved
EL101378,25,Postgraduate,Law,2,University,Semi Urban,Confirmed,180000,381000,189000,26800,1500,2,Excellent,Private Employee,74300,Approved
EL101379,19,Diploma,Management,4,College,Rural,Confirmed,221000,965000,455000,14800,1700,1,Good,Not Applicable,0,Approved
EL101380,21,Undergraduate,Computer Science,2,Government,Semi Urban,Confirmed,180000,436000,324000,45400,0,1,Below Average,Salaried,6700,Approved
EL101381,29,Postgraduate,Management,4,Private,Semi Urban,Provisional,497000,2479000,2108000,32400,7400,1,Below Average,Business Owner,16300,Rejected
EL101382,23,Professional Course,Law,3,Private,Semi Urban,Confirmed,200000,749000,594000,54100,500,2,Good,Professional,29900,Approved
EL101383,23,Undergraduate,Engineering,4,Government,Urban,Confirmed,126000,589000,335000,87900,5000,3,Average,Private Employee,73600,Approved
EL101384,18,Postgraduate,Computer Science,5,College,Urban,Confirmed,235000,1295000,1146000,48300,6600,2,Good,Government Employee,24000,Approved
EL101385,20,Postgraduate,Medical,4,Private,Urban,Confirmed,478000,2327000,2327000,45000,11400,2,Below Average,Self Employed,69700,Approved
EL101386,17,Undergraduate,Science,2,Private,Semi Urban,Provisional,131000,309000,191000,55800,3000,1,Good,Government Employee,8300,Approved
EL101387,27,Diploma,Management,5,College,Urban,Provisional,248000,1547000,992000,155200,17600,2,Good,Government Employee,22500,Approved
EL101388,17,Undergraduate,Science,2,Government,Rural,Provisional,58000,135000,102000,125400,19600,1,Excellent,Government Employee,52600,Rejected
EL101389,24,Undergraduate,Law,4,Private,Urban,Confirmed,220000,1017000,744000,34300,2400,3,Below Average,Not Applicable,0,Rejected
EL101390,23,Postgraduate,Engineering,4,University,Semi Urban,Provisional,157000,665000,619000,64500,7700,3,Good,Self Employed,10100,Rejected
EL101391,17,Professional Course,Arts,4,Private,Urban,Confirmed,130000,566000,449000,98000,0,1,Good,Salaried,18700,Approved
EL101392,25,Undergraduate,Management,1,University,Urban,Confirmed,361000,427000,302000,56800,4700,2,Good,Government Employee,27600,Approved
EL101393,20,Postgraduate,Management,4,Private,Urban,Confirmed,459000,2293000,1517000,38800,9300,1,Good,Not Applicable,0,Rejected
EL101394,17,Undergraduate,Medical,5,Private,Semi Urban,Provisional,628000,3596000,1873000,31300,6400,4,Good,Professional,56600,Rejected
EL101395,22,Postgraduate,Commerce,3,Government,Urban,Provisional,51000,162000,155000,42200,3800,1,Average,Government Employee,29900,Approved
EL101396,18,Postgraduate,Management,4,College,Urban,Confirmed,216000,976000,824000,22700,900,3,Average,Self Employed,13400,Rejected
EL101397,20,Postgraduate,Arts,2,Private,Rural,Provisional,141000,303000,223000,62800,7000,2,Average,Salaried,38300,Approved
EL101398,19,Professional Course,Arts,5,College,Semi Urban,Provisional,100000,621000,476000,80500,0,4,Good,Salaried,39400,Approved
EL101399,18,Diploma,Management,2,Government,Semi Urban,Confirmed,264000,569000,418000,32900,3700,2,Good,Not Applicable,0,Approved
EL101400,17,Undergraduate,Engineering,3,College,Semi Urban,Confirmed,136000,438000,213000,32000,3000,2,Below Average,Private Employee,18200,Rejected
EL101401,24,Professional Course,Engineering,2,College,Semi Urban,Confirmed,233000,532000,286000,23700,2100,2,Good,Salaried,20100,Rejected
EL101402,22,Undergraduate,Medical,5,Government,Urban,Confirmed,297000,1720000,1237000,50700,5900,2,Good,Private Employee,63000,Approved
EL101403,22,Diploma,Other Professional,4,University,Urban,Confirmed,95000,454000,325000,39900,7100,0,Average,Private Employee,28300,Approved
EL101404,20,Diploma,Management,2,University,Urban,Confirmed,391000,879000,658000,19500,700,4,Average,Not Applicable,0,Approved
EL101405,21,PhD,Arts,4,University,Urban,Confirmed,129000,634000,634000,172400,37300,2,Below Average,Salaried,15300,Rejected
EL101406,18,Undergraduate,Law,5,College,Semi Urban,Provisional,159000,930000,658000,16500,3800,2,Good,Self Employed,44100,Rejected
EL101407,18,Diploma,Management,1,Government,Rural,Confirmed,159000,168000,107000,19500,6400,1,Good,Self Employed,23800,Rejected
EL101408,27,Postgraduate,Computer Science,4,College,Semi Urban,Confirmed,223000,943000,715000,64200,10100,2,Average,Self Employed,15100,Rejected
EL101409,24,Postgraduate,Science,4,Private,Urban,Confirmed,166000,759000,410000,55700,14600,1,Average,Self Employed,24100,Approved
EL101410,19,Professional Course,Commerce,4,Private,Semi Urban,Confirmed,119000,542000,419000,28100,6100,1,Excellent,Self Employed,51000,Approved
EL101411,17,Undergraduate,Engineering,4,Private,Urban,Confirmed,201000,917000,588000,27200,4000,2,Below Average,Private Employee,98400,Rejected
EL101412,17,Undergraduate,Arts,4,Private,Urban,Confirmed,141000,599000,469000,50500,1000,1,Excellent,Salaried,28800,Approved
EL101413,19,Postgraduate,Law,1,Private,Urban,Confirmed,248000,263000,190000,48500,10200,2,Good,Not Applicable,0,Approved
EL101414,21,Undergraduate,Arts,3,Government,Semi Urban,Confirmed,74000,236000,172000,28200,4300,1,Average,Government Employee,28100,Rejected
EL101415,21,PhD,Arts,4,College,Semi Urban,Confirmed,87000,416000,351000,66000,19200,1,Excellent,Government Employee,33500,Rejected
EL101416,22,Undergraduate,Arts,3,Private,Semi Urban,Confirmed,177000,621000,534000,53400,10500,2,Excellent,Salaried,17900,Approved
EL101417,22,Postgraduate,Commerce,4,Private,Semi Urban,Confirmed,177000,763000,763000,78300,17600,2,Below Average,Government Employee,65800,Approved
EL101418,17,Diploma,Medical,4,College,Semi Urban,Confirmed,580000,2636000,2252000,39100,3000,2,Average,Government Employee,23100,Approved
EL101419,26,Professional Course,Law,5,College,Urban,Confirmed,113000,700000,499000,60200,9200,4,Below Average,Government Employee,16200,Rejected
EL101420,20,Diploma,Engineering,5,University,Semi Urban,Provisional,155000,824000,540000,35800,0,1,Excellent,Private Employee,19500,Approved
EL101421,22,Undergraduate,Science,3,Government,Urban,Confirmed,79000,258000,207000,52600,9500,2,Excellent,Business Owner,42900,Approved
EL101422,19,Undergraduate,Management,4,College,Urban,Provisional,374000,1687000,1635000,48000,11500,3,Good,Not Applicable,0,Rejected
EL101423,22,Diploma,Commerce,4,Government,Urban,Confirmed,72000,316000,278000,61300,15600,1,Excellent,Private Employee,68500,Approved
EL101424,28,Professional Course,Science,5,Private,Urban,Confirmed,123000,665000,428000,52000,5100,2,Good,Not Applicable,0,Approved
EL101425,18,Postgraduate,Science,2,College,Semi Urban,Confirmed,132000,329000,269000,15600,0,0,Below Average,Salaried,47800,Approved
EL101426,17,Postgraduate,Engineering,4,Government,Urban,Provisional,122000,587000,460000,29300,2400,1,Good,Government Employee,23600,Rejected
EL101427,18,Undergraduate,Commerce,3,Government,Urban,Provisional,94000,337000,306000,41800,5100,1,Average,Salaried,21100,Rejected
EL101428,20,Postgraduate,Medical,4,Private,Urban,Confirmed,724000,3581000,2848000,50700,8500,3,Average,Business Owner,30300,Approved
EL101429,19,Postgraduate,Engineering,4,Private,Semi Urban,Provisional,275000,1196000,944000,60600,0,1,Excellent,Not Applicable,0,Approved
EL101430,17,Undergraduate,Computer Science,2,Private,Urban,Confirmed,213000,523000,300000,52800,6400,0,Good,Salaried,38600,Approved
EL101431,21,Undergraduate,Other Professional,1,College,Semi Urban,Confirmed,89000,111000,96000,28200,1000,0,Average,Self Employed,49200,Approved
EL101432,26,Postgraduate,Other Professional,4,College,Urban,Confirmed,138000,644000,349000,63500,16500,3,Excellent,Self Employed,20300,Approved
EL101433,20,Postgraduate,Computer Science,2,College,Urban,Confirmed,241000,593000,453000,26800,0,0,Good,Salaried,43500,Approved
EL101434,21,Undergraduate,Arts,3,Government,Urban,Confirmed,72000,262000,175000,75500,16700,2,Average,Private Employee,34200,Approved
EL101435,22,Professional Course,Medical,4,University,Rural,Confirmed,532000,2370000,1561000,78000,9000,1,Good,Salaried,54900,Approved
EL101436,23,Undergraduate,Medical,4,College,Urban,Confirmed,381000,1701000,1424000,39900,0,1,Good,Government Employee,73400,Rejected
EL101437,26,Diploma,Arts,4,Government,Urban,Confirmed,87000,412000,309000,29000,8100,3,Average,Professional,45700,Approved
EL101438,22,Diploma,Science,5,Private,Urban,Confirmed,101000,586000,229000,28300,7100,2,Good,Government Employee,28800,Approved
EL101439,21,PhD,Arts,5,Government,Urban,Confirmed,68000,383000,276000,23200,5600,2,Good,Not Applicable,0,Rejected
EL101440,18,PhD,Engineering,4,Government,Urban,Confirmed,124000,525000,363000,25300,3500,4,Excellent,Self Employed,30500,Approved
EL101441,24,Diploma,Management,2,Government,Urban,Confirmed,236000,498000,467000,36700,2600,3,Average,Government Employee,25700,Rejected
EL101442,18,Postgraduate,Engineering,3,University,Semi Urban,Confirmed,178000,571000,322000,30300,4100,3,Average,Private Employee,21300,Approved
EL101443,18,Postgraduate,Science,3,University,Rural,Confirmed,137000,465000,465000,17900,3200,0,Below Average,Business Owner,31400,Approved
EL101444,22,PhD,Management,6,Government,Urban,Confirmed,264000,1672000,1469000,31500,2600,1,Average,Business Owner,51700,Approved
EL101445,26,Postgraduate,Management,3,Private,Urban,Confirmed,555000,1798000,1274000,42000,2200,4,Average,Private Employee,16900,Approved
EL101446,24,Postgraduate,Computer Science,3,Government,Urban,Confirmed,149000,556000,382000,33900,5900,2,Average,Government Employee,15000,Approved
EL101447,21,Undergraduate,Engineering,5,Government,Rural,Confirmed,115000,656000,429000,25700,3800,2,Good,Not Applicable,0,Rejected
EL101448,18,Postgraduate,Management,4,College,Semi Urban,Confirmed,416000,2058000,1642000,12100,2600,2,Good,Salaried,52200,Rejected
EL101449,26,Undergraduate,Arts,4,Private,Urban,Confirmed,102000,444000,281000,71200,19000,3,Average,Business Owner,37000,Rejected
EL101450,21,Postgraduate,Medical,4,University,Semi Urban,Confirmed,674000,3024000,2215000,39300,8100,2,Good,Salaried,66900,Approved
EL101451,20,Undergraduate,Computer Science,2,Private,Urban,Provisional,207000,490000,288000,47100,1200,0,Below Average,Private Employee,22300,Approved
EL101452,23,Undergraduate,Other Professional,4,Government,Urban,Confirmed,89000,444000,380000,43900,5700,0,Good,Salaried,15200,Rejected
EL101453,19,Undergraduate,Engineering,2,College,Rural,Confirmed,224000,533000,413000,51500,8500,1,Excellent,Salaried,70000,Approved
EL101454,18,Diploma,Medical,4,Government,Urban,Provisional,407000,2003000,1362000,45300,9200,3,Excellent,Salaried,19800,Rejected
EL101455,19,Professional Course,Commerce,5,Private,Urban,Confirmed,168000,890000,635000,42200,8700,2,Excellent,Not Applicable,0,Rejected
EL101456,19,Undergraduate,Computer Science,3,University,Semi Urban,Confirmed,152000,507000,328000,58800,7300,3,Below Average,Salaried,14300,Approved
EL101457,17,Undergraduate,Other Professional,1,Private,Semi Urban,Confirmed,130000,159000,127000,65400,5600,2,Good,Government Employee,32800,Approved
EL101458,17,Diploma,Engineering,1,College,Urban,Provisional,168000,194000,109000,80100,17700,4,Average,Private Employee,27200,Rejected
EL101459,24,Postgraduate,Science,5,College,Semi Urban,Confirmed,139000,753000,667000,26500,4300,3,Good,Salaried,13600,Rejected
EL101460,23,Undergraduate,Computer Science,2,Government,Semi Urban,Confirmed,144000,312000,242000,45500,7100,1,Below Average,Not Applicable,0,Approved
EL101461,18,Postgraduate,Medical,4,Government,Semi Urban,Confirmed,257000,1235000,843000,18000,1200,2,Good,Salaried,18200,Rejected
EL101462,24,PhD,Computer Science,6,University,Urban,Confirmed,176000,1142000,957000,31500,10000,2,Average,Not Applicable,0,Rejected
EL101463,22,Undergraduate,Management,2,Government,Urban,Confirmed,271000,623000,504000,36400,5500,0,Average,Salaried,20700,Rejected
EL101464,20,Postgraduate,Engineering,4,Private,Rural,Provisional,322000,1399000,830000,58100,7100,1,Good,Private Employee,9000,Rejected
EL101465,17,Undergraduate,Medical,4,Private,Semi Urban,Confirmed,911000,3978000,3764000,37800,5800,3,Good,Self Employed,24800,Approved
EL101466,22,Professional Course,Medical,4,College,Urban,Confirmed,400000,1807000,679000,56200,6600,4,Good,Salaried,20700,Approved
EL101467,28,Diploma,Computer Science,1,College,Semi Urban,Provisional,236000,253000,231000,33800,500,1,Excellent,Professional,51300,Approved
EL101468,21,Postgraduate,Engineering,2,Private,Urban,Confirmed,239000,565000,410000,30100,4700,1,Good,Private Employee,35400,Rejected
EL101469,24,Professional Course,Engineering,2,Government,Rural,Confirmed,153000,331000,297000,26900,0,3,Good,Private Employee,14800,Approved
EL101470,20,Undergraduate,Management,5,College,Semi Urban,Confirmed,383000,2299000,2221000,56700,7900,1,Good,Salaried,20800,Approved
EL101471,24,Diploma,Arts,4,Government,Rural,Confirmed,62000,286000,196000,33200,0,4,Average,Salaried,97300,Approved
EL101472,20,Diploma,Other Professional,4,Government,Semi Urban,Confirmed,74000,331000,229000,12000,0,0,Below Average,Self Employed,18000,Rejected
EL101473,17,PhD,Engineering,6,Private,Semi Urban,Confirmed,226000,1590000,1268000,55200,10200,1,Good,Salaried,46800,Rejected
EL101474,18,Diploma,Other Professional,4,Private,Urban,Confirmed,138000,625000,362000,25200,800,0,Average,Government Employee,20500,Approved
EL101475,21,Undergraduate,Commerce,4,Government,Urban,Confirmed,63000,269000,188000,44200,7500,0,Good,Government Employee,17100,Rejected
EL101476,25,Undergraduate,Law,3,Private,Urban,Confirmed,190000,634000,436000,22800,3300,1,Good,Government Employee,22100,Rejected
EL101477,20,Undergraduate,Computer Science,4,Government,Rural,Confirmed,125000,577000,330000,40400,5800,2,Good,Government Employee,66800,Approved
EL101478,21,PhD,Computer Science,4,College,Semi Urban,Provisional,182000,780000,530000,12000,900,1,Average,Salaried,13300,Rejected
EL101479,19,Postgraduate,Science,5,Private,Urban,Provisional,149000,891000,769000,39500,4700,4,Excellent,Salaried,42700,Rejected
EL101480,26,Postgraduate,Computer Science,5,College,Urban,Provisional,224000,1256000,1070000,25900,1800,1,Good,Private Employee,58100,Rejected
EL101481,26,Undergraduate,Law,1,University,Semi Urban,Confirmed,202000,220000,159000,21300,4600,2,Average,Private Employee,21900,Rejected
EL101482,19,Postgraduate,Law,5,Private,Semi Urban,Confirmed,197000,1036000,787000,58800,5100,2,Good,Not Applicable,0,Approved
EL101483,17,Postgraduate,Computer Science,2,College,Urban,Confirmed,232000,495000,349000,37800,4100,0,Excellent,Private Employee,47200,Approved
EL101484,17,Postgraduate,Computer Science,4,Private,Semi Urban,Confirmed,371000,1629000,791000,35500,7000,2,Good,Private Employee,19100,Approved
EL101485,23,Undergraduate,Computer Science,4,Government,Urban,Provisional,144000,647000,387000,27900,2100,0,Excellent,Salaried,17600,Approved
EL101486,21,Undergraduate,Commerce,2,Private,Urban,Confirmed,168000,363000,324000,62800,0,3,Good,Self Employed,27300,Approved
EL101487,18,Undergraduate,Commerce,2,Government,Urban,Confirmed,97000,225000,209000,32300,1100,2,Good,Private Employee,31600,Approved
EL101488,22,Professional Course,Commerce,4,Private,Urban,Confirmed,169000,736000,457000,84400,19000,0,Below Average,Self Employed,24300,Approved
EL101489,17,Postgraduate,Engineering,3,College,Urban,Confirmed,136000,506000,464000,74200,10200,2,Average,Salaried,40600,Approved
EL101490,24,Postgraduate,Other Professional,3,College,Semi Urban,Confirmed,84000,293000,167000,81900,12800,0,Excellent,Business Owner,19400,Approved
EL101491,20,Professional Course,Management,4,Private,Urban,Confirmed,367000,1775000,1194000,65100,10200,4,Excellent,Self Employed,18000,Approved
EL101492,17,Postgraduate,Medical,4,Private,Urban,Provisional,797000,3616000,2648000,29600,8600,2,Below Average,Government Employee,29800,Rejected
EL101493,20,Postgraduate,Medical,4,Private,Urban,Provisional,790000,3447000,2444000,41200,0,1,Average,Private Employee,33700,Approved
EL101494,20,Postgraduate,Engineering,5,Government,Urban,Confirmed,100000,570000,368000,36300,4300,1,Average,Salaried,61200,Approved
EL101495,22,Undergraduate,Computer Science,4,Private,Semi Urban,Confirmed,274000,1241000,954000,61000,8100,2,Average,Government Employee,38200,Approved
EL101496,25,Undergraduate,Engineering,4,Private,Semi Urban,Confirmed,242000,1137000,985000,39900,5100,3,Excellent,Salaried,43900,Rejected
EL101497,25,Professional Course,Engineering,3,Private,Semi Urban,Provisional,287000,1061000,564000,35500,7200,2,Good,Government Employee,24600,Approved
EL101498,22,Postgraduate,Engineering,5,Government,Urban,Confirmed,111000,609000,468000,92000,18800,2,Good,Salaried,24700,Approved
EL101499,20,Undergraduate,Engineering,2,University,Urban,Provisional,156000,334000,299000,34100,3800,0,Good,Professional,21000,Rejected
EL101500,19,PhD,Other Professional,4,Private,Urban,Provisional,151000,721000,496000,29400,0,3,Below Average,Self Employed,32900,Approved
EL101501,17,Undergraduate,Computer Science,3,Private,Semi Urban,Confirmed,205000,646000,432000,32800,11700,2,Excellent,Professional,32200,Rejected
EL101502,21,Postgraduate,Engineering,4,College,Urban,Confirmed,210000,1015000,632000,68600,8900,2,Excellent,Not Applicable,0,Approved
EL101503,18,Diploma,Computer Science,2,University,Semi Urban,Confirmed,202000,483000,483000,44100,6100,1,Below Average,Private Employee,26600,Rejected
EL101504,25,Undergraduate,Commerce,3,Private,Rural,Confirmed,145000,529000,515000,50500,12300,0,Average,Self Employed,29000,Rejected
EL101505,20,Undergraduate,Computer Science,4,Government,Semi Urban,Confirmed,177000,756000,534000,45200,4300,1,Good,Private Employee,74000,Approved
EL101506,24,Postgraduate,Management,4,University,Urban,Confirmed,248000,1082000,1003000,13400,3300,3,Good,Self Employed,34600,Rejected
EL101507,19,Diploma,Commerce,2,University,Semi Urban,Confirmed,85000,197000,132000,23500,2400,2,Average,Private Employee,41000,Approved
EL101508,19,Professional Course,Engineering,4,Private,Urban,Confirmed,323000,1441000,1047000,34900,10300,1,Good,Self Employed,38500,Rejected
EL101509,23,Diploma,Medical,4,University,Rural,Confirmed,609000,2970000,1755000,47000,8000,2,Average,Government Employee,27000,Approved
EL101510,22,Undergraduate,Other Professional,3,Government,Urban,Confirmed,62000,212000,100000,24500,1700,1,Good,Business Owner,39900,Approved
EL101511,22,Undergraduate,Management,1,Private,Semi Urban,Confirmed,488000,554000,367000,24200,7900,1,Excellent,Private Employee,30100,Rejected
EL101512,21,Postgraduate,Engineering,5,College,Urban,Confirmed,184000,1000000,686000,34300,6300,3,Good,Government Employee,14900,Rejected
EL101513,24,Diploma,Medical,4,Government,Semi Urban,Confirmed,396000,1841000,1499000,77900,5900,1,Average,Business Owner,21600,Approved
EL101514,23,Undergraduate,Arts,2,Private,Urban,Confirmed,169000,378000,321000,13700,0,2,Below Average,Government Employee,89000,Approved
EL101515,17,Undergraduate,Engineering,3,College,Urban,Provisional,132000,451000,330000,12000,2300,3,Average,Business Owner,56500,Rejected
EL101516,20,Undergraduate,Management,2,Government,Urban,Provisional,237000,523000,314000,95600,24300,0,Excellent,Business Owner,25200,Approved
EL101517,25,Undergraduate,Management,4,College,Urban,Confirmed,281000,1317000,858000,18700,3100,2,Average,Business Owner,43100,Approved
EL101518,17,Diploma,Medical,4,College,Urban,Provisional,531000,2586000,2557000,32800,5200,0,Excellent,Business Owner,33500,Rejected
EL101519,17,Professional Course,Computer Science,1,University,Rural,Confirmed,191000,201000,170000,19000,5100,3,Excellent,Private Employee,77500,Approved
EL101520,21,Undergraduate,Engineering,5,University,Urban,Confirmed,245000,1343000,1294000,34500,6300,1,Good,Business Owner,27700,Approved
EL101521,23,Postgraduate,Computer Science,3,College,Semi Urban,Confirmed,224000,797000,797000,37500,2700,1,Excellent,Not Applicable,0,Approved
EL101522,19,Undergraduate,Engineering,2,Government,Urban,Confirmed,163000,388000,253000,89800,6700,0,Good,Salaried,19200,Approved
EL101523,26,Undergraduate,Other Professional,2,University,Semi Urban,Provisional,88000,195000,170000,57500,10400,2,Average,Self Employed,27600,Approved
EL101524,27,Undergraduate,Commerce,2,Private,Rural,Confirmed,129000,286000,176000,21100,3700,1,Excellent,Salaried,6600,Approved
EL101525,17,Undergraduate,Engineering,4,College,Urban,Confirmed,225000,1079000,976000,15500,3500,2,Good,Private Employee,34300,Rejected
EL101526,20,Undergraduate,Engineering,3,Private,Rural,Provisional,210000,732000,640000,51500,8400,3,Good,Salaried,51600,Rejected
EL101527,17,Diploma,Arts,4,University,Semi Urban,Confirmed,140000,632000,274000,31000,5900,0,Good,Self Employed,75400,Rejected
EL101528,23,Postgraduate,Arts,2,Government,Semi Urban,Confirmed,81000,172000,139000,28000,4500,1,Good,Salaried,38700,Approved
EL101529,19,Postgraduate,Management,3,Government,Urban,Confirmed,279000,988000,614000,72600,15700,0,Excellent,Self Employed,24300,Rejected
EL101530,19,Postgraduate,Engineering,3,College,Rural,Confirmed,139000,462000,323000,16700,3300,2,Average,Private Employee,18900,Approved
EL101531,25,Undergraduate,Computer Science,3,Private,Rural,Confirmed,267000,934000,608000,33400,3600,2,Good,Government Employee,22900,Rejected
EL101532,17,Undergraduate,Medical,4,Private,Urban,Confirmed,631000,3015000,2672000,55000,6200,3,Below Average,Not Applicable,0,Approved
EL101533,17,Undergraduate,Engineering,1,University,Urban,Confirmed,248000,283000,183000,22200,3500,3,Below Average,Government Employee,25900,Rejected
EL101534,17,Undergraduate,Management,5,Government,Urban,Confirmed,168000,925000,516000,76800,10800,2,Good,Salaried,15200,Rejected
EL101535,25,Undergraduate,Arts,4,Private,Urban,Confirmed,165000,721000,453000,24200,6000,1,Below Average,Private Employee,21400,Approved
EL101536,25,Professional Course,Management,1,Private,Urban,Confirmed,462000,550000,395000,38700,5800,3,Average,Government Employee,26600,Approved
EL101537,20,Professional Course,Engineering,4,College,Rural,Confirmed,233000,1145000,929000,28400,100,0,Good,Self Employed,35600,Approved
EL101538,17,Diploma,Engineering,3,Government,Rural,Confirmed,174000,650000,604000,12000,300,2,Average,Salaried,12000,Rejected
EL101539,24,Postgraduate,Computer Science,4,Private,Urban,Provisional,341000,1651000,1365000,32500,3500,3,Good,Business Owner,24600,Rejected
EL101540,31,Postgraduate,Computer Science,5,College,Urban,Confirmed,175000,1024000,858000,59600,11600,1,Good,Private Employee,43400,Approved
EL101541,20,Postgraduate,Commerce,1,College,Semi Urban,Confirmed,128000,157000,135000,23900,1500,1,Good,Self Employed,64200,Approved
EL101542,17,Postgraduate,Computer Science,5,University,Rural,Confirmed,214000,1207000,1053000,29300,5500,1,Average,Government Employee,28500,Rejected
EL101543,25,Undergraduate,Computer Science,2,Private,Semi Urban,Confirmed,312000,765000,692000,31000,1900,3,Below Average,Salaried,99600,Approved
EL101544,17,Professional Course,Computer Science,2,College,Rural,Confirmed,179000,407000,407000,52500,7600,2,Excellent,Self Employed,43700,Approved
EL101545,20,Diploma,Other Professional,4,College,Semi Urban,Confirmed,127000,594000,517000,33500,5600,1,Average,Salaried,30800,Rejected
EL101546,17,Undergraduate,Science,4,College,Urban,Confirmed,101000,438000,347000,40600,1100,2,Excellent,Private Employee,58900,Approved
EL101547,20,Postgraduate,Management,2,University,Urban,Confirmed,380000,874000,595000,40900,6800,3,Below Average,Professional,22500,Approved
EL101548,17,Diploma,Commerce,2,University,Semi Urban,Provisional,100000,224000,178000,30900,8500,2,Good,Not Applicable,0,Rejected
EL101549,25,Professional Course,Engineering,2,University,Semi Urban,Confirmed,204000,458000,423000,93400,10500,2,Excellent,Government Employee,49600,Approved
EL101550,18,Undergraduate,Engineering,3,College,Semi Urban,Confirmed,139000,488000,277000,24000,3300,4,Average,Professional,39800,Rejected
EL101551,24,Postgraduate,Management,3,University,Semi Urban,Confirmed,229000,843000,791000,57000,8700,1,Average,Self Employed,52800,Approved
EL101552,21,Undergraduate,Arts,2,Government,Urban,Confirmed,96000,233000,160000,76000,10500,1,Good,Not Applicable,0,Approved
EL101553,21,Undergraduate,Law,5,University,Urban,Confirmed,181000,1013000,725000,37500,5000,2,Average,Professional,89800,Approved
EL101554,23,Undergraduate,Commerce,4,Private,Rural,Confirmed,111000,531000,440000,41400,5200,0,Average,Salaried,13400,Approved
EL101555,21,Undergraduate,Arts,5,Government,Urban,Confirmed,78000,452000,303000,52300,0,2,Excellent,Not Applicable,0,Approved
EL101556,19,Postgraduate,Engineering,2,Government,Urban,Confirmed,157000,352000,288000,33300,5700,4,Good,Salaried,25400,Approved
EL101557,18,Postgraduate,Law,1,Government,Semi Urban,Confirmed,118000,145000,84000,15600,500,2,Good,Government Employee,56500,Approved
EL101558,23,Diploma,Engineering,4,Private,Urban,Confirmed,246000,1065000,939000,35400,5800,1,Average,Private Employee,36500,Approved
EL101559,17,Postgraduate,Law,4,Government,Semi Urban,Confirmed,135000,654000,510000,91400,17600,4,Average,Private Employee,56600,Approved
EL101560,27,Undergraduate,Engineering,4,University,Semi Urban,Confirmed,132000,577000,432000,53300,8900,1,Good,Salaried,34700,Rejected
EL101561,21,Postgraduate,Engineering,2,College,Semi Urban,Confirmed,206000,506000,400000,41700,2100,0,Average,Salaried,29400,Approved
EL101562,20,Diploma,Computer Science,4,Government,Rural,Provisional,144000,688000,514000,58600,9300,2,Excellent,Professional,43200,Approved
EL101563,22,Postgraduate,Engineering,3,Government,Urban,Confirmed,145000,497000,406000,37300,4100,0,Good,Business Owner,34300,Approved
EL101564,19,Postgraduate,Engineering,3,Government,Rural,Confirmed,114000,364000,262000,40700,3100,0,Good,Private Employee,36800,Approved
EL101565,20,Undergraduate,Commerce,3,College,Semi Urban,Provisional,81000,264000,186000,32400,10200,0,Good,Self Employed,42600,Rejected
EL101566,17,Undergraduate,Arts,1,Private,Rural,Confirmed,187000,203000,98000,51000,2500,2,Below Average,Not Applicable,0,Approved
EL101567,22,Professional Course,Medical,4,Government,Semi Urban,Confirmed,457000,2198000,2098000,30700,5400,2,Below Average,Salaried,51000,Rejected
EL101568,21,Undergraduate,Computer Science,5,Government,Urban,Confirmed,187000,1098000,632000,34300,9200,3,Good,Government Employee,30600,Rejected
EL101569,22,Undergraduate,Computer Science,4,Government,Urban,Confirmed,173000,757000,751000,62300,10200,2,Good,Not Applicable,0,Rejected
EL101570,26,Undergraduate,Engineering,1,University,Urban,Provisional,134000,151000,108000,36400,2700,3,Good,Private Employee,17100,Rejected
EL101571,18,Postgraduate,Management,2,University,Semi Urban,Confirmed,342000,761000,710000,53200,4300,3,Good,Government Employee,51100,Approved
EL101572,21,Diploma,Commerce,2,Private,Urban,Provisional,131000,309000,280000,55500,200,1,Below Average,Salaried,76200,Rejected
EL101573,17,Diploma,Law,5,Private,Urban,Confirmed,189000,1055000,944000,38600,5300,0,Good,Not Applicable,0,Approved
EL101574,23,PhD,Management,6,University,Rural,Provisional,262000,1892000,1432000,33700,4800,2,Good,Private Employee,42300,Rejected
EL101575,21,Undergraduate,Commerce,4,College,Rural,Confirmed,83000,395000,225000,20700,2200,0,Good,Professional,27400,Approved
EL101576,21,Undergraduate,Computer Science,5,University,Semi Urban,Confirmed,160000,879000,635000,23200,6000,1,Good,Business Owner,26900,Rejected
EL101577,20,Professional Course,Arts,3,College,Urban,Confirmed,78000,261000,183000,54400,6900,0,Average,Private Employee,42000,Approved
EL101578,19,Postgraduate,Science,5,College,Semi Urban,Confirmed,120000,696000,511000,53900,0,2,Average,Professional,29300,Approved
EL101579,30,PhD,Computer Science,5,Private,Rural,Confirmed,365000,2248000,1272000,24500,6500,2,Average,Government Employee,36900,Rejected
EL101580,21,Postgraduate,Engineering,4,Government,Urban,Confirmed,122000,523000,370000,48900,1300,3,Good,Self Employed,24400,Approved
EL101581,22,Undergraduate,Science,5,University,Urban,Confirmed,77000,432000,135000,44700,8000,2,Excellent,Private Employee,68000,Approved
EL101582,17,Professional Course,Commerce,3,Government,Rural,Confirmed,60000,211000,149000,64100,12200,2,Average,Not Applicable,0,Approved
EL101583,24,Undergraduate,Commerce,2,Private,Urban,Confirmed,165000,368000,283000,118500,15000,2,Average,Private Employee,19600,Approved
EL101584,21,Postgraduate,Computer Science,2,University,Semi Urban,Confirmed,189000,419000,265000,53500,11700,2,Good,Government Employee,36000,Approved
EL101585,23,Undergraduate,Engineering,2,Private,Semi Urban,Provisional,283000,643000,456000,28400,4000,1,Average,Self Employed,18800,Rejected
EL101586,24,Postgraduate,Computer Science,2,Private,Urban,Confirmed,228000,496000,384000,58200,5900,3,Average,Professional,33800,Approved
EL101587,21,Postgraduate,Computer Science,3,Private,Urban,Confirmed,332000,1166000,1052000,23800,0,2,Good,Professional,73600,Approved
EL101588,19,Undergraduate,Management,3,Government,Semi Urban,Provisional,243000,894000,812000,121900,0,2,Below Average,Private Employee,29000,Rejected
EL101589,17,Professional Course,Engineering,2,Government,Semi Urban,Provisional,108000,266000,212000,21700,8300,0,Average,Private Employee,14100,Approved
EL101590,20,Undergraduate,Arts,5,Private,Rural,Confirmed,183000,1047000,781000,50000,10000,0,Below Average,Salaried,23700,Rejected
EL101591,19,Postgraduate,Computer Science,1,Government,Urban,Confirmed,149000,165000,133000,40200,9900,2,Average,Salaried,46500,Approved
EL101592,17,Undergraduate,Arts,2,College,Rural,Confirmed,85000,192000,192000,32600,11700,3,Average,Not Applicable,0,Rejected
EL101593,26,Diploma,Engineering,1,Private,Urban,Confirmed,266000,291000,240000,31600,3200,1,Good,Self Employed,43700,Approved
EL101594,24,Postgraduate,Computer Science,5,College,Urban,Provisional,198000,1158000,914000,79300,9600,4,Good,Private Employee,21000,Rejected
EL101595,17,Postgraduate,Engineering,3,College,Rural,Confirmed,242000,782000,712000,53300,0,3,Average,Business Owner,23700,Approved
EL101596,22,Diploma,Arts,2,Private,Urban,Confirmed,124000,276000,209000,37200,4000,2,Average,Salaried,42100,Approved
EL101597,18,Diploma,Computer Science,2,Private,Urban,Confirmed,357000,774000,481000,95400,10100,2,Below Average,Private Employee,72100,Approved
EL101598,22,Professional Course,Computer Science,3,College,Urban,Confirmed,244000,799000,654000,37800,3700,2,Excellent,Not Applicable,0,Rejected
EL101599,18,PhD,Other Professional,6,Government,Semi Urban,Provisional,82000,583000,452000,58000,13300,1,Average,Private Employee,30400,Rejected
EL101600,19,Undergraduate,Management,4,Private,Semi Urban,Provisional,336000,1678000,1203000,20500,4100,0,Good,Business Owner,54400,Rejected
EL101601,24,Diploma,Management,3,Private,Rural,Provisional,308000,1095000,911000,21100,4600,3,Average,Government Employee,32000,Rejected
EL101602,24,Undergraduate,Arts,3,University,Urban,Confirmed,131000,432000,207000,57200,1400,2,Good,Salaried,42200,Approved
EL101603,26,Undergraduate,Computer Science,2,College,Urban,Confirmed,220000,498000,333000,46800,6400,3,Good,Government Employee,19800,Approved
EL101604,20,Postgraduate,Commerce,3,University,Urban,Provisional,138000,487000,301000,117400,19400,1,Good,Salaried,29800,Approved
EL101605,17,Postgraduate,Other Professional,3,Private,Rural,Confirmed,143000,525000,333000,28200,8500,0,Average,Private Employee,21100,Rejected
EL101606,24,Postgraduate,Commerce,4,Private,Semi Urban,Provisional,150000,716000,520000,56300,8200,0,Average,Not Applicable,0,Approved
EL101607,24,Postgraduate,Engineering,2,Private,Urban,Confirmed,340000,734000,450000,35500,4200,1,Good,Government Employee,18300,Approved
EL101608,23,Postgraduate,Medical,4,University,Urban,Confirmed,601000,2815000,2815000,61300,14200,3,Average,Professional,38000,Rejected
EL101609,18,Professional Course,Science,4,College,Urban,Confirmed,95000,414000,339000,58900,6500,0,Average,Salaried,40300,Approved
EL101610,17,Undergraduate,Engineering,4,Government,Semi Urban,Provisional,161000,724000,457000,39600,7000,3,Good,Private Employee,45400,Rejected
EL101611,23,Undergraduate,Computer Science,3,Government,Urban,Confirmed,127000,474000,232000,27700,4800,2,Good,Business Owner,39300,Approved
EL101612,18,Undergraduate,Law,4,Government,Semi Urban,Provisional,112000,550000,364000,33900,3000,1,Below Average,Government Employee,26300,Approved
EL101613,20,Undergraduate,Arts,4,University,Urban,Confirmed,87000,383000,268000,23000,1700,2,Excellent,Salaried,10800,Approved
EL101614,31,Professional Course,Engineering,5,College,Urban,Confirmed,251000,1501000,983000,48200,6100,4,Excellent,Salaried,15800,Approved
EL101615,28,Undergraduate,Arts,3,Private,Semi Urban,Confirmed,183000,613000,613000,12000,1100,0,Average,Salaried,54600,Rejected
EL101616,24,Undergraduate,Management,5,Private,Semi Urban,Confirmed,531000,2792000,1401000,30000,0,1,Good,Not Applicable,0,Rejected
EL101617,19,Postgraduate,Law,4,College,Urban,Confirmed,147000,717000,543000,63100,12300,1,Good,Salaried,28500,Approved
EL101618,18,Undergraduate,Computer Science,4,Government,Semi Urban,Confirmed,169000,821000,600000,62300,11300,4,Good,Salaried,30800,Rejected
EL101619,24,Postgraduate,Computer Science,4,College,Rural,Provisional,177000,785000,559000,17900,1100,4,Good,Self Employed,13900,Rejected
EL101620,26,Professional Course,Engineering,1,College,Semi Urban,Confirmed,175000,211000,97000,53700,2900,3,Good,Government Employee,35700,Rejected
EL101621,19,Diploma,Medical,4,University,Semi Urban,Confirmed,632000,2670000,1985000,22700,3900,1,Good,Government Employee,68900,Approved
EL101622,19,Postgraduate,Management,4,Private,Semi Urban,Provisional,299000,1385000,1076000,33200,9600,3,Excellent,Government Employee,29400,Approved
EL101623,21,Diploma,Arts,5,University,Urban,Confirmed,73000,455000,390000,58900,13100,2,Good,Not Applicable,0,Rejected
EL101624,17,PhD,Computer Science,5,Private,Urban,Confirmed,314000,1896000,1559000,24600,5900,2,Average,Not Applicable,0,Rejected
EL101625,17,Undergraduate,Science,5,Government,Urban,Provisional,87000,507000,473000,81900,8400,4,Average,Not Applicable,0,Approved
EL101626,17,Diploma,Engineering,2,Government,Urban,Confirmed,122000,274000,121000,45600,7600,1,Good,Government Employee,40000,Approved
EL101627,23,Postgraduate,Management,5,Government,Semi Urban,Confirmed,246000,1472000,1052000,50600,6000,3,Good,Salaried,29600,Approved
EL101628,22,Diploma,Computer Science,4,College,Semi Urban,Provisional,266000,1325000,1325000,68800,4400,1,Good,Professional,23300,Rejected
EL101629,25,Undergraduate,Commerce,4,University,Urban,Confirmed,77000,335000,305000,62600,9200,3,Excellent,Professional,51700,Approved
EL101630,17,Diploma,Computer Science,4,Private,Rural,Confirmed,346000,1467000,780000,60000,3100,2,Good,Government Employee,25700,Approved
EL101631,17,Diploma,Management,5,Private,Rural,Confirmed,448000,2521000,1924000,28900,1800,1,Average,Private Employee,23500,Approved
EL101632,23,Diploma,Engineering,1,University,Urban,Provisional,179000,206000,122000,23000,2100,3,Below Average,Private Employee,32100,Rejected
EL101633,18,Undergraduate,Commerce,3,Government,Urban,Confirmed,52000,171000,117000,34900,3500,0,Excellent,Salaried,61000,Approved
EL101634,18,Undergraduate,Law,5,Private,Urban,Confirmed,196000,1150000,1150000,50900,6500,0,Good,Private Employee,27300,Rejected
EL101635,25,Diploma,Science,2,Private,Rural,Confirmed,170000,378000,338000,21100,0,0,Below Average,Not Applicable,0,Rejected
EL101636,19,Postgraduate,Arts,4,College,Semi Urban,Confirmed,108000,538000,281000,53700,2500,3,Good,Professional,40100,Approved
EL101637,19,Professional Course,Commerce,4,Government,Semi Urban,Confirmed,58000,256000,163000,48400,13100,3,Below Average,Salaried,24800,Rejected
EL101638,20,Postgraduate,Arts,4,College,Rural,Confirmed,86000,416000,312000,36600,4700,2,Average,Government Employee,40300,Approved
EL101639,20,Undergraduate,Arts,5,University,Semi Urban,Provisional,129000,802000,570000,41400,7500,1,Average,Salaried,9600,Rejected
EL101640,23,Diploma,Engineering,2,Private,Rural,Confirmed,244000,561000,447000,41500,6900,1,Average,Government Employee,30300,Approved
EL101641,17,Diploma,Management,4,Government,Urban,Confirmed,161000,702000,445000,50100,6000,1,Excellent,Government Employee,25900,Rejected
EL101642,20,Postgraduate,Science,4,Private,Urban,Confirmed,186000,914000,635000,58300,2900,0,Average,Salaried,17500,Approved
EL101643,25,Diploma,Science,4,Private,Urban,Provisional,118000,534000,338000,168700,13600,3,Excellent,Not Applicable,0,Approved
EL101644,28,Undergraduate,Arts,2,Government,Rural,Confirmed,88000,204000,142000,43700,13400,1,Average,Professional,25500,Rejected
EL101645,17,Undergraduate,Management,2,College,Urban,Confirmed,213000,451000,386000,29100,2400,0,Good,Not Applicable,0,Approved
EL101646,22,Undergraduate,Science,4,Private,Urban,Confirmed,119000,533000,423000,15500,4400,0,Average,Self Employed,5800,Rejected
EL101647,20,Undergraduate,Medical,4,Government,Semi Urban,Confirmed,328000,1523000,982000,19900,1800,4,Excellent,Self Employed,15600,Approved
EL101648,21,Postgraduate,Medical,4,Private,Urban,Provisional,879000,4179000,3844000,27500,2800,1,Excellent,Self Employed,15200,Approved
EL101649,18,Undergraduate,Computer Science,2,Government,Semi Urban,Confirmed,171000,424000,386000,56700,7800,2,Excellent,Business Owner,30200,Rejected
EL101650,24,Professional Course,Computer Science,5,College,Urban,Confirmed,183000,1068000,801000,32900,3800,0,Good,Salaried,15500,Approved
EL101651,23,Undergraduate,Management,5,Government,Urban,Provisional,263000,1452000,1033000,49200,2200,2,Excellent,Salaried,29700,Approved
EL101652,30,Diploma,Commerce,4,Private,Urban,Confirmed,171000,794000,794000,27800,3600,3,Excellent,Private Employee,17600,Approved
EL101653,17,Postgraduate,Arts,5,University,Semi Urban,Confirmed,106000,564000,559000,50400,0,0,Average,Business Owner,45700,Approved
EL101654,17,Undergraduate,Engineering,5,Government,Urban,Confirmed,133000,718000,375000,62100,10100,1,Average,Salaried,36500,Rejected
EL101655,28,Postgraduate,Medical,4,Private,Urban,Provisional,713000,3195000,2969000,32800,4900,1,Good,Private Employee,25200,Rejected
EL101656,21,Professional Course,Commerce,4,University,Semi Urban,Provisional,82000,346000,346000,49900,9800,3,Average,Not Applicable,0,Rejected
EL101657,19,Professional Course,Law,3,College,Urban,Confirmed,190000,607000,515000,32200,2700,2,Good,Salaried,40800,Approved
EL101658,22,Undergraduate,Law,4,University,Urban,Confirmed,180000,757000,515000,21700,4300,3,Average,Government Employee,30700,Rejected
EL101659,17,Postgraduate,Engineering,4,Government,Urban,Confirmed,163000,708000,494000,52900,8900,1,Good,Not Applicable,0,Rejected
EL101660,22,Undergraduate,Computer Science,3,Private,Rural,Confirmed,343000,1250000,1250000,49300,7000,2,Excellent,Government Employee,9300,Rejected
EL101661,21,Postgraduate,Science,3,Private,Rural,Confirmed,169000,568000,497000,54000,16600,2,Average,Salaried,22400,Rejected
EL101662,25,Undergraduate,Medical,4,Private,Urban,Confirmed,841000,4139000,3444000,64700,11200,1,Below Average,Business Owner,19400,Rejected
EL101663,24,Professional Course,Commerce,4,College,Semi Urban,Confirmed,136000,667000,667000,35400,3100,2,Good,Not Applicable,0,Rejected
EL101664,24,Postgraduate,Management,5,Government,Urban,Confirmed,236000,1443000,864000,36800,9900,1,Excellent,Salaried,24000,Rejected
EL101665,22,Undergraduate,Commerce,1,Private,Urban,Confirmed,173000,189000,139000,34800,6100,0,Average,Salaried,20500,Approved
EL101666,27,Professional Course,Engineering,2,Private,Urban,Provisional,306000,685000,533000,47700,13800,4,Good,Private Employee,40900,Rejected
EL101667,23,Diploma,Management,5,Government,Rural,Confirmed,187000,1069000,768000,37400,0,4,Good,Private Employee,12900,Rejected
EL101668,19,Undergraduate,Management,2,Private,Semi Urban,Provisional,444000,1009000,478000,42700,4400,3,Excellent,Professional,28400,Approved
EL101669,18,Diploma,Management,4,Government,Semi Urban,Confirmed,254000,1083000,975000,28000,2900,1,Excellent,Not Applicable,0,Rejected
EL101670,19,Postgraduate,Engineering,3,College,Urban,Confirmed,139000,458000,292000,24000,0,0,Average,Professional,20000,Approved
EL101671,23,Postgraduate,Management,4,Private,Semi Urban,Confirmed,434000,2038000,1293000,25500,3700,1,Below Average,Government Employee,23000,Approved
EL101672,17,Undergraduate,Computer Science,2,Private,Urban,Provisional,190000,450000,313000,49400,4800,3,Average,Self Employed,66300,Approved
EL101673,22,Undergraduate,Engineering,2,University,Urban,Provisional,156000,350000,250000,39300,0,1,Average,Business Owner,27400,Approved
EL101674,18,Undergraduate,Management,4,Private,Rural,Confirmed,421000,1868000,1367000,31400,1900,1,Good,Private Employee,18200,Approved
EL101675,17,Diploma,Engineering,3,Private,Rural,Confirmed,222000,777000,695000,55900,14200,2,Excellent,Business Owner,27600,Approved
EL101676,17,Undergraduate,Other Professional,4,Private,Rural,Confirmed,167000,790000,731000,83200,17600,2,Good,Private Employee,65700,Approved
EL101677,21,Postgraduate,Engineering,5,College,Semi Urban,Confirmed,206000,1228000,873000,31300,2100,2,Good,Business Owner,9600,Approved
EL101678,24,Professional Course,Commerce,4,Private,Semi Urban,Confirmed,120000,582000,384000,23300,1500,2,Average,Self Employed,45500,Rejected
EL101679,19,Professional Course,Management,3,Private,Urban,Provisional,288000,1008000,737000,64400,13400,2,Below Average,Salaried,36600,Rejected
EL101680,17,Diploma,Medical,4,Private,Rural,Confirmed,593000,2670000,1645000,40400,0,3,Good,Business Owner,27900,Approved
EL101681,32,Diploma,Science,2,Private,Urban,Provisional,144000,322000,240000,36600,6700,1,Below Average,Salaried,25100,Approved
EL101682,25,Professional Course,Commerce,4,University,Urban,Confirmed,123000,520000,316000,66800,0,0,Good,Government Employee,65500,Approved
EL101683,24,Diploma,Commerce,3,Government,Urban,Confirmed,79000,269000,269000,35200,9800,2,Excellent,Private Employee,44100,Rejected
EL101684,27,Postgraduate,Engineering,5,Private,Semi Urban,Confirmed,180000,1101000,847000,48900,9300,2,Good,Not Applicable,0,Rejected
EL101685,21,Undergraduate,Medical,4,College,Urban,Confirmed,513000,2412000,1614000,43500,0,2,Good,Government Employee,30100,Approved
EL101686,21,Undergraduate,Medical,4,University,Semi Urban,Confirmed,686000,3207000,2745000,203300,19500,2,Average,Professional,59000,Approved
EL101687,26,Postgraduate,Management,3,Private,Semi Urban,Confirmed,540000,1774000,1003000,37500,5900,2,Average,Government Employee,40000,Approved
EL101688,26,Undergraduate,Law,4,University,Urban,Confirmed,183000,856000,551000,64100,0,2,Average,Salaried,34300,Approved
EL101689,23,Undergraduate,Management,5,Private,Rural,Confirmed,364000,1977000,1608000,35400,4500,4,Average,Private Employee,14500,Rejected
EL101690,24,Undergraduate,Management,3,Private,Semi Urban,Confirmed,290000,973000,750000,50300,8700,0,Average,Salaried,106100,Rejected
EL101691,17,Postgraduate,Engineering,4,Government,Urban,Confirmed,128000,597000,542000,36400,0,4,Good,Professional,44200,Approved
EL101692,20,Undergraduate,Management,2,Government,Urban,Provisional,202000,428000,146000,59700,11800,2,Below Average,Private Employee,79300,Approved
EL101693,27,Undergraduate,Engineering,5,Government,Semi Urban,Confirmed,148000,823000,718000,38300,4500,0,Good,Business Owner,35100,Approved
EL101694,24,Postgraduate,Management,4,University,Urban,Provisional,225000,961000,642000,51600,11000,0,Average,Self Employed,29400,Rejected
EL101695,17,Undergraduate,Other Professional,4,Private,Urban,Provisional,182000,788000,453000,27500,3000,2,Average,Private Employee,20900,Approved
EL101696,19,Postgraduate,Computer Science,3,College,Rural,Confirmed,243000,817000,402000,26900,900,2,Excellent,Private Employee,50800,Approved
EL101697,26,Undergraduate,Medical,5,Government,Urban,Confirmed,483000,2870000,1913000,15700,400,2,Good,Government Employee,67800,Approved
EL101698,23,Diploma,Medical,4,Government,Urban,Confirmed,457000,2017000,1994000,48200,4900,2,Excellent,Self Employed,52700,Approved
EL101699,22,PhD,Computer Science,4,University,Urban,Confirmed,200000,843000,755000,29000,3300,1,Good,Professional,102800,Approved
EL101700,22,Undergraduate,Engineering,4,Government,Urban,Provisional,147000,664000,661000,120300,27200,2,Average,Private Employee,32000,Rejected
EL101701,21,Diploma,Law,2,Private,Urban,Provisional,262000,573000,420000,31700,3300,3,Below Average,Salaried,21100,Rejected
EL101702,19,PhD,Computer Science,6,Government,Urban,Confirmed,118000,854000,654000,74800,0,2,Good,Self Employed,34300,Approved
EL101703,18,Professional Course,Computer Science,4,Government,Semi Urban,Confirmed,99000,481000,247000,71100,6300,2,Average,Business Owner,46300,Approved
EL101704,25,PhD,Arts,5,Private,Semi Urban,Confirmed,124000,734000,377000,35500,0,0,Good,Government Employee,25700,Approved
EL101705,22,Postgraduate,Medical,4,Private,Urban,Confirmed,679000,3185000,2319000,27800,4500,2,Average,Private Employee,29000,Rejected
EL101706,23,Undergraduate,Engineering,5,Government,Rural,Confirmed,143000,855000,465000,37500,6800,3,Average,Private Employee,33400,Approved
EL101707,23,Undergraduate,Commerce,5,Private,Urban,Provisional,119000,669000,416000,70800,14000,3,Average,Self Employed,39000,Rejected
EL101708,26,Undergraduate,Engineering,3,Private,Urban,Confirmed,245000,867000,656000,125800,12900,2,Good,Business Owner,32000,Rejected
EL101709,23,Postgraduate,Engineering,4,Government,Semi Urban,Provisional,145000,658000,619000,21600,1400,2,Average,Private Employee,33400,Rejected
EL101710,24,Professional Course,Law,2,College,Semi Urban,Confirmed,192000,436000,328000,40400,3400,0,Average,Professional,42200,Approved
EL101711,22,Undergraduate,Science,3,University,Rural,Confirmed,86000,312000,170000,29700,3600,1,Average,Professional,45400,Approved
EL101712,18,Postgraduate,Engineering,5,Government,Semi Urban,Confirmed,159000,961000,458000,33500,2800,2,Good,Salaried,22600,Approved
EL101713,20,Professional Course,Law,4,Private,Rural,Confirmed,275000,1243000,955000,94200,25900,3,Average,Salaried,10800,Rejected
EL101714,23,Undergraduate,Engineering,1,Government,Urban,Confirmed,124000,153000,100000,27300,2600,0,Good,Private Employee,16800,Approved
EL101715,23,Undergraduate,Science,3,Government,Urban,Confirmed,76000,264000,203000,18000,2200,4,Average,Self Employed,38300,Approved
EL101716,26,Undergraduate,Management,3,College,Urban,Confirmed,212000,730000,525000,44400,2800,4,Average,Salaried,19900,Approved
EL101717,19,Undergraduate,Computer Science,2,Government,Semi Urban,Confirmed,168000,387000,286000,48500,3100,1,Excellent,Professional,34400,Rejected
EL101718,22,Postgraduate,Commerce,5,College,Urban,Confirmed,131000,790000,735000,32500,500,0,Good,Salaried,28800,Approved
EL101719,21,Postgraduate,Engineering,2,College,Urban,Confirmed,129000,321000,291000,28500,1100,1,Average,Business Owner,30800,Approved
EL101720,27,Postgraduate,Law,3,University,Rural,Confirmed,194000,691000,556000,43500,13000,4,Average,Professional,39000,Rejected
EL101721,22,Undergraduate,Engineering,4,Private,Semi Urban,Confirmed,195000,872000,537000,20400,3700,2,Good,Salaried,57200,Approved
EL101722,22,Diploma,Law,2,Private,Urban,Confirmed,261000,602000,402000,49600,4900,1,Average,Professional,29500,Approved
EL101723,21,Undergraduate,Engineering,3,College,Urban,Provisional,194000,647000,559000,33700,2400,3,Below Average,Professional,16800,Rejected
EL101724,20,Postgraduate,Engineering,4,College,Semi Urban,Confirmed,173000,817000,772000,80300,19400,0,Excellent,Salaried,35300,Rejected
EL101725,17,Undergraduate,Engineering,3,Private,Rural,Provisional,330000,1237000,691000,47100,2600,4,Good,Salaried,44000,Approved
EL101726,17,Diploma,Management,3,Government,Semi Urban,Confirmed,237000,870000,852000,37200,0,3,Below Average,Professional,8600,Approved
EL101727,22,Postgraduate,Computer Science,4,Government,Urban,Confirmed,102000,467000,296000,35800,6200,1,Good,Not Applicable,0,Approved
EL101728,21,Undergraduate,Commerce,5,Government,Urban,Confirmed,87000,487000,414000,15300,700,3,Average,Private Employee,30200,Rejected
EL101729,22,Postgraduate,Science,5,Government,Urban,Confirmed,58000,331000,331000,37700,500,3,Good,Salaried,22800,Approved
EL101730,24,Postgraduate,Computer Science,2,Private,Rural,Confirmed,363000,808000,413000,36300,1200,2,Good,Government Employee,32000,Approved
EL101731,21,PhD,Computer Science,6,College,Semi Urban,Confirmed,163000,1221000,1008000,41200,6900,3,Average,Government Employee,21100,Approved
EL101732,20,Professional Course,Management,4,University,Semi Urban,Confirmed,312000,1361000,957000,36500,4400,2,Average,Business Owner,49800,Approved
EL101733,20,Undergraduate,Commerce,3,University,Urban,Confirmed,107000,389000,318000,82000,3400,3,Good,Self Employed,30600,Rejected
EL101734,22,Postgraduate,Law,2,University,Urban,Confirmed,164000,372000,244000,35100,6000,3,Excellent,Business Owner,11000,Rejected
EL101735,20,Undergraduate,Management,4,University,Semi Urban,Confirmed,322000,1520000,575000,26300,1500,4,Average,Not Applicable,0,Approved
EL101736,25,Diploma,Management,3,Private,Semi Urban,Confirmed,408000,1511000,962000,17500,0,3,Average,Salaried,46000,Approved
EL101737,21,Undergraduate,Management,5,College,Urban,Confirmed,360000,2103000,1687000,32100,400,4,Excellent,Private Employee,29100,Approved
EL101738,22,Postgraduate,Medical,4,Private,Semi Urban,Confirmed,546000,2563000,2441000,23800,3100,1,Excellent,Government Employee,10800,Rejected
EL101739,18,PhD,Computer Science,3,College,Urban,Confirmed,250000,793000,643000,21000,1200,1,Average,Self Employed,48800,Approved
EL101740,25,Undergraduate,Engineering,5,Government,Semi Urban,Confirmed,92000,495000,481000,34300,4800,2,Average,Business Owner,16900,Rejected
EL101741,26,PhD,Science,6,University,Semi Urban,Confirmed,129000,896000,606000,70900,16300,1,Average,Not Applicable,0,Rejected
EL101742,17,Undergraduate,Engineering,3,Private,Urban,Provisional,298000,1005000,667000,64100,4700,3,Average,Government Employee,21700,Rejected
EL101743,22,Professional Course,Engineering,4,Private,Semi Urban,Confirmed,305000,1430000,1146000,21100,7800,1,Average,Professional,13500,Rejected
EL101744,21,Diploma,Engineering,4,Private,Urban,Confirmed,221000,996000,691000,40900,6300,2,Average,Private Employee,29800,Approved
EL101745,22,Undergraduate,Management,2,Government,Urban,Confirmed,272000,590000,542000,49600,5700,2,Good,Salaried,33200,Approved
EL101746,23,Undergraduate,Arts,4,University,Rural,Confirmed,118000,571000,308000,53800,500,3,Good,Professional,31600,Approved
EL101747,17,Postgraduate,Law,4,Private,Rural,Confirmed,279000,1360000,1196000,89500,8800,1,Below Average,Salaried,26500,Rejected
EL101748,24,Postgraduate,Management,3,Private,Urban,Confirmed,289000,1078000,1004000,22400,2400,4,Excellent,Self Employed,19700,Approved
EL101749,25,Undergraduate,Medical,5,College,Semi Urban,Confirmed,627000,3418000,2751000,25800,5100,1,Good,Private Employee,66700,Approved
EL101750,25,Professional Course,Arts,5,Private,Urban,Provisional,153000,851000,755000,28800,2200,1,Good,Private Employee,32900,Rejected
EL101751,18,Diploma,Commerce,3,College,Semi Urban,Confirmed,139000,461000,301000,48200,8100,1,Average,Private Employee,17800,Approved
EL101752,21,Professional Course,Commerce,1,Government,Urban,Provisional,71000,88000,55000,12000,1600,3,Average,Not Applicable,0,Rejected
EL101753,19,Undergraduate,Management,5,Private,Urban,Provisional,363000,2123000,1704000,35800,7800,1,Good,Business Owner,36300,Rejected
EL101754,17,Postgraduate,Computer Science,4,Government,Urban,Confirmed,184000,909000,583000,16500,3700,0,Average,Salaried,41700,Approved
EL101755,19,Undergraduate,Engineering,2,College,Rural,Confirmed,167000,410000,326000,40100,6400,1,Average,Not Applicable,0,Rejected
EL101756,17,Undergraduate,Medical,4,University,Rural,Confirmed,596000,2620000,2084000,113000,22500,2,Below Average,Government Employee,21100,Rejected
EL101757,22,Undergraduate,Law,4,College,Urban,Confirmed,140000,636000,471000,63000,14600,1,Average,Private Employee,14000,Approved
EL101758,17,Undergraduate,Engineering,2,Private,Semi Urban,Provisional,331000,750000,594000,21700,3900,1,Average,Professional,22200,Rejected
EL101759,18,Postgraduate,Management,2,Government,Urban,Confirmed,224000,514000,434000,32600,5100,1,Excellent,Salaried,12000,Approved
EL101760,19,Undergraduate,Medical,5,Private,Urban,Confirmed,624000,3899000,2866000,25700,4300,2,Below Average,Salaried,35100,Rejected
EL101761,24,Undergraduate,Engineering,5,Private,Urban,Confirmed,310000,1681000,1141000,76700,21100,2,Average,Professional,12300,Rejected
EL101762,31,Postgraduate,Law,3,Government,Semi Urban,Provisional,78000,282000,246000,13300,1900,2,Average,Salaried,24500,Rejected
EL101763,22,Diploma,Engineering,2,University,Urban,Confirmed,138000,302000,239000,32200,6300,4,Average,Private Employee,44400,Approved
EL101764,17,Diploma,Computer Science,3,College,Urban,Confirmed,257000,924000,756000,28300,2000,3,Average,Salaried,26000,Approved
EL101765,19,Postgraduate,Science,3,Private,Rural,Provisional,125000,409000,342000,22300,5900,3,Average,Government Employee,28800,Rejected
EL101766,23,Undergraduate,Engineering,3,University,Urban,Confirmed,148000,513000,396000,92000,15700,1,Excellent,Self Employed,37900,Approved
EL101767,17,Postgraduate,Engineering,4,Private,Urban,Confirmed,270000,1278000,893000,18300,1800,2,Good,Not Applicable,0,Rejected
EL101768,25,Postgraduate,Management,1,Government,Rural,Confirmed,184000,209000,137000,22100,2700,1,Good,Private Employee,52600,Approved
EL101769,22,Undergraduate,Engineering,4,Private,Semi Urban,Confirmed,338000,1681000,1238000,89100,9800,2,Good,Government Employee,40500,Approved
EL101770,21,Undergraduate,Engineering,4,Private,Urban,Confirmed,310000,1477000,1214000,38200,5000,0,Good,Salaried,36200,Approved
EL101771,17,Professional Course,Computer Science,4,University,Urban,Confirmed,264000,1142000,947000,36800,5500,2,Average,Private Employee,10100,Approved
EL101772,24,Undergraduate,Engineering,3,Private,Semi Urban,Confirmed,312000,1052000,812000,29400,3300,2,Average,Professional,34000,Approved
EL101773,18,Undergraduate,Commerce,4,Government,Urban,Confirmed,92000,410000,329000,40100,0,2,Average,Self Employed,74000,Approved
EL101774,22,Undergraduate,Law,3,Government,Semi Urban,Provisional,98000,326000,190000,32400,9400,1,Average,Government Employee,42400,Rejected
EL101775,20,Professional Course,Medical,4,University,Urban,Confirmed,586000,2560000,1742000,27800,4300,1,Excellent,Salaried,50700,Approved
EL101776,17,Postgraduate,Medical,4,Private,Semi Urban,Confirmed,901000,3918000,3333000,19900,3100,1,Average,Private Employee,20500,Rejected
EL101777,20,Professional Course,Engineering,4,University,Urban,Confirmed,212000,1038000,649000,41000,5200,2,Below Average,Professional,28600,Rejected
EL101778,17,PhD,Engineering,6,Government,Urban,Provisional,176000,1318000,1016000,29800,6300,1,Average,Private Employee,40600,Rejected
EL101779,19,Diploma,Management,2,University,Semi Urban,Confirmed,392000,848000,643000,31700,4300,2,Excellent,Private Employee,37900,Approved
EL101780,23,Undergraduate,Computer Science,4,Private,Urban,Provisional,202000,976000,715000,55800,5700,2,Below Average,Self Employed,45900,Approved
EL101781,23,Undergraduate,Engineering,2,Government,Semi Urban,Provisional,132000,289000,246000,31200,3400,0,Good,Salaried,15900,Rejected
EL101782,21,PhD,Management,6,Private,Rural,Provisional,362000,2507000,1966000,38000,9200,1,Good,Business Owner,19200,Rejected
EL101783,18,Professional Course,Engineering,3,University,Semi Urban,Confirmed,236000,771000,440000,92700,13700,2,Good,Salaried,14600,Rejected
EL101784,19,PhD,Commerce,6,College,Urban,Confirmed,136000,901000,746000,48600,6200,2,Average,Salaried,34300,Rejected
EL101785,19,Professional Course,Management,5,College,Rural,Confirmed,329000,1862000,1255000,30600,2800,1,Average,Salaried,26800,Approved
EL101786,17,Postgraduate,Arts,2,Private,Urban,Confirmed,100000,238000,130000,23200,2300,1,Average,Business Owner,26700,Rejected
EL101787,21,Postgraduate,Computer Science,5,University,Urban,Confirmed,189000,1082000,932000,37600,8500,4,Good,Not Applicable,0,Rejected
EL101788,17,Postgraduate,Management,4,Private,Urban,Confirmed,337000,1634000,935000,59500,2800,2,Excellent,Salaried,18700,Approved
EL101789,21,Postgraduate,Commerce,4,Private,Semi Urban,Confirmed,145000,620000,432000,29900,5700,1,Below Average,Private Employee,29800,Rejected
EL101790,17,Undergraduate,Engineering,4,Government,Urban,Confirmed,175000,815000,647000,39300,7600,3,Average,Not Applicable,0,Rejected
EL101791,17,Undergraduate,Commerce,3,University,Urban,Confirmed,94000,302000,223000,29500,4400,1,Average,Professional,70400,Approved
EL101792,23,Undergraduate,Management,2,College,Urban,Confirmed,364000,782000,513000,32700,3700,1,Average,Private Employee,70500,Approved
EL101793,21,Undergraduate,Computer Science,2,Government,Urban,Confirmed,179000,398000,239000,21200,0,3,Excellent,Self Employed,23000,Approved
EL101794,17,Undergraduate,Computer Science,4,Private,Semi Urban,Confirmed,346000,1482000,943000,44600,8500,4,Good,Salaried,15500,Rejected
EL101795,19,Postgraduate,Computer Science,2,Government,Urban,Provisional,113000,272000,160000,41800,0,2,Excellent,Self Employed,48300,Approved
EL101796,22,Postgraduate,Arts,3,Private,Semi Urban,Provisional,117000,404000,295000,81400,11800,2,Good,Self Employed,59900,Approved
EL101797,19,Postgraduate,Engineering,5,Private,Urban,Confirmed,208000,1226000,819000,41000,5500,1,Excellent,Business Owner,37400,Approved
EL101798,20,Diploma,Computer Science,4,Private,Rural,Confirmed,245000,1040000,565000,27200,5400,2,Good,Salaried,29400,Rejected
EL101799,22,Postgraduate,Engineering,2,Private,Urban,Provisional,178000,390000,276000,80300,4000,3,Average,Government Employee,21100,Approved
EL101800,21,Postgraduate,Medical,4,College,Urban,Confirmed,539000,2489000,1627000,46600,2100,3,Average,Salaried,41500,Approved
EL101801,18,Postgraduate,Engineering,2,Government,Urban,Provisional,154000,328000,259000,42700,7600,0,Excellent,Salaried,40800,Approved
EL101802,21,Undergraduate,Computer Science,4,University,Rural,Confirmed,177000,766000,616000,38600,4400,0,Below Average,Not Applicable,0,Rejected
EL101803,20,Postgraduate,Commerce,1,University,Semi Urban,Confirmed,115000,121000,115000,41900,0,2,Excellent,Salaried,16200,Approved
EL101804,27,Diploma,Science,2,Private,Urban,Confirmed,146000,360000,305000,25200,3300,2,Below Average,Salaried,17200,Rejected
EL101805,21,Undergraduate,Computer Science,5,Private,Urban,Confirmed,208000,1182000,694000,37200,10900,4,Good,Self Employed,28200,Rejected
EL101806,21,PhD,Arts,4,College,Urban,Confirmed,87000,369000,156000,34700,6200,0,Excellent,Government Employee,52700,Rejected
EL101807,22,Undergraduate,Law,2,Private,Urban,Confirmed,176000,402000,210000,46300,1100,4,Average,Private Employee,49000,Approved
EL101808,20,Postgraduate,Engineering,2,Government,Semi Urban,Confirmed,131000,322000,217000,67700,11700,0,Excellent,Salaried,23900,Approved
EL101809,18,PhD,Arts,5,Government,Urban,Confirmed,80000,435000,221000,62800,13700,0,Average,Not Applicable,0,Rejected
EL101810,23,Diploma,Management,4,College,Urban,Confirmed,273000,1199000,788000,50000,0,3,Average,Not Applicable,0,Approved
EL101811,23,Postgraduate,Medical,4,Government,Semi Urban,Confirmed,276000,1376000,1039000,16400,1700,2,Good,Government Employee,58800,Approved
EL101812,28,Postgraduate,Other Professional,1,Private,Urban,Provisional,120000,146000,97000,31200,7700,1,Average,Salaried,31800,Rejected
EL101813,24,Undergraduate,Medical,5,University,Urban,Confirmed,364000,2111000,1672000,15600,0,2,Good,Self Employed,23500,Rejected
EL101814,24,Diploma,Law,2,Private,Urban,Provisional,248000,539000,355000,66500,7000,1,Excellent,Self Employed,25100,Rejected
EL101815,24,Postgraduate,Science,1,University,Rural,Confirmed,119000,130000,83000,36500,4000,4,Average,Salaried,49600,Approved
EL101816,19,Undergraduate,Science,1,Private,Semi Urban,Confirmed,158000,193000,193000,36000,3300,3,Below Average,Private Employee,39900,Rejected
EL101817,17,Undergraduate,Computer Science,5,University,Semi Urban,Confirmed,226000,1339000,998000,27500,7000,2,Good,Salaried,23500,Rejected
EL101818,17,Professional Course,Computer Science,4,Government,Semi Urban,Confirmed,127000,569000,436000,72900,17500,1,Excellent,Salaried,99800,Approved
EL101819,23,Undergraduate,Management,4,Private,Urban,Confirmed,316000,1334000,1169000,40800,4200,0,Good,Private Employee,12800,Approved
EL101820,26,Professional Course,Management,4,Government,Urban,Confirmed,235000,1013000,893000,36600,1400,3,Average,Private Employee,21400,Approved
EL101821,24,Undergraduate,Science,4,Private,Urban,Confirmed,164000,784000,545000,41200,10100,0,Below Average,Private Employee,21600,Rejected
EL101822,20,Undergraduate,Management,4,Government,Urban,Provisional,266000,1255000,1138000,42900,8600,0,Average,Private Employee,31500,Rejected
EL101823,27,Postgraduate,Computer Science,5,Private,Semi Urban,Provisional,326000,1828000,1248000,36200,4700,2,Average,Salaried,55400,Approved
EL101824,19,Postgraduate,Other Professional,4,Government,Urban,Confirmed,81000,379000,342000,72800,13800,3,Good,Salaried,46900,Approved
EL101825,17,Postgraduate,Management,4,Private,Urban,Confirmed,517000,2484000,1403000,72500,13700,2,Average,Government Employee,31900,Approved
EL101826,22,Undergraduate,Science,1,Government,Urban,Confirmed,86000,101000,71000,40600,2100,2,Good,Private Employee,14300,Approved
EL101827,26,Postgraduate,Medical,4,Private,Semi Urban,Provisional,919000,4036000,3162000,26300,2000,4,Excellent,Salaried,50300,Approved
EL101828,18,Diploma,Engineering,4,College,Semi Urban,Confirmed,127000,630000,507000,45600,6000,1,Good,Business Owner,15900,Approved
EL101829,17,Undergraduate,Computer Science,2,Private,Semi Urban,Confirmed,217000,458000,286000,28800,0,0,Good,Self Employed,23800,Approved
EL101830,21,Postgraduate,Computer Science,2,University,Urban,Confirmed,221000,513000,258000,79100,7800,1,Average,Not Applicable,0,Approved
EL101831,24,Undergraduate,Science,2,Private,Rural,Confirmed,132000,289000,237000,85000,5000,2,Average,Not Applicable,0,Rejected
EL101832,17,Undergraduate,Engineering,2,Government,Rural,Confirmed,118000,281000,202000,55500,8100,3,Good,Government Employee,18900,Approved
EL101833,24,Undergraduate,Engineering,4,Private,Semi Urban,Provisional,297000,1381000,955000,21700,600,2,Good,Not Applicable,0,Rejected
EL101834,17,Undergraduate,Science,1,Private,Semi Urban,Confirmed,145000,158000,158000,30700,5200,2,Average,Professional,66200,Rejected
EL101835,24,Diploma,Computer Science,4,University,Urban,Confirmed,214000,985000,695000,35100,5300,2,Good,Government Employee,28500,Approved
EL101836,17,Professional Course,Computer Science,1,Government,Semi Urban,Confirmed,103000,119000,80000,25500,3100,2,Good,Government Employee,11200,Approved
EL101837,17,Undergraduate,Medical,4,College,Rural,Confirmed,511000,2318000,1113000,33300,5700,1,Below Average,Salaried,34700,Rejected
EL101838,23,Undergraduate,Law,2,University,Urban,Confirmed,169000,358000,210000,43500,8000,0,Average,Professional,20300,Approved
EL101839,25,Professional Course,Law,2,Private,Urban,Provisional,181000,395000,348000,50500,5500,1,Below Average,Private Employee,36300,Rejected
EL101840,21,Undergraduate,Computer Science,3,College,Urban,Confirmed,173000,646000,414000,73800,9800,1,Average,Salaried,35000,Approved
EL101841,29,Undergraduate,Medical,4,Government,Rural,Provisional,380000,1653000,1396000,38400,2600,1,Average,Professional,10600,Rejected
EL101842,17,Postgraduate,Other Professional,3,University,Urban,Provisional,134000,459000,255000,33400,2300,1,Good,Professional,24000,Rejected
EL101843,17,Undergraduate,Law,4,Private,Rural,Confirmed,158000,701000,434000,20400,5600,2,Good,Business Owner,41700,Rejected
EL101844,20,Postgraduate,Computer Science,5,Private,Semi Urban,Confirmed,247000,1484000,914000,46100,5200,2,Good,Private Employee,28200,Approved
EL101845,20,Professional Course,Commerce,4,Government,Urban,Provisional,52000,242000,199000,30900,4000,1,Good,Salaried,16300,Rejected
EL101846,22,Postgraduate,Management,3,College,Semi Urban,Confirmed,278000,995000,715000,34900,4300,1,Average,Self Employed,42700,Approved
EL101847,18,Postgraduate,Medical,4,Private,Urban,Confirmed,801000,3772000,2201000,29200,4800,0,Good,Self Employed,11900,Approved
EL101848,23,Undergraduate,Commerce,3,Private,Urban,Confirmed,125000,432000,370000,29600,2400,2,Excellent,Private Employee,33800,Rejected
EL101849,23,Undergraduate,Commerce,4,College,Urban,Confirmed,98000,487000,401000,55500,5000,2,Good,Self Employed,22100,Approved
EL101850,27,Professional Course,Computer Science,4,Government,Semi Urban,Confirmed,190000,905000,725000,37700,8100,2,Average,Salaried,37700,Approved
EL101851,19,Professional Course,Science,3,College,Urban,Confirmed,94000,335000,266000,84700,0,1,Good,Private Employee,26200,Approved
EL101852,22,Diploma,Computer Science,4,Private,Urban,Confirmed,291000,1383000,860000,22200,3300,0,Excellent,Government Employee,38800,Approved
EL101853,23,Undergraduate,Science,3,University,Rural,Confirmed,135000,463000,435000,72500,4100,3,Average,Not Applicable,0,Rejected
EL101854,21,Diploma,Medical,4,Private,Urban,Provisional,713000,3361000,2470000,30300,0,0,Excellent,Private Employee,43600,Rejected
EL101855,20,Undergraduate,Other Professional,4,College,Rural,Confirmed,82000,384000,303000,37700,4600,1,Excellent,Salaried,43100,Approved
EL101856,17,Postgraduate,Medical,4,College,Urban,Confirmed,400000,1964000,1586000,49700,1300,2,Good,Salaried,41000,Approved
EL101857,21,Postgraduate,Engineering,4,Private,Semi Urban,Provisional,323000,1610000,979000,64800,600,2,Average,Not Applicable,0,Rejected
EL101858,23,Postgraduate,Commerce,2,University,Urban,Provisional,132000,303000,303000,66100,24000,2,Excellent,Not Applicable,0,Approved
EL101859,21,Postgraduate,Engineering,4,College,Urban,Confirmed,158000,740000,552000,65500,11700,3,Good,Self Employed,34500,Approved
EL101860,18,Diploma,Engineering,5,University,Semi Urban,Confirmed,205000,1136000,858000,35000,6300,2,Good,Private Employee,40300,Approved
EL101861,17,Professional Course,Arts,2,College,Rural,Confirmed,82000,200000,138000,96100,12000,3,Average,Business Owner,28400,Approved
EL101862,23,Undergraduate,Management,4,University,Urban,Confirmed,259000,1235000,1139000,52800,1200,1,Good,Self Employed,44100,Approved
EL101863,21,Undergraduate,Science,3,Private,Urban,Provisional,182000,674000,626000,12000,1400,2,Good,Salaried,17500,Rejected
EL101864,26,Postgraduate,Engineering,4,College,Semi Urban,Confirmed,177000,829000,641000,40000,3900,0,Excellent,Salaried,89000,Rejected
EL101865,17,Undergraduate,Management,3,University,Rural,Confirmed,254000,908000,481000,32500,0,2,Average,Private Employee,40400,Approved
EL101866,19,Undergraduate,Management,4,Government,Semi Urban,Provisional,224000,958000,695000,33600,9800,2,Good,Government Employee,17900,Rejected
EL101867,17,Undergraduate,Computer Science,2,Government,Urban,Confirmed,181000,424000,314000,54100,6600,2,Good,Private Employee,62700,Approved
EL101868,25,Undergraduate,Management,1,Private,Urban,Confirmed,520000,585000,399000,45900,2500,3,Good,Government Employee,16100,Approved
EL101869,25,Postgraduate,Management,2,University,Rural,Confirmed,349000,804000,484000,28100,4000,2,Average,Business Owner,29900,Rejected
EL101870,28,Professional Course,Management,2,University,Urban,Confirmed,381000,850000,439000,83400,500,2,Good,Self Employed,31700,Approved
EL101871,23,PhD,Engineering,6,College,Urban,Confirmed,224000,1488000,1444000,20700,900,3,Excellent,Professional,23700,Rejected
EL101872,24,Postgraduate,Commerce,2,Government,Semi Urban,Confirmed,96000,233000,201000,20000,5400,3,Good,Private Employee,27800,Rejected
EL101873,23,Undergraduate,Computer Science,1,Government,Urban,Confirmed,162000,188000,142000,22900,1900,0,Below Average,Government Employee,30800,Approved
EL101874,23,Postgraduate,Management,5,Private,Urban,Confirmed,453000,2493000,1627000,49100,6300,2,Average,Salaried,16500,Rejected
EL101875,21,Postgraduate,Medical,4,University,Semi Urban,Confirmed,667000,3211000,2582000,47300,6600,4,Below Average,Private Employee,34600,Rejected
EL101876,23,Diploma,Law,4,College,Rural,Confirmed,143000,609000,475000,26200,3000,1,Good,Salaried,29800,Approved
EL101877,28,Postgraduate,Medical,4,College,Rural,Confirmed,523000,2319000,1600000,29200,2400,2,Good,Professional,86600,Approved
EL101878,22,Postgraduate,Law,5,Government,Urban,Confirmed,137000,765000,618000,39300,13100,1,Average,Private Employee,67200,Rejected
EL101879,21,Undergraduate,Medical,4,University,Rural,Confirmed,693000,3009000,2488000,23100,1500,3,Good,Business Owner,19900,Approved
EL101880,22,PhD,Other Professional,4,University,Semi Urban,Provisional,99000,483000,412000,58600,2900,3,Excellent,Private Employee,27500,Approved
EL101881,20,Diploma,Management,4,College,Urban,Confirmed,334000,1583000,976000,86100,15000,4,Excellent,Salaried,20300,Approved
EL101882,22,Undergraduate,Computer Science,3,University,Urban,Confirmed,257000,913000,744000,36000,500,2,Below Average,Self Employed,25800,Rejected
EL101883,20,Professional Course,Medical,4,Private,Rural,Confirmed,718000,3356000,3110000,46800,10400,2,Average,Private Employee,47700,Rejected
EL101884,25,Undergraduate,Law,3,University,Urban,Confirmed,147000,496000,394000,41500,4600,2,Good,Private Employee,28100,Approved
EL101885,25,Undergraduate,Medical,4,Private,Urban,Confirmed,503000,2378000,2378000,77900,11000,3,Average,Self Employed,22600,Rejected
EL101886,29,Diploma,Arts,4,University,Semi Urban,Confirmed,85000,407000,294000,103800,16300,3,Average,Government Employee,41500,Approved
EL101887,21,Postgraduate,Engineering,2,University,Semi Urban,Confirmed,168000,389000,192000,32900,3300,0,Good,Business Owner,10200,Approved
EL101888,22,Undergraduate,Computer Science,4,College,Urban,Provisional,196000,897000,559000,40000,8500,1,Excellent,Self Employed,24000,Rejected
EL101889,22,Undergraduate,Arts,1,Government,Semi Urban,Provisional,87000,95000,62000,60400,11400,2,Average,Not Applicable,0,Rejected
EL101890,22,Undergraduate,Computer Science,4,College,Semi Urban,Confirmed,163000,696000,580000,46800,8300,0,Good,Self Employed,64800,Approved
EL101891,25,Undergraduate,Commerce,2,Government,Semi Urban,Confirmed,53000,112000,98000,24900,0,2,Good,Salaried,61000,Approved
EL101892,17,Postgraduate,Arts,3,University,Semi Urban,Confirmed,111000,397000,306000,15900,1600,3,Good,Business Owner,15100,Approved
EL101893,23,Undergraduate,Computer Science,4,College,Urban,Confirmed,141000,632000,502000,29200,3500,1,Good,Business Owner,15000,Approved
EL101894,28,Postgraduate,Medical,4,Government,Rural,Confirmed,473000,2255000,2255000,46400,13300,1,Average,Salaried,22700,Rejected
EL101895,26,Postgraduate,Management,4,University,Semi Urban,Provisional,264000,1216000,760000,32300,100,3,Good,Self Employed,29900,Approved
EL101896,25,Diploma,Arts,3,University,Urban,Confirmed,128000,438000,324000,23200,1700,2,Average,Government Employee,19900,Approved
EL101897,24,Professional Course,Medical,5,College,Urban,Provisional,483000,2840000,1937000,29400,6700,3,Good,Business Owner,11800,Rejected
EL101898,19,Undergraduate,Commerce,5,Government,Semi Urban,Confirmed,98000,532000,305000,98300,4500,0,Good,Government Employee,49500,Rejected
EL101899,18,Undergraduate,Engineering,5,College,Urban,Provisional,189000,1177000,525000,22400,1600,1,Excellent,Salaried,45200,Rejected
EL101900,18,Undergraduate,Law,3,College,Urban,Confirmed,206000,690000,652000,33600,9400,0,Excellent,Private Employee,21500,Rejected
EL101901,17,Undergraduate,Commerce,1,University,Urban,Confirmed,103000,124000,79000,30400,5000,2,Good,Salaried,44000,Approved
EL101902,24,Postgraduate,Computer Science,4,Private,Semi Urban,Confirmed,324000,1425000,1015000,104600,21700,3,Good,Not Applicable,0,Approved
EL101903,26,Undergraduate,Science,2,University,Urban,Confirmed,74000,169000,138000,18800,3700,2,Excellent,Self Employed,8000,Approved
EL101904,23,Diploma,Science,4,Government,Semi Urban,Confirmed,71000,327000,187000,26600,3700,0,Good,Salaried,42400,Approved
EL101905,24,Professional Course,Engineering,1,University,Semi Urban,Confirmed,160000,178000,111000,40600,5600,0,Average,Private Employee,28800,Approved
EL101906,22,Undergraduate,Management,4,Government,Urban,Provisional,264000,1182000,883000,42800,9000,3,Average,Not Applicable,0,Rejected
EL101907,23,Undergraduate,Computer Science,1,Private,Rural,Provisional,290000,330000,226000,69000,3700,0,Good,Business Owner,52100,Approved
EL101908,17,Diploma,Management,5,Government,Urban,Confirmed,241000,1467000,819000,65500,18700,1,Good,Private Employee,31100,Rejected
EL101909,22,Diploma,Management,4,University,Semi Urban,Confirmed,263000,1210000,1018000,27700,2300,2,Below Average,Private Employee,12400,Rejected
EL101910,20,Undergraduate,Management,2,Private,Urban,Provisional,317000,677000,461000,46100,10200,1,Good,Government Employee,37000,Rejected
EL101911,21,Postgraduate,Engineering,3,University,Semi Urban,Provisional,212000,695000,536000,36100,6300,2,Good,Private Employee,32800,Rejected
EL101912,22,Undergraduate,Engineering,3,Government,Rural,Confirmed,127000,475000,360000,31300,2500,1,Excellent,Salaried,40000,Rejected
EL101913,18,Postgraduate,Medical,5,Private,Urban,Confirmed,670000,3578000,3204000,65400,11300,1,Excellent,Self Employed,10300,Rejected
EL101914,17,Diploma,Engineering,4,Private,Rural,Confirmed,334000,1576000,1265000,44700,6300,1,Average,Salaried,25200,Approved
EL101915,18,Undergraduate,Computer Science,4,University,Urban,Confirmed,157000,686000,426000,87400,0,2,Excellent,Private Employee,17300,Approved
EL101916,17,Undergraduate,Engineering,3,Government,Semi Urban,Provisional,145000,494000,457000,50000,6100,1,Good,Not Applicable,0,Rejected
EL101917,17,Postgraduate,Engineering,4,University,Urban,Confirmed,134000,601000,408000,62600,1100,4,Excellent,Private Employee,11700,Approved
EL101918,17,Postgraduate,Science,1,Private,Urban,Confirmed,159000,198000,124000,12000,2100,1,Good,Government Employee,16100,Approved
EL101919,17,Professional Course,Computer Science,5,College,Semi Urban,Confirmed,218000,1265000,766000,41200,4800,3,Average,Private Employee,69300,Approved
EL101920,23,Postgraduate,Law,4,Private,Urban,Confirmed,245000,1078000,430000,48900,10200,1,Good,Government Employee,56300,Approved
EL101921,18,Diploma,Other Professional,4,Government,Rural,Confirmed,86000,403000,265000,51200,3400,1,Excellent,Self Employed,50700,Approved
EL101922,17,Diploma,Computer Science,4,Government,Semi Urban,Confirmed,111000,473000,383000,85400,1100,2,Average,Business Owner,66800,Approved
EL101923,20,Postgraduate,Science,2,Private,Semi Urban,Confirmed,120000,296000,162000,53700,1800,3,Average,Government Employee,10600,Approved
EL101924,17,Undergraduate,Engineering,2,Government,Urban,Confirmed,110000,246000,246000,21500,6700,0,Below Average,Private Employee,28800,Approved
EL101925,26,Undergraduate,Commerce,2,University,Rural,Confirmed,113000,277000,115000,51700,20800,1,Excellent,Private Employee,34000,Approved
EL101926,21,Postgraduate,Computer Science,2,University,Rural,Provisional,176000,427000,270000,60000,18600,3,Average,Professional,24000,Rejected
EL101927,17,Undergraduate,Commerce,1,Government,Semi Urban,Provisional,74000,80000,50000,29100,0,1,Good,Government Employee,10700,Approved
EL101928,23,Undergraduate,Engineering,4,College,Urban,Confirmed,182000,905000,803000,32100,200,3,Good,Private Employee,48300,Approved
EL101929,21,Undergraduate,Law,4,Government,Urban,Provisional,117000,584000,495000,58600,2000,0,Average,Not Applicable,0,Approved
EL101930,20,Professional Course,Management,4,University,Urban,Confirmed,284000,1376000,977000,39600,7900,3,Excellent,Government Employee,21100,Rejected
EL101931,27,Diploma,Arts,3,Government,Semi Urban,Confirmed,94000,322000,173000,68300,21800,2,Good,Self Employed,47300,Approved
EL101932,18,PhD,Other Professional,4,Private,Urban,Confirmed,186000,881000,502000,43400,9200,1,Good,Business Owner,31800,Approved
EL101933,25,Professional Course,Science,3,University,Urban,Provisional,95000,304000,239000,13300,2000,0,Excellent,Salaried,42100,Approved
EL101934,20,Diploma,Management,2,Private,Urban,Confirmed,543000,1340000,869000,40700,1900,3,Average,Not Applicable,0,Rejected
EL101935,21,Postgraduate,Management,5,Government,Urban,Provisional,264000,1445000,962000,32500,3400,1,Good,Self Employed,33900,Rejected
EL101936,18,Postgraduate,Commerce,4,University,Semi Urban,Confirmed,86000,411000,304000,53900,7400,1,Good,Private Employee,34100,Approved
EL101937,19,Diploma,Computer Science,2,University,Semi Urban,Provisional,219000,530000,365000,48900,10200,1,Average,Private Employee,26200,Approved
EL101938,19,PhD,Management,6,College,Rural,Confirmed,289000,2157000,1052000,24700,2100,1,Good,Government Employee,6800,Approved
EL101939,17,PhD,Commerce,6,University,Urban,Provisional,126000,918000,505000,43800,7300,2,Excellent,Government Employee,32700,Approved
EL101940,22,Postgraduate,Law,2,Government,Urban,Provisional,139000,337000,187000,51800,8000,2,Excellent,Not Applicable,0,Approved
EL101941,21,Diploma,Management,1,University,Urban,Confirmed,341000,406000,260000,49500,6900,3,Good,Business Owner,17700,Approved
EL101942,17,Postgraduate,Engineering,2,College,Semi Urban,Confirmed,205000,478000,365000,64600,6100,1,Below Average,Government Employee,40700,Rejected
EL101943,23,Undergraduate,Commerce,4,Government,Rural,Confirmed,84000,356000,270000,23800,3400,3,Below Average,Professional,34000,Rejected
EL101944,26,Undergraduate,Computer Science,4,Government,Urban,Provisional,147000,732000,679000,36700,4500,4,Good,Private Employee,37200,Rejected
EL101945,19,Undergraduate,Law,4,University,Urban,Confirmed,154000,702000,378000,13000,800,0,Good,Salaried,24200,Approved
EL101946,18,Undergraduate,Arts,1,University,Rural,Confirmed,109000,132000,105000,71500,15000,3,Average,Salaried,11600,Rejected
EL101947,25,Diploma,Management,3,Private,Semi Urban,Confirmed,516000,1742000,1101000,42100,11400,1,Average,Not Applicable,0,Rejected
EL101948,22,Undergraduate,Commerce,3,University,Urban,Confirmed,115000,394000,394000,38000,5500,2,Good,Private Employee,43400,Rejected
EL101949,21,Professional Course,Science,2,Government,Urban,Confirmed,56000,128000,94000,37600,4700,0,Average,Private Employee,16300,Approved
EL101950,24,Undergraduate,Management,4,Private,Urban,Confirmed,323000,1612000,1073000,51000,10100,1,Excellent,Private Employee,19200,Approved
EL101951,22,Undergraduate,Engineering,1,University,Urban,Provisional,178000,194000,153000,67500,9900,0,Average,Private Employee,47200,Rejected
EL101952,26,Postgraduate,Commerce,1,Government,Semi Urban,Confirmed,81000,93000,72000,34700,8100,1,Good,Private Employee,9200,Approved
EL101953,21,Undergraduate,Engineering,4,Private,Semi Urban,Provisional,237000,1025000,710000,49300,6900,0,Good,Not Applicable,0,Rejected
EL101954,22,Undergraduate,Law,2,University,Urban,Confirmed,145000,333000,279000,49000,9000,4,Good,Government Employee,45900,Approved
EL101955,25,Undergraduate,Engineering,4,Private,Semi Urban,Confirmed,322000,1493000,1458000,13400,3800,3,Excellent,Salaried,31100,Rejected
EL101956,17,Postgraduate,Management,4,College,Urban,Provisional,392000,1689000,1499000,28200,6900,2,Good,Not Applicable,0,Rejected
EL101957,25,Undergraduate,Law,4,College,Urban,Confirmed,155000,738000,537000,49900,5800,1,Below Average,Salaried,23300,Approved
EL101958,19,Postgraduate,Engineering,5,University,Urban,Confirmed,217000,1319000,1319000,74400,16900,4,Good,Not Applicable,0,Rejected
EL101959,23,Undergraduate,Engineering,4,University,Urban,Provisional,183000,888000,730000,79200,2700,4,Good,Professional,16200,Rejected
EL101960,27,Undergraduate,Engineering,4,College,Rural,Confirmed,202000,966000,565000,21800,2400,3,Excellent,Self Employed,13400,Approved
EL101961,20,Undergraduate,Other Professional,4,University,Urban,Confirmed,89000,384000,291000,66200,13600,2,Excellent,Salaried,11700,Approved
EL101962,19,Undergraduate,Other Professional,4,University,Urban,Confirmed,105000,493000,354000,67300,18000,1,Average,Salaried,47400,Approved
EL101963,21,Diploma,Management,3,Government,Semi Urban,Confirmed,241000,860000,575000,49300,3100,3,Below Average,Salaried,52800,Rejected
EL101964,17,Postgraduate,Arts,3,College,Urban,Confirmed,101000,364000,290000,14600,1900,2,Good,Private Employee,45000,Rejected
EL101965,29,Postgraduate,Arts,3,Private,Urban,Confirmed,166000,594000,278000,30700,4000,2,Good,Self Employed,58600,Approved
EL101966,21,PhD,Engineering,6,Government,Urban,Confirmed,112000,790000,782000,42400,5200,1,Good,Private Employee,60100,Approved
EL101967,27,Undergraduate,Medical,4,Private,Urban,Confirmed,479000,2291000,1929000,35700,700,0,Good,Salaried,12900,Approved
EL101968,20,PhD,Law,6,Government,Urban,Confirmed,141000,1033000,489000,13600,2400,4,Average,Salaried,51600,Rejected
EL101969,21,Diploma,Engineering,4,Government,Semi Urban,Confirmed,120000,559000,470000,35200,500,2,Good,Private Employee,31600,Approved
EL101970,24,Diploma,Computer Science,3,University,Urban,Confirmed,175000,567000,463000,25200,5900,2,Below Average,Salaried,84500,Rejected
EL101971,17,PhD,Medical,6,Government,Urban,Provisional,362000,2635000,2555000,53900,13600,0,Average,Self Employed,191400,Approved
EL101972,21,Undergraduate,Computer Science,4,College,Semi Urban,Provisional,175000,828000,828000,51000,3700,2,Excellent,Government Employee,26700,Rejected
EL101973,24,Postgraduate,Engineering,4,College,Urban,Provisional,218000,1035000,1035000,52100,800,1,Excellent,Private Employee,25100,Rejected
EL101974,20,Postgraduate,Medical,4,University,Urban,Confirmed,457000,2027000,1436000,33400,4200,3,Good,Self Employed,24100,Approved
EL101975,19,Postgraduate,Engineering,1,Private,Urban,Confirmed,339000,366000,304000,40500,3400,2,Average,Private Employee,30900,Rejected
EL101976,25,Undergraduate,Other Professional,5,Private,Urban,Provisional,121000,730000,495000,38500,4300,1,Good,Not Applicable,0,Approved
EL101977,26,Undergraduate,Engineering,5,Government,Semi Urban,Confirmed,120000,636000,570000,63400,8800,0,Average,Professional,126900,Approved
EL101978,26,Professional Course,Management,5,University,Urban,Confirmed,323000,1826000,777000,30700,1400,1,Excellent,Salaried,32200,Approved
EL101979,19,Postgraduate,Management,4,Private,Urban,Confirmed,284000,1308000,731000,27500,7700,1,Good,Salaried,23500,Rejected
EL101980,19,Undergraduate,Management,1,Private,Urban,Confirmed,285000,300000,205000,64900,4700,3,Excellent,Professional,29900,Approved
EL101981,19,Undergraduate,Science,5,Government,Semi Urban,Provisional,60000,351000,260000,60500,13000,3,Good,Business Owner,18900,Rejected
EL101982,24,Postgraduate,Management,1,College,Urban,Confirmed,227000,244000,189000,50700,2500,1,Good,Not Applicable,0,Rejected
EL101983,17,Undergraduate,Commerce,2,Government,Urban,Confirmed,86000,189000,178000,88400,12000,2,Below Average,Salaried,27400,Approved
EL101984,17,Undergraduate,Computer Science,4,Private,Urban,Confirmed,354000,1768000,1154000,114000,19400,4,Good,Not Applicable,0,Rejected
EL101985,18,Professional Course,Science,3,Private,Urban,Provisional,134000,467000,260000,74300,10600,1,Good,Not Applicable,0,Approved
EL101986,18,Undergraduate,Science,4,Private,Urban,Confirmed,143000,711000,492000,27600,3000,2,Average,Government Employee,22800,Approved
EL101987,24,Undergraduate,Medical,4,College,Urban,Confirmed,564000,2591000,1708000,60800,5200,0,Average,Salaried,36100,Approved
EL101988,24,Postgraduate,Arts,1,Government,Urban,Provisional,54000,65000,54000,42400,4000,2,Excellent,Government Employee,118500,Approved
EL101989,19,Undergraduate,Science,4,Government,Rural,Provisional,72000,305000,299000,30300,2100,1,Average,Private Employee,33200,Approved
EL101990,20,Undergraduate,Law,5,Government,Semi Urban,Confirmed,144000,798000,770000,27700,4400,1,Good,Government Employee,18200,Rejected
EL101991,17,Postgraduate,Other Professional,5,Private,Urban,Confirmed,114000,631000,576000,45900,13500,1,Good,Salaried,30900,Rejected
EL101992,19,Diploma,Arts,2,University,Semi Urban,Provisional,76000,162000,108000,60400,9800,2,Below Average,Professional,42300,Approved
EL101993,25,Postgraduate,Management,3,College,Urban,Provisional,269000,1001000,726000,80000,14700,1,Average,Salaried,37400,Approved
EL101994,19,Diploma,Medical,4,College,Semi Urban,Confirmed,542000,2495000,2030000,56200,12800,3,Average,Professional,66100,Approved
EL101995,17,Diploma,Science,4,Government,Semi Urban,Confirmed,92000,430000,273000,53500,4800,2,Average,Government Employee,31400,Approved
EL101996,26,Postgraduate,Law,4,College,Semi Urban,Confirmed,142000,656000,425000,36200,0,0,Average,Professional,8200,Approved
EL101997,17,Postgraduate,Engineering,3,College,Urban,Confirmed,169000,558000,450000,44700,5800,2,Excellent,Government Employee,38500,Approved
EL101998,26,Diploma,Computer Science,2,University,Semi Urban,Confirmed,188000,464000,253000,19000,3900,0,Good,Salaried,37100,Approved
EL101999,31,Undergraduate,Engineering,4,Private,Semi Urban,Confirmed,313000,1482000,1354000,53200,16500,0,Average,Professional,35800,Rejected
