Application_ID,Age,Occupation,Employment_Type,Monthly_Income,Employment_Business_Duration,Existing_Monthly_EMI,Loan_Amount,Loan_Tenure,Property_Value,Down_Payment,Property_Type,Property_Location_Type,Number_of_Dependents,Loan_Approval
HL100000,29,Self Employed,Self Employed,74800,1.4,4300,6365000,10,7918000,1553000,Apartment,Rural,1,Approved
HL100001,25,Private Employee,Permanent,100200,2.8,12100,9286000,20,12839000,3553000,Apartment,Urban,0,Approved
HL100002,50,Business Owner,Business,140700,12.0,17500,9829000,25,13204000,3375000,Villa,Rural,0,Approved
HL100003,60,Self Employed,Self Employed,59400,7.1,2900,5544000,15,9187000,3643000,Villa,Urban,1,Approved
HL100004,34,Salaried,Permanent,70200,3.5,9900,5437000,10,7296000,1859000,Plot,Semi Urban,1,Rejected
HL100005,26,Professional,Contract,58100,3.5,8200,5890000,30,7306000,1416000,Plot,Urban,3,Approved
HL100006,22,Self Employed,Self Employed,68700,0.5,7300,5068000,30,5821000,753000,Villa,Semi Urban,3,Rejected
HL100007,36,Self Employed,Self Employed,62400,3.6,19600,5611000,20,8185000,2574000,Independent House,Semi Urban,2,Rejected
HL100008,35,Salaried,Permanent,55600,5.0,6000,2837000,20,3635000,798000,Builder Floor,Rural,2,Approved
HL100009,32,Private Employee,Permanent,57600,5.2,5600,7017000,30,7792000,775000,Plot,Rural,4,Rejected
HL100010,40,Government Employee,Permanent,63100,1.3,5400,4683000,20,6018000,1335000,Builder Floor,Urban,1,Rejected
HL100011,42,Professional,Permanent,54600,6.4,2300,4903000,25,5704000,801000,Builder Floor,Semi Urban,2,Approved
HL100012,41,Private Employee,Permanent,48600,16.9,8500,4158000,20,5108000,950000,Independent House,Urban,2,Approved
HL100013,35,Business Owner,Business,146000,13.3,9500,12585000,15,16145000,3560000,Villa,Urban,3,Approved
HL100014,28,Private Employee,Permanent,183500,2.1,13700,17812000,25,20896000,3084000,Villa,Urban,3,Approved
HL100015,44,Salaried,Permanent,31500,16.1,2400,2953000,20,3605000,652000,Apartment,Rural,0,Rejected
HL100016,38,Private Employee,Permanent,30700,7.4,1300,2214000,15,2637000,423000,Villa,Semi Urban,2,Rejected
HL100017,46,Salaried,Permanent,35200,19.3,0,3178000,20,3795000,617000,Independent House,Urban,1,Rejected
HL100018,45,Business Owner,Business,64600,10.1,5400,3739000,25,4344000,605000,Independent House,Rural,1,Approved
HL100019,25,Private Employee,Permanent,81100,2.8,15400,6628000,15,8096000,1468000,Apartment,Semi Urban,2,Rejected
HL100020,25,Self Employed,Self Employed,70700,1.4,9600,10712000,25,12579000,1867000,Plot,Urban,2,Rejected
HL100021,31,Government Employee,Permanent,55600,1.3,13600,4884000,10,6663000,1779000,Villa,Urban,0,Rejected
HL100022,28,Professional,Permanent,79000,3.2,14200,8447000,20,11057000,2610000,Independent House,Semi Urban,1,Rejected
HL100023,45,Business Owner,Business,49600,8.3,8000,3787000,30,5533000,1746000,Apartment,Semi Urban,2,Approved
HL100024,41,Self Employed,Self Employed,48500,8.4,13100,3876000,25,6161000,2285000,Independent House,Urban,0,Rejected
HL100025,48,Salaried,Permanent,53700,19.9,6000,6461000,25,8902000,2441000,Apartment,Urban,3,Approved
HL100026,42,Private Employee,Contract,26600,21.0,3300,1648000,20,2215000,567000,Apartment,Urban,1,Rejected
HL100027,40,Salaried,Permanent,32100,19.0,3800,3934000,20,5458000,1524000,Apartment,Urban,2,Rejected
HL100028,49,Salaried,Permanent,32700,11.4,8000,3175000,20,4275000,1100000,Builder Floor,Urban,0,Approved
HL100029,42,Self Employed,Self Employed,76400,5.0,9200,6927000,15,8927000,2000000,Independent House,Urban,4,Approved
HL100030,39,Self Employed,Self Employed,60500,8.9,4100,8253000,20,10549000,2296000,Independent House,Urban,3,Rejected
HL100031,51,Professional,Permanent,82000,11.4,13700,7108000,20,8248000,1140000,Builder Floor,Semi Urban,0,Rejected
HL100032,39,Government Employee,Permanent,22500,18.0,1200,2914000,20,4088000,1174000,Independent House,Urban,2,Rejected
HL100033,35,Government Employee,Permanent,26400,14.0,4300,3665000,15,4684000,1019000,Builder Floor,Urban,3,Rejected
HL100034,30,Private Employee,Permanent,73000,7.0,11200,5247000,15,7901000,2654000,Apartment,Urban,0,Approved
HL100035,44,Salaried,Permanent,18000,4.3,1900,1088000,15,1540000,452000,Apartment,Rural,2,Rejected
HL100036,49,Salaried,Contract,94000,13.1,15500,12840000,15,15469000,2629000,Apartment,Urban,3,Approved
HL100037,38,Private Employee,Permanent,23800,10.2,0,1631000,15,2398000,767000,Independent House,Urban,2,Approved
HL100038,50,Salaried,Permanent,79200,12.8,10500,11757000,10,12376000,619000,Builder Floor,Urban,3,Rejected
HL100039,22,Self Employed,Self Employed,36300,0.4,3000,1854000,30,2963000,1109000,Villa,Semi Urban,0,Approved
HL100040,38,Private Employee,Permanent,86900,8.8,30300,7846000,10,8845000,999000,Villa,Urban,3,Rejected
HL100041,38,Business Owner,Business,286900,17.0,38000,18510000,25,25000000,6490000,Apartment,Urban,4,Approved
HL100042,31,Self Employed,Self Employed,19500,2.9,1400,1695000,15,2273000,578000,Builder Floor,Rural,0,Rejected
HL100043,59,Government Employee,Permanent,70400,38.0,700,6634000,25,9613000,2979000,Independent House,Semi Urban,1,Approved
HL100044,37,Business Owner,Business,30000,10.0,6700,3472000,25,4306000,834000,Apartment,Urban,2,Rejected
HL100045,34,Business Owner,Business,82100,7.7,7600,8475000,30,8921000,446000,Builder Floor,Urban,3,Approved
HL100046,38,Government Employee,Permanent,46900,6.6,2700,3451000,25,4281000,830000,Independent House,Rural,0,Rejected
HL100047,22,Government Employee,Permanent,54600,0.3,8000,3411000,25,4277000,866000,Apartment,Rural,1,Rejected
HL100048,31,Self Employed,Self Employed,35900,0.8,6200,3217000,10,3408000,191000,Apartment,Semi Urban,3,Rejected
HL100049,47,Salaried,Permanent,77000,6.4,13100,5924000,20,7630000,1706000,Apartment,Semi Urban,1,Rejected
HL100050,32,Salaried,Contract,28200,1.0,3400,2572000,15,2970000,398000,Plot,Rural,2,Rejected
HL100051,31,Salaried,Permanent,94700,0.9,12600,5198000,25,7139000,1941000,Independent House,Rural,2,Approved
HL100052,50,Self Employed,Self Employed,45100,4.7,6200,3062000,25,3829000,767000,Builder Floor,Urban,4,Rejected
HL100053,50,Self Employed,Self Employed,28800,28.5,4200,2018000,15,3239000,1221000,Apartment,Rural,0,Approved
HL100054,43,Self Employed,Self Employed,111000,21.5,17100,6394000,20,7988000,1594000,Independent House,Semi Urban,4,Approved
HL100055,34,Self Employed,Self Employed,52600,3.2,10900,6172000,15,8278000,2106000,Villa,Semi Urban,2,Approved
HL100056,36,Private Employee,Contract,127800,1.9,15900,11893000,20,14921000,3028000,Villa,Urban,3,Approved
HL100057,31,Private Employee,Permanent,93900,3.2,5100,6936000,20,7623000,687000,Independent House,Urban,0,Approved
HL100058,29,Salaried,Permanent,37800,5.7,4100,4504000,20,5655000,1151000,Independent House,Semi Urban,2,Approved
HL100059,29,Salaried,Permanent,52100,6.8,9400,4649000,25,6459000,1810000,Villa,Semi Urban,3,Rejected
HL100060,32,Self Employed,Self Employed,57200,5.6,0,6912000,15,9444000,2532000,Builder Floor,Urban,3,Approved
HL100061,29,Private Employee,Permanent,107700,4.6,0,9445000,25,11756000,2311000,Apartment,Semi Urban,0,Approved
HL100062,24,Private Employee,Permanent,66000,1.6,12800,6932000,20,7732000,800000,Independent House,Urban,1,Approved
HL100063,40,Self Employed,Self Employed,58600,1.9,14200,6331000,15,8691000,2360000,Villa,Urban,0,Rejected
HL100064,40,Private Employee,Permanent,49500,2.6,900,3937000,15,5274000,1337000,Apartment,Semi Urban,0,Approved
HL100065,53,Private Employee,Contract,53000,32.0,6800,4534000,10,6363000,1829000,Apartment,Semi Urban,2,Rejected
HL100066,32,Private Employee,Permanent,97400,5.6,8600,8533000,20,10641000,2108000,Builder Floor,Urban,4,Approved
HL100067,41,Government Employee,Permanent,51600,1.1,5100,5424000,25,5930000,506000,Apartment,Urban,2,Rejected
HL100068,41,Salaried,Permanent,45400,12.1,6600,2979000,10,4041000,1062000,Apartment,Urban,0,Approved
HL100069,36,Private Employee,Permanent,42000,3.1,700,4602000,10,5894000,1292000,Independent House,Semi Urban,1,Approved
HL100070,45,Salaried,Contract,42200,21.6,1300,2432000,20,3637000,1205000,Apartment,Rural,1,Approved
HL100071,45,Government Employee,Permanent,27400,20.1,2600,3361000,15,4322000,961000,Apartment,Semi Urban,0,Approved
HL100072,41,Business Owner,Business,48300,13.7,5200,3534000,15,4510000,976000,Apartment,Semi Urban,3,Approved
HL100073,36,Salaried,Contract,106300,7.6,3200,10291000,20,13784000,3493000,Apartment,Urban,0,Approved
HL100074,35,Salaried,Permanent,49400,14.0,9000,4585000,15,5539000,954000,Independent House,Urban,0,Approved
HL100075,26,Government Employee,Permanent,70700,5.0,6100,6620000,25,7960000,1340000,Plot,Rural,2,Approved
HL100076,31,Government Employee,Permanent,18000,2.1,1600,2328000,15,2955000,627000,Apartment,Urban,0,Rejected
HL100077,32,Self Employed,Self Employed,70000,7.5,10000,7822000,20,9163000,1341000,Independent House,Urban,1,Rejected
HL100078,28,Private Employee,Permanent,50400,2.0,5500,4767000,15,5971000,1204000,Independent House,Urban,2,Approved
HL100079,42,Self Employed,Self Employed,43600,3.9,8200,3733000,15,5974000,2241000,Apartment,Semi Urban,0,Approved
HL100080,49,Self Employed,Self Employed,58800,28.0,2700,4109000,20,5899000,1790000,Independent House,Urban,2,Approved
HL100081,30,Government Employee,Permanent,41200,6.8,300,4436000,25,5873000,1437000,Apartment,Urban,2,Approved
HL100082,41,Business Owner,Business,26000,10.7,2500,2320000,30,3537000,1217000,Apartment,Semi Urban,2,Approved
HL100083,29,Salaried,Permanent,82000,1.8,10200,7517000,5,8886000,1369000,Apartment,Urban,1,Approved
HL100084,35,Salaried,Permanent,60400,14.0,1300,5204000,20,8961000,3757000,Apartment,Urban,1,Approved
HL100085,32,Salaried,Permanent,47000,2.2,400,5228000,20,6400000,1172000,Builder Floor,Semi Urban,2,Approved
HL100086,43,Self Employed,Self Employed,35100,3.6,4700,1490000,10,2404000,914000,Builder Floor,Rural,0,Approved
HL100087,32,Private Employee,Permanent,28000,4.9,1700,1980000,25,3193000,1213000,Builder Floor,Urban,0,Approved
HL100088,47,Salaried,Permanent,59900,18.4,200,6756000,15,7341000,585000,Apartment,Urban,1,Approved
HL100089,36,Private Employee,Permanent,112000,5.1,22100,11935000,25,18011000,6076000,Plot,Urban,0,Approved
HL100090,32,Salaried,Permanent,59400,11.0,4100,6639000,20,8271000,1632000,Independent House,Urban,0,Approved
HL100091,27,Self Employed,Self Employed,29100,3.0,6200,2255000,10,2732000,477000,Apartment,Rural,4,Rejected
HL100092,40,Private Employee,Permanent,60000,5.3,7300,4370000,25,5921000,1551000,Builder Floor,Semi Urban,1,Approved
HL100093,46,Government Employee,Permanent,50200,7.7,7200,3496000,10,4062000,566000,Plot,Urban,2,Rejected
HL100094,40,Government Employee,Permanent,75900,19.0,7800,4033000,25,5451000,1418000,Apartment,Semi Urban,1,Approved
HL100095,58,Private Employee,Permanent,71200,15.3,0,6417000,25,7503000,1086000,Builder Floor,Urban,0,Approved
HL100096,51,Government Employee,Permanent,18000,30.0,500,1276000,20,1666000,390000,Apartment,Urban,2,Approved
HL100097,35,Salaried,Permanent,69200,1.3,7600,3198000,15,4750000,1552000,Independent House,Rural,2,Approved
HL100098,35,Salaried,Permanent,34500,12.8,5100,3692000,15,4929000,1237000,Apartment,Urban,4,Rejected
HL100099,42,Professional,Permanent,32900,5.0,0,3809000,20,4710000,901000,Apartment,Urban,0,Approved
HL100100,30,Professional,Permanent,57200,6.9,6600,2651000,20,3599000,948000,Builder Floor,Rural,0,Approved
HL100101,48,Self Employed,Self Employed,65200,6.4,2000,8262000,20,9257000,995000,Independent House,Urban,2,Approved
HL100102,41,Salaried,Contract,25900,6.5,3600,2097000,15,2476000,379000,Apartment,Urban,1,Rejected
HL100103,40,Professional,Contract,85500,3.4,10100,8324000,25,10221000,1897000,Plot,Urban,0,Rejected
HL100104,44,Self Employed,Self Employed,76400,17.8,13700,10022000,25,13976000,3954000,Builder Floor,Urban,1,Approved
HL100105,54,Self Employed,Self Employed,55300,28.3,11400,5561000,20,7439000,1878000,Builder Floor,Urban,0,Approved
HL100106,40,Private Employee,Permanent,36700,4.6,5800,2273000,15,3084000,811000,Builder Floor,Urban,3,Rejected
HL100107,37,Salaried,Contract,34900,1.9,6600,3180000,20,4065000,885000,Builder Floor,Urban,3,Rejected
HL100108,52,Salaried,Permanent,86000,31.0,7900,10871000,15,12895000,2024000,Villa,Urban,2,Approved
HL100109,47,Professional,Permanent,31600,7.0,10900,1884000,25,2851000,967000,Apartment,Semi Urban,1,Rejected
HL100110,35,Private Employee,Permanent,87500,5.6,2000,9747000,25,11662000,1915000,Builder Floor,Rural,2,Approved
HL100111,38,Salaried,Permanent,50300,3.6,3900,4065000,25,5446000,1381000,Apartment,Semi Urban,2,Approved
HL100112,40,Government Employee,Permanent,49300,13.8,9500,2797000,15,3545000,748000,Apartment,Semi Urban,3,Rejected
HL100113,41,Private Employee,Permanent,25100,14.8,4500,2189000,25,2978000,789000,Independent House,Semi Urban,2,Rejected
HL100114,26,Salaried,Permanent,50700,5.0,8100,6321000,25,7630000,1309000,Apartment,Urban,4,Rejected
HL100115,24,Business Owner,Business,89300,2.8,15500,7934000,10,11403000,3469000,Independent House,Urban,1,Rejected
HL100116,30,Self Employed,Self Employed,29700,8.0,0,3512000,5,5244000,1732000,Builder Floor,Urban,2,Approved
HL100117,29,Self Employed,Self Employed,67800,3.4,16800,8259000,10,11787000,3528000,Independent House,Urban,3,Approved
HL100118,32,Private Employee,Permanent,56400,4.3,5800,3035000,20,3955000,920000,Independent House,Rural,3,Rejected
HL100119,44,Private Employee,Permanent,40600,16.5,8900,2937000,15,3604000,667000,Independent House,Urban,4,Rejected
HL100120,36,Private Employee,Permanent,79600,6.1,0,3679000,10,6638000,2959000,Villa,Rural,1,Approved
HL100121,40,Private Employee,Permanent,20100,18.1,2800,2477000,20,2883000,406000,Apartment,Urban,2,Approved
HL100122,27,Salaried,Permanent,63300,1.2,4700,6412000,25,9037000,2625000,Apartment,Urban,1,Rejected
HL100123,34,Government Employee,Permanent,106700,1.2,17700,8731000,25,11589000,2858000,Villa,Urban,2,Approved
HL100124,43,Salaried,Permanent,103600,14.6,15100,14552000,25,18538000,3986000,Independent House,Urban,0,Approved
HL100125,43,Private Employee,Permanent,64600,6.5,9600,5551000,25,7255000,1704000,Independent House,Urban,1,Approved
HL100126,31,Government Employee,Permanent,44900,1.7,1600,5247000,20,6393000,1146000,Apartment,Semi Urban,3,Rejected
HL100127,39,Salaried,Permanent,40700,18.0,4700,5058000,25,6781000,1723000,Apartment,Urban,3,Approved
HL100128,58,Salaried,Permanent,47300,16.9,5000,2815000,15,3730000,915000,Villa,Semi Urban,2,Approved
HL100129,38,Private Employee,Permanent,69200,2.4,11000,3026000,25,5348000,2322000,Independent House,Rural,0,Approved
HL100130,32,Salaried,Permanent,37700,3.0,7500,2691000,25,3875000,1184000,Independent House,Urban,1,Approved
HL100131,36,Professional,Permanent,87600,5.5,11600,8403000,20,11375000,2972000,Builder Floor,Rural,0,Approved
HL100132,39,Private Employee,Contract,141500,11.8,2500,12134000,15,16533000,4399000,Plot,Urban,0,Approved
HL100133,37,Government Employee,Permanent,50100,4.3,6400,5297000,15,8370000,3073000,Apartment,Urban,3,Approved
HL100134,38,Private Employee,Permanent,29600,6.9,9700,3299000,15,3847000,548000,Villa,Urban,2,Rejected
HL100135,25,Salaried,Permanent,29600,2.2,7400,2614000,10,3290000,676000,Apartment,Semi Urban,0,Approved
HL100136,29,Professional,Permanent,88400,5.0,0,14345000,5,15382000,1037000,Apartment,Urban,2,Rejected
HL100137,37,Private Employee,Permanent,52700,6.8,6600,4250000,15,5780000,1530000,Villa,Semi Urban,0,Approved
HL100138,37,Self Employed,Self Employed,80400,16.0,15600,6669000,5,9365000,2696000,Apartment,Rural,1,Approved
HL100139,33,Salaried,Contract,42600,8.8,4500,4556000,25,5300000,744000,Apartment,Urban,1,Rejected
HL100140,36,Private Employee,Contract,78700,10.6,6500,4145000,20,6231000,2086000,Builder Floor,Semi Urban,0,Approved
HL100141,39,Private Employee,Permanent,50500,12.3,5000,3162000,25,3776000,614000,Plot,Semi Urban,2,Approved
HL100142,46,Professional,Permanent,44800,23.9,7400,3691000,15,4572000,881000,Builder Floor,Urban,2,Approved
HL100143,37,Private Employee,Contract,45200,8.4,1300,5407000,15,7018000,1611000,Builder Floor,Urban,2,Rejected
HL100144,42,Private Employee,Permanent,31600,4.1,6800,2457000,15,3766000,1309000,Apartment,Urban,3,Rejected
HL100145,33,Salaried,Contract,132600,7.2,15300,14348000,25,16907000,2559000,Villa,Urban,3,Rejected
HL100146,43,Government Employee,Permanent,49300,14.5,2200,2953000,10,3903000,950000,Apartment,Semi Urban,3,Approved
HL100147,41,Private Employee,Contract,72400,20.0,15200,7537000,20,10497000,2960000,Villa,Urban,4,Approved
HL100148,46,Private Employee,Permanent,42500,4.5,0,5109000,15,6955000,1846000,Apartment,Urban,3,Approved
HL100149,44,Salaried,Permanent,33700,5.0,2500,3112000,15,4254000,1142000,Apartment,Semi Urban,3,Rejected
HL100150,43,Business Owner,Business,61000,10.3,4500,6958000,5,9676000,2718000,Apartment,Semi Urban,1,Approved
HL100151,37,Business Owner,Business,111200,11.2,32400,5569000,20,6755000,1186000,Plot,Rural,0,Approved
HL100152,40,Salaried,Permanent,42900,2.9,2800,2272000,10,3523000,1251000,Apartment,Urban,2,Approved
HL100153,48,Private Employee,Permanent,36600,4.9,0,3320000,25,4209000,889000,Independent House,Semi Urban,3,Approved
HL100154,32,Salaried,Permanent,58100,9.0,4300,5020000,10,6279000,1259000,Builder Floor,Urban,3,Approved
HL100155,32,Self Employed,Self Employed,67800,1.7,10600,6006000,15,8935000,2929000,Plot,Semi Urban,2,Approved
HL100156,40,Government Employee,Permanent,107800,4.2,19700,14556000,5,17528000,2972000,Independent House,Urban,3,Rejected
HL100157,42,Private Employee,Permanent,63500,17.8,19200,4364000,30,5785000,1421000,Apartment,Urban,2,Approved
HL100158,31,Self Employed,Self Employed,72400,6.9,16800,7866000,20,9389000,1523000,Builder Floor,Rural,2,Rejected
HL100159,37,Self Employed,Self Employed,74900,4.4,10100,3150000,20,5445000,2295000,Independent House,Semi Urban,0,Approved
HL100160,37,Salaried,Permanent,32200,10.2,1600,2529000,20,4249000,1720000,Independent House,Semi Urban,1,Approved
HL100161,22,Professional,Permanent,40400,0.6,10100,3834000,25,4860000,1026000,Builder Floor,Urban,0,Rejected
HL100162,36,Salaried,Permanent,33300,6.2,3000,3198000,10,4331000,1133000,Apartment,Semi Urban,0,Approved
HL100163,37,Salaried,Permanent,29700,5.4,2000,2098000,25,2691000,593000,Independent House,Urban,2,Approved
HL100164,37,Private Employee,Contract,77500,9.9,6700,11112000,25,13755000,2643000,Apartment,Urban,0,Approved
HL100165,51,Government Employee,Permanent,58600,5.1,1200,8015000,5,10403000,2388000,Apartment,Urban,3,Rejected
HL100166,27,Business Owner,Business,70200,3.7,5800,7382000,10,9425000,2043000,Apartment,Urban,1,Approved
HL100167,31,Business Owner,Business,21100,5.2,2100,2535000,20,2811000,276000,Villa,Urban,2,Rejected
HL100168,22,Government Employee,Permanent,129800,0.5,23200,12524000,10,16502000,3978000,Apartment,Semi Urban,0,Approved
HL100169,34,Professional,Permanent,41700,2.8,3700,4591000,15,5860000,1269000,Villa,Urban,3,Rejected
HL100170,34,Government Employee,Permanent,129600,13.0,2400,11636000,15,15412000,3776000,Plot,Semi Urban,1,Approved
HL100171,33,Private Employee,Permanent,28200,3.3,0,2319000,10,2949000,630000,Builder Floor,Rural,2,Approved
HL100172,48,Salaried,Permanent,37600,8.3,5100,5151000,25,6368000,1217000,Apartment,Urban,2,Rejected
HL100173,46,Professional,Permanent,23100,10.0,2900,2050000,20,2887000,837000,Plot,Semi Urban,2,Approved
HL100174,39,Salaried,Permanent,63800,12.4,4800,4740000,20,6429000,1689000,Apartment,Urban,2,Approved
HL100175,35,Salaried,Permanent,33000,7.5,2700,2854000,20,4271000,1417000,Villa,Rural,2,Approved
HL100176,47,Private Employee,Permanent,33400,2.9,5000,2543000,15,3435000,892000,Apartment,Urban,3,Approved
HL100177,38,Professional,Contract,33600,7.7,7800,2609000,20,3279000,670000,Villa,Urban,1,Rejected
HL100178,31,Business Owner,Business,96100,4.8,5500,12898000,25,17653000,4755000,Apartment,Urban,3,Rejected
HL100179,23,Self Employed,Self Employed,74600,2.0,9500,5309000,15,5657000,348000,Villa,Rural,1,Rejected
HL100180,34,Business Owner,Business,153100,4.7,30100,8509000,20,13911000,5402000,Apartment,Urban,1,Approved
HL100181,45,Business Owner,Business,49700,15.6,2900,4543000,25,5993000,1450000,Apartment,Semi Urban,1,Approved
HL100182,58,Private Employee,Contract,59800,37.0,7100,6012000,20,9934000,3922000,Independent House,Urban,1,Rejected
HL100183,39,Government Employee,Permanent,28800,17.4,3400,1846000,15,2173000,327000,Apartment,Semi Urban,1,Approved
HL100184,31,Self Employed,Self Employed,46600,2.0,700,5316000,10,6115000,799000,Villa,Urban,3,Approved
HL100185,27,Self Employed,Self Employed,42900,4.5,5700,2821000,20,3758000,937000,Villa,Urban,2,Rejected
HL100186,43,Government Employee,Permanent,63400,13.6,7800,5946000,25,7917000,1971000,Villa,Urban,4,Approved
HL100187,22,Salaried,Permanent,85600,0.4,14100,7483000,25,9938000,2455000,Plot,Urban,0,Approved
HL100188,43,Self Employed,Self Employed,84600,16.7,2100,5330000,20,6966000,1636000,Plot,Semi Urban,2,Approved
HL100189,45,Salaried,Contract,37100,4.8,4500,4737000,5,5706000,969000,Builder Floor,Semi Urban,0,Rejected
HL100190,42,Professional,Permanent,97600,5.8,22500,12826000,25,14270000,1444000,Apartment,Urban,1,Approved
HL100191,36,Salaried,Permanent,53100,6.1,15200,6746000,20,8908000,2162000,Independent House,Urban,1,Rejected
HL100192,43,Salaried,Permanent,46800,7.4,10400,7199000,30,8156000,957000,Plot,Urban,2,Rejected
HL100193,40,Business Owner,Business,49200,13.4,1300,6732000,25,7563000,831000,Apartment,Semi Urban,2,Approved
HL100194,31,Salaried,Permanent,42100,4.4,6600,4686000,15,5782000,1096000,Apartment,Semi Urban,1,Rejected
HL100195,55,Salaried,Contract,118700,10.6,9700,7344000,20,9850000,2506000,Apartment,Rural,0,Approved
HL100196,35,Private Employee,Permanent,62200,13.4,8900,4747000,20,7645000,2898000,Independent House,Rural,1,Approved
HL100197,45,Business Owner,Business,73300,16.5,4300,6909000,15,9847000,2938000,Apartment,Urban,1,Approved
HL100198,22,Salaried,Permanent,48100,0.1,0,3476000,20,5224000,1748000,Villa,Urban,2,Approved
HL100199,49,Government Employee,Permanent,154700,3.7,14300,10021000,15,13770000,3749000,Independent House,Rural,2,Approved
HL100200,51,Self Employed,Self Employed,97500,9.4,17300,8173000,10,10888000,2715000,Villa,Urban,3,Approved
HL100201,38,Professional,Contract,45000,2.5,6400,3358000,25,5794000,2436000,Apartment,Urban,4,Approved
HL100202,43,Private Employee,Contract,47900,18.9,7300,6847000,15,7730000,883000,Plot,Urban,1,Rejected
HL100203,43,Salaried,Permanent,49200,6.3,6800,4546000,25,5591000,1045000,Villa,Semi Urban,3,Rejected
HL100204,32,Salaried,Permanent,57900,7.2,8800,4396000,20,5449000,1053000,Apartment,Semi Urban,2,Approved
HL100205,43,Salaried,Permanent,39500,16.4,6400,1852000,25,2614000,762000,Apartment,Rural,0,Rejected
HL100206,31,Salaried,Permanent,66000,0.8,6500,9578000,25,11159000,1581000,Apartment,Urban,3,Rejected
HL100207,33,Self Employed,Self Employed,104100,3.6,13200,9258000,25,12877000,3619000,Builder Floor,Urban,2,Approved
HL100208,48,Salaried,Permanent,30000,10.5,7800,2778000,15,3787000,1009000,Apartment,Urban,2,Rejected
HL100209,47,Private Employee,Permanent,32600,14.4,4300,3234000,30,4523000,1289000,Apartment,Semi Urban,2,Approved
HL100210,32,Self Employed,Self Employed,43600,9.1,5400,5261000,15,7344000,2083000,Apartment,Urban,3,Rejected
HL100211,31,Private Employee,Permanent,44500,10.0,5700,2883000,25,4388000,1505000,Apartment,Rural,2,Approved
HL100212,32,Salaried,Contract,133200,11.0,13700,15241000,20,19441000,4200000,Independent House,Urban,3,Rejected
HL100213,45,Business Owner,Business,106300,10.5,9100,7176000,15,9729000,2553000,Plot,Semi Urban,1,Approved
HL100214,29,Self Employed,Self Employed,82900,3.5,11300,10721000,20,12780000,2059000,Independent House,Semi Urban,4,Rejected
HL100215,41,Self Employed,Self Employed,48100,20.0,3800,5742000,20,6699000,957000,Plot,Urban,2,Approved
HL100216,45,Salaried,Permanent,47600,10.9,5200,4098000,15,6415000,2317000,Apartment,Semi Urban,2,Approved
HL100217,37,Salaried,Contract,28200,4.7,1600,2199000,15,2603000,404000,Independent House,Urban,3,Rejected
HL100218,47,Professional,Contract,88600,22.6,11400,8220000,10,11281000,3061000,Plot,Semi Urban,0,Approved
HL100219,35,Government Employee,Permanent,64200,8.0,10700,4887000,30,6626000,1739000,Villa,Semi Urban,1,Approved
HL100220,36,Government Employee,Permanent,91800,1.9,9500,6959000,20,10144000,3185000,Builder Floor,Semi Urban,3,Approved
HL100221,29,Private Employee,Permanent,49300,2.9,0,6798000,10,7449000,651000,Apartment,Urban,3,Rejected
HL100222,47,Self Employed,Self Employed,50800,4.0,8500,4335000,25,6117000,1782000,Independent House,Rural,2,Rejected
HL100223,31,Professional,Permanent,67300,0.3,8700,4553000,20,5803000,1250000,Villa,Rural,2,Approved
HL100224,41,Government Employee,Permanent,76900,20.0,3100,9461000,25,11427000,1966000,Apartment,Semi Urban,1,Approved
HL100225,37,Professional,Permanent,32100,8.0,5800,1959000,20,2448000,489000,Plot,Rural,2,Rejected
HL100226,29,Salaried,Permanent,75400,3.0,600,7293000,10,10463000,3170000,Apartment,Urban,1,Rejected
HL100227,33,Private Employee,Permanent,53700,3.7,10900,3726000,15,5164000,1438000,Apartment,Urban,3,Approved
HL100228,50,Private Employee,Permanent,33600,13.4,3900,2933000,25,3711000,778000,Plot,Urban,2,Approved
HL100229,40,Salaried,Permanent,21200,5.9,0,3198000,25,3671000,473000,Villa,Urban,1,Rejected
HL100230,29,Salaried,Permanent,50900,1.6,6800,3599000,25,4158000,559000,Builder Floor,Urban,2,Rejected
HL100231,41,Government Employee,Permanent,98700,6.5,8600,10827000,5,15042000,4215000,Builder Floor,Semi Urban,4,Rejected
HL100232,37,Professional,Permanent,132400,16.0,10000,13373000,25,15158000,1785000,Apartment,Urban,2,Rejected
HL100233,65,Private Employee,Contract,63600,37.7,3900,7658000,15,9700000,2042000,Villa,Urban,1,Approved
HL100234,41,Professional,Permanent,150600,6.5,16500,6665000,20,11785000,5120000,Builder Floor,Semi Urban,2,Approved
HL100235,35,Business Owner,Business,66400,14.0,5400,6303000,15,8480000,2177000,Apartment,Semi Urban,1,Approved
HL100236,51,Private Employee,Permanent,83200,13.0,0,7739000,25,10739000,3000000,Independent House,Rural,1,Approved
HL100237,22,Self Employed,Self Employed,44200,0.2,9800,5274000,30,6098000,824000,Builder Floor,Urban,2,Rejected
HL100238,39,Salaried,Permanent,43000,10.6,4300,3874000,15,4411000,537000,Apartment,Semi Urban,1,Rejected
HL100239,56,Salaried,Permanent,39900,35.0,2500,4648000,25,6489000,1841000,Builder Floor,Urban,2,Approved
HL100240,37,Business Owner,Business,26800,16.0,800,3318000,20,4134000,816000,Independent House,Urban,1,Approved
HL100241,22,Self Employed,Self Employed,96700,0.3,17600,5347000,15,7793000,2446000,Builder Floor,Semi Urban,1,Approved
HL100242,34,Salaried,Permanent,40600,2.2,700,4662000,15,6066000,1404000,Villa,Urban,2,Rejected
HL100243,51,Private Employee,Permanent,37800,10.4,4900,2431000,25,4907000,2476000,Villa,Semi Urban,2,Approved
HL100244,41,Private Employee,Permanent,31900,13.2,2300,4131000,15,5051000,920000,Plot,Urban,0,Approved
HL100245,30,Business Owner,Business,61800,7.0,4800,5241000,5,6998000,1757000,Apartment,Urban,1,Approved
HL100246,32,Private Employee,Permanent,119800,10.8,3800,12332000,25,14619000,2287000,Villa,Urban,2,Approved
HL100247,33,Government Employee,Permanent,132000,6.2,9300,16369000,20,23742000,7373000,Builder Floor,Urban,3,Approved
HL100248,41,Government Employee,Permanent,24400,10.6,2900,2514000,25,3412000,898000,Builder Floor,Urban,0,Approved
HL100249,50,Private Employee,Permanent,46200,14.7,6400,5222000,20,6151000,929000,Builder Floor,Urban,0,Rejected
HL100250,47,Private Employee,Permanent,34000,23.5,1900,4952000,20,6210000,1258000,Villa,Urban,4,Rejected
HL100251,42,Business Owner,Business,105700,16.6,11900,6346000,25,9583000,3237000,Villa,Semi Urban,0,Approved
HL100252,26,Private Employee,Permanent,61600,1.2,11800,5036000,5,7496000,2460000,Independent House,Urban,4,Approved
HL100253,26,Salaried,Permanent,40700,3.6,0,4985000,15,5632000,647000,Independent House,Semi Urban,3,Rejected
HL100254,43,Salaried,Contract,56000,19.0,6700,6081000,20,7514000,1433000,Independent House,Semi Urban,0,Approved
HL100255,26,Self Employed,Self Employed,43700,4.6,1900,4941000,30,7890000,2949000,Apartment,Urban,0,Approved
HL100256,36,Business Owner,Business,140000,8.6,5000,16297000,15,20751000,4454000,Apartment,Urban,4,Rejected
HL100257,41,Salaried,Permanent,69300,11.0,9800,5153000,30,6804000,1651000,Independent House,Semi Urban,1,Approved
HL100258,28,Salaried,Permanent,73200,3.1,5600,4541000,25,6582000,2041000,Apartment,Rural,2,Approved
HL100259,29,Private Employee,Permanent,18000,3.9,400,1420000,20,1616000,196000,Apartment,Urban,1,Rejected
HL100260,37,Salaried,Permanent,52600,16.0,11900,6824000,15,8055000,1231000,Apartment,Semi Urban,2,Approved
HL100261,43,Business Owner,Business,172900,10.9,33500,12943000,10,16221000,3278000,Plot,Urban,3,Approved
HL100262,48,Government Employee,Permanent,93500,7.2,0,8653000,20,12808000,4155000,Builder Floor,Urban,2,Approved
HL100263,43,Salaried,Permanent,23600,12.8,0,1988000,10,2880000,892000,Villa,Urban,0,Approved
HL100264,39,Professional,Permanent,54100,13.9,9100,3649000,15,5107000,1458000,Builder Floor,Urban,2,Rejected
HL100265,31,Salaried,Permanent,31500,8.9,3100,2734000,15,3491000,757000,Builder Floor,Urban,2,Approved
HL100266,28,Government Employee,Permanent,111200,1.4,26700,11072000,30,16243000,5171000,Apartment,Urban,1,Approved
HL100267,33,Salaried,Permanent,60500,12.0,10200,3973000,15,5066000,1093000,Apartment,Urban,2,Approved
HL100268,42,Salaried,Permanent,38300,15.8,5500,4363000,20,6011000,1648000,Apartment,Semi Urban,2,Approved
HL100269,41,Salaried,Contract,55000,20.0,2100,6713000,15,9603000,2890000,Apartment,Urban,0,Approved
HL100270,22,Salaried,Permanent,18000,0.1,2900,889000,10,1397000,508000,Independent House,Semi Urban,4,Approved
HL100271,31,Salaried,Permanent,33200,9.3,600,3247000,15,4181000,934000,Apartment,Rural,1,Rejected
HL100272,49,Salaried,Permanent,55100,5.5,12400,5054000,25,6309000,1255000,Builder Floor,Urban,1,Rejected
HL100273,39,Private Employee,Contract,79300,6.8,12200,4637000,20,6938000,2301000,Independent House,Urban,0,Approved
HL100274,25,Self Employed,Self Employed,22600,3.1,1200,1679000,15,2535000,856000,Apartment,Urban,1,Approved
HL100275,59,Government Employee,Permanent,43400,6.8,8000,4296000,25,5268000,972000,Builder Floor,Rural,1,Approved
HL100276,38,Government Employee,Permanent,81100,5.2,24300,10425000,5,12117000,1692000,Builder Floor,Urban,1,Approved
HL100277,41,Private Employee,Permanent,28200,2.8,2900,2000000,25,2966000,966000,Plot,Urban,3,Approved
HL100278,42,Business Owner,Business,75100,15.9,12300,7769000,10,8600000,831000,Plot,Rural,2,Rejected
HL100279,35,Business Owner,Business,69800,3.4,6000,9738000,25,10732000,994000,Builder Floor,Urban,0,Approved
HL100280,31,Salaried,Permanent,117200,4.7,14900,14636000,30,18446000,3810000,Independent House,Urban,2,Approved
HL100281,57,Salaried,Permanent,48800,22.3,0,3799000,25,4922000,1123000,Builder Floor,Rural,2,Approved
HL100282,47,Salaried,Permanent,50200,15.0,6000,5303000,5,6132000,829000,Apartment,Rural,2,Rejected
HL100283,45,Salaried,Permanent,79600,13.0,9800,8912000,20,11692000,2780000,Independent House,Urban,4,Rejected
HL100284,43,Private Employee,Permanent,29800,11.9,7900,2114000,25,2786000,672000,Independent House,Urban,1,Rejected
HL100285,29,Government Employee,Permanent,46600,1.2,0,6268000,20,7659000,1391000,Apartment,Urban,0,Rejected
HL100286,49,Salaried,Contract,44100,11.0,4300,3104000,15,5028000,1924000,Apartment,Urban,0,Approved
HL100287,30,Government Employee,Permanent,48300,4.8,10800,5527000,20,7413000,1886000,Apartment,Urban,1,Rejected
HL100288,41,Private Employee,Permanent,79400,9.9,8000,8235000,10,11940000,3705000,Apartment,Urban,2,Approved
HL100289,23,Salaried,Permanent,69500,0.9,7400,6245000,20,6966000,721000,Apartment,Semi Urban,0,Approved
HL100290,22,Business Owner,Business,48400,0.3,2600,3671000,5,4092000,421000,Independent House,Semi Urban,2,Approved
HL100291,41,Salaried,Permanent,57600,11.3,2600,4823000,20,6489000,1666000,Plot,Rural,3,Approved
HL100292,31,Professional,Permanent,121800,6.4,0,11264000,15,17833000,6569000,Independent House,Semi Urban,3,Approved
HL100293,22,Salaried,Permanent,37300,0.3,2600,5370000,10,6239000,869000,Villa,Urban,2,Rejected
HL100294,43,Business Owner,Business,72300,19.6,3000,8076000,5,10508000,2432000,Apartment,Urban,2,Approved
HL100295,57,Professional,Permanent,57100,36.0,7400,5220000,30,5940000,720000,Plot,Urban,2,Approved
HL100296,51,Professional,Permanent,60600,14.4,3500,5747000,20,6862000,1115000,Apartment,Urban,2,Approved
HL100297,36,Business Owner,Business,32500,3.8,2700,3941000,20,5155000,1214000,Apartment,Urban,1,Rejected
HL100298,38,Self Employed,Self Employed,102200,3.0,8600,8959000,25,10933000,1974000,Independent House,Semi Urban,1,Rejected
HL100299,46,Private Employee,Permanent,38200,9.3,4400,5281000,20,5971000,690000,Builder Floor,Urban,0,Approved
HL100300,48,Self Employed,Self Employed,86000,12.3,6700,8576000,15,9677000,1101000,Builder Floor,Urban,2,Approved
HL100301,35,Salaried,Permanent,41000,2.4,1400,3097000,20,3327000,230000,Plot,Urban,1,Approved
HL100302,38,Private Employee,Permanent,40900,6.2,5200,3206000,15,4322000,1116000,Plot,Rural,0,Rejected
HL100303,41,Private Employee,Permanent,93500,17.2,19200,8495000,20,11602000,3107000,Independent House,Semi Urban,1,Approved
HL100304,43,Business Owner,Business,105900,1.4,13800,11284000,15,15403000,4119000,Villa,Urban,3,Approved
HL100305,37,Private Employee,Permanent,59500,8.0,4200,5492000,30,6441000,949000,Apartment,Urban,1,Rejected
HL100306,37,Government Employee,Permanent,72500,4.9,8000,6164000,20,8812000,2648000,Apartment,Rural,1,Approved
HL100307,50,Private Employee,Permanent,47600,13.5,0,4509000,15,6233000,1724000,Builder Floor,Urban,0,Approved
HL100308,49,Salaried,Permanent,54000,28.0,5900,5834000,20,7485000,1651000,Builder Floor,Semi Urban,0,Approved
HL100309,42,Salaried,Contract,40200,9.4,3500,3983000,10,5025000,1042000,Apartment,Semi Urban,2,Approved
HL100310,53,Private Employee,Contract,81400,12.9,3700,7276000,15,8746000,1470000,Apartment,Semi Urban,0,Approved
HL100311,35,Government Employee,Permanent,37700,10.1,2300,4348000,25,5687000,1339000,Apartment,Urban,1,Rejected
HL100312,53,Salaried,Permanent,105700,18.3,9200,7116000,25,10938000,3822000,Independent House,Rural,4,Approved
HL100313,43,Government Employee,Permanent,44600,11.0,8900,4098000,25,5948000,1850000,Apartment,Urban,1,Approved
HL100314,65,Government Employee,Permanent,51900,25.8,10800,6133000,20,7662000,1529000,Villa,Urban,2,Approved
HL100315,27,Government Employee,Permanent,72400,6.0,3300,4769000,15,6472000,1703000,Apartment,Urban,2,Rejected
HL100316,32,Government Employee,Permanent,52000,9.1,4100,7887000,5,9085000,1198000,Apartment,Urban,0,Approved
HL100317,42,Self Employed,Self Employed,47400,8.0,3800,3940000,20,5460000,1520000,Apartment,Urban,1,Rejected
HL100318,42,Government Employee,Permanent,50800,21.0,9400,3879000,20,4583000,704000,Plot,Semi Urban,1,Rejected
HL100319,56,Professional,Contract,93200,11.2,12300,8007000,5,11048000,3041000,Apartment,Rural,1,Approved
HL100320,32,Professional,Permanent,46200,5.5,5900,2617000,10,4825000,2208000,Independent House,Urban,1,Approved
HL100321,46,Private Employee,Permanent,51200,13.5,8300,6748000,5,8173000,1425000,Villa,Semi Urban,2,Rejected
HL100322,48,Government Employee,Permanent,51700,10.0,3700,2588000,15,4739000,2151000,Plot,Rural,0,Approved
HL100323,44,Private Employee,Permanent,79900,23.0,18300,6582000,5,8885000,2303000,Apartment,Urban,0,Approved
HL100324,29,Business Owner,Business,64700,2.9,7800,4107000,15,4890000,783000,Plot,Semi Urban,2,Approved
HL100325,51,Private Employee,Contract,122200,12.7,6300,6464000,20,7662000,1198000,Apartment,Rural,1,Approved
HL100326,49,Business Owner,Business,63100,25.3,6400,2929000,15,4957000,2028000,Villa,Semi Urban,2,Approved
HL100327,43,Private Employee,Permanent,48700,7.2,10600,2922000,10,3946000,1024000,Independent House,Urban,0,Approved
HL100328,40,Private Employee,Permanent,50200,3.1,4300,3502000,20,4243000,741000,Builder Floor,Rural,2,Rejected
HL100329,40,Government Employee,Permanent,28500,9.7,5600,2222000,25,2791000,569000,Builder Floor,Semi Urban,3,Rejected
HL100330,37,Self Employed,Self Employed,34000,3.3,2400,3169000,15,4250000,1081000,Plot,Urban,2,Approved
HL100331,44,Salaried,Permanent,42700,4.4,2500,3487000,15,4467000,980000,Builder Floor,Urban,3,Approved
HL100332,38,Self Employed,Self Employed,90300,1.1,15600,5910000,20,7856000,1946000,Apartment,Urban,1,Approved
HL100333,30,Business Owner,Business,66700,0.7,3300,3740000,15,5861000,2121000,Villa,Urban,0,Approved
HL100334,29,Salaried,Permanent,43600,0.7,8100,3770000,15,4332000,562000,Apartment,Urban,1,Rejected
HL100335,31,Private Employee,Permanent,94100,10.0,13900,7764000,20,10658000,2894000,Apartment,Urban,1,Approved
HL100336,40,Salaried,Contract,108900,1.6,5500,7130000,15,9073000,1943000,Independent House,Semi Urban,3,Rejected
HL100337,38,Self Employed,Self Employed,95300,3.5,10900,8038000,25,9803000,1765000,Plot,Semi Urban,1,Rejected
HL100338,40,Salaried,Permanent,36900,8.2,2800,4508000,25,6493000,1985000,Plot,Urban,1,Approved
HL100339,43,Professional,Permanent,49900,15.5,7400,4815000,15,5368000,553000,Builder Floor,Urban,3,Rejected
HL100340,32,Salaried,Permanent,122500,8.3,33200,11396000,15,11996000,600000,Independent House,Urban,1,Rejected
HL100341,51,Professional,Permanent,69400,7.6,6300,7896000,30,10362000,2466000,Builder Floor,Urban,2,Approved
HL100342,36,Business Owner,Business,60000,7.4,9800,5420000,20,6851000,1431000,Builder Floor,Semi Urban,1,Rejected
HL100343,34,Private Employee,Permanent,74900,5.5,9100,5681000,30,6396000,715000,Plot,Urban,4,Approved
HL100344,42,Self Employed,Self Employed,85200,10.0,10400,9355000,25,10204000,849000,Apartment,Rural,0,Approved
HL100345,22,Self Employed,Self Employed,41900,0.5,4500,4050000,15,6475000,2425000,Independent House,Urban,2,Rejected
HL100346,31,Professional,Contract,68800,6.2,3500,9285000,15,12498000,3213000,Plot,Urban,2,Approved
HL100347,47,Salaried,Contract,82200,7.8,12100,8400000,10,10791000,2391000,Builder Floor,Rural,4,Rejected
HL100348,22,Private Employee,Permanent,32100,1.0,3100,2735000,25,4525000,1790000,Apartment,Urban,4,Rejected
HL100349,48,Salaried,Permanent,54500,9.7,2600,5765000,15,8257000,2492000,Apartment,Urban,3,Approved
HL100350,52,Private Employee,Permanent,32800,31.0,6600,2574000,20,4031000,1457000,Apartment,Urban,0,Approved
HL100351,35,Salaried,Contract,34800,4.4,4500,4563000,20,5219000,656000,Apartment,Semi Urban,1,Rejected
HL100352,41,Private Employee,Permanent,42000,10.0,4300,5075000,25,5784000,709000,Plot,Urban,3,Rejected
HL100353,48,Private Employee,Permanent,67200,11.4,15300,4876000,25,6673000,1797000,Apartment,Semi Urban,2,Approved
HL100354,34,Private Employee,Permanent,46900,6.3,0,2482000,10,3323000,841000,Apartment,Semi Urban,3,Approved
HL100355,46,Private Employee,Permanent,40500,23.0,9000,2874000,15,4227000,1353000,Villa,Rural,3,Approved
HL100356,32,Self Employed,Self Employed,55400,4.5,2700,5916000,20,6498000,582000,Independent House,Semi Urban,1,Rejected
HL100357,34,Self Employed,Self Employed,32300,2.4,4400,3344000,25,4621000,1277000,Apartment,Semi Urban,0,Rejected
HL100358,31,Private Employee,Contract,65700,3.0,4800,3998000,25,5705000,1707000,Independent House,Semi Urban,1,Approved
HL100359,41,Private Employee,Permanent,90100,8.1,4200,10476000,20,14857000,4381000,Independent House,Urban,2,Approved
HL100360,48,Professional,Contract,60100,14.3,13500,3486000,25,4290000,804000,Builder Floor,Semi Urban,2,Approved
HL100361,36,Salaried,Permanent,49500,3.8,13300,4491000,15,6081000,1590000,Plot,Semi Urban,0,Approved
HL100362,27,Salaried,Permanent,64100,1.7,6600,6562000,10,7793000,1231000,Builder Floor,Urban,2,Rejected
HL100363,28,Salaried,Contract,21700,3.8,3200,1740000,25,2166000,426000,Apartment,Semi Urban,0,Rejected
HL100364,42,Private Employee,Permanent,69000,11.7,8600,7468000,20,8649000,1181000,Plot,Urban,1,Approved
HL100365,55,Government Employee,Permanent,207800,28.4,53700,18106000,25,21537000,3431000,Independent House,Urban,1,Approved
HL100366,42,Self Employed,Self Employed,51300,6.2,0,4080000,15,5104000,1024000,Villa,Urban,2,Approved
HL100367,35,Self Employed,Self Employed,51300,9.2,7700,6885000,20,8404000,1519000,Independent House,Urban,0,Rejected
HL100368,45,Government Employee,Permanent,71900,10.2,4400,6291000,15,7483000,1192000,Apartment,Urban,2,Approved
HL100369,36,Business Owner,Business,142000,4.9,0,19679000,15,22262000,2583000,Apartment,Urban,3,Approved
HL100370,35,Self Employed,Self Employed,84000,6.1,7700,8067000,10,12947000,4880000,Plot,Urban,2,Approved
HL100371,29,Salaried,Permanent,20500,3.8,5500,1411000,25,1721000,310000,Plot,Urban,4,Rejected
HL100372,51,Government Employee,Permanent,66300,5.0,4500,7459000,15,9898000,2439000,Apartment,Semi Urban,1,Approved
HL100373,22,Government Employee,Permanent,163700,0.2,30000,23018000,15,25000000,1982000,Villa,Urban,0,Rejected
HL100374,45,Salaried,Permanent,71700,17.3,15500,5796000,15,8633000,2837000,Plot,Rural,0,Approved
HL100375,34,Salaried,Permanent,32200,4.6,3800,3526000,15,4599000,1073000,Independent House,Semi Urban,2,Rejected
HL100376,34,Professional,Contract,70700,6.9,9200,8118000,20,9954000,1836000,Apartment,Urban,0,Approved
HL100377,53,Private Employee,Permanent,30400,22.6,0,4541000,20,5573000,1032000,Builder Floor,Urban,4,Approved
HL100378,32,Government Employee,Permanent,89600,4.8,5600,6305000,20,8874000,2569000,Villa,Urban,2,Approved
HL100379,32,Self Employed,Self Employed,35200,7.3,6800,2942000,15,3097000,155000,Plot,Urban,3,Rejected
HL100380,37,Private Employee,Contract,56000,7.7,7000,7266000,20,8589000,1323000,Villa,Urban,1,Approved
HL100381,42,Professional,Permanent,42400,10.4,6300,3229000,10,4090000,861000,Plot,Semi Urban,2,Approved
HL100382,34,Self Employed,Self Employed,42400,12.6,5500,4181000,20,5289000,1108000,Apartment,Semi Urban,1,Approved
HL100383,24,Private Employee,Permanent,105700,1.2,31200,7415000,25,12794000,5379000,Builder Floor,Urban,2,Approved
HL100384,30,Government Employee,Permanent,53900,6.5,4600,4351000,20,5391000,1040000,Apartment,Semi Urban,2,Approved
HL100385,50,Professional,Permanent,48400,4.1,12000,5866000,30,8371000,2505000,Plot,Urban,1,Rejected
HL100386,39,Self Employed,Self Employed,32400,9.4,4200,1703000,10,2682000,979000,Builder Floor,Semi Urban,3,Rejected
HL100387,42,Professional,Permanent,26800,21.0,6800,1440000,25,1982000,542000,Villa,Rural,2,Rejected
HL100388,36,Salaried,Permanent,30900,15.0,700,3855000,25,4623000,768000,Independent House,Urban,2,Rejected
HL100389,32,Business Owner,Business,71200,1.6,9600,8827000,20,9999000,1172000,Apartment,Semi Urban,1,Rejected
HL100390,53,Private Employee,Permanent,84200,11.2,7500,8789000,20,12201000,3412000,Independent House,Semi Urban,0,Approved
HL100391,36,Salaried,Permanent,42100,3.2,5500,2850000,5,4396000,1546000,Independent House,Urban,0,Approved
HL100392,34,Private Employee,Permanent,109800,5.4,23900,13890000,25,18864000,4974000,Apartment,Urban,2,Rejected
HL100393,48,Self Employed,Self Employed,39200,21.7,5900,3334000,20,4894000,1560000,Apartment,Semi Urban,0,Approved
HL100394,31,Salaried,Permanent,48700,9.9,10600,4621000,20,8070000,3449000,Builder Floor,Urban,4,Approved
HL100395,33,Private Employee,Contract,33300,12.0,2200,2080000,10,2917000,837000,Apartment,Urban,4,Approved
HL100396,38,Business Owner,Business,105800,2.3,5700,9378000,10,10804000,1426000,Apartment,Semi Urban,0,Approved
HL100397,38,Government Employee,Permanent,132300,8.0,16000,13840000,30,17837000,3997000,Apartment,Urban,2,Approved
HL100398,40,Private Employee,Permanent,24500,5.5,2900,2303000,15,3435000,1132000,Villa,Urban,1,Approved
HL100399,57,Private Employee,Permanent,46400,14.3,4900,2489000,15,3112000,623000,Independent House,Rural,1,Approved
HL100400,41,Government Employee,Permanent,90900,6.4,3900,8168000,10,12385000,4217000,Plot,Urban,1,Approved
HL100401,22,Professional,Permanent,32500,0.1,7000,3813000,20,4855000,1042000,Independent House,Urban,3,Approved
HL100402,41,Self Employed,Self Employed,69900,19.9,6400,5399000,25,7168000,1769000,Apartment,Semi Urban,3,Rejected
HL100403,38,Salaried,Contract,93900,4.4,22000,10040000,30,12425000,2385000,Independent House,Urban,0,Approved
HL100404,38,Professional,Contract,64500,5.0,7800,4767000,20,6213000,1446000,Apartment,Semi Urban,1,Approved
HL100405,40,Business Owner,Business,86700,19.0,14900,9814000,15,12862000,3048000,Plot,Semi Urban,1,Rejected
HL100406,38,Government Employee,Permanent,113700,2.0,18700,14724000,10,16204000,1480000,Apartment,Urban,2,Rejected
HL100407,38,Business Owner,Business,162700,10.4,8800,18247000,15,22380000,4133000,Apartment,Urban,0,Approved
HL100408,44,Salaried,Permanent,52700,20.1,7900,6101000,20,6943000,842000,Independent House,Rural,3,Approved
HL100409,33,Professional,Contract,49000,12.0,13400,4394000,30,5408000,1014000,Apartment,Rural,4,Rejected
HL100410,29,Self Employed,Self Employed,35800,4.7,5000,3306000,10,3919000,613000,Independent House,Urban,1,Rejected
HL100411,65,Private Employee,Contract,84100,32.3,16200,8638000,15,12356000,3718000,Independent House,Urban,3,Approved
HL100412,32,Salaried,Permanent,29200,9.6,5100,3670000,20,5257000,1587000,Builder Floor,Urban,2,Rejected
HL100413,39,Business Owner,Business,60400,7.5,8700,2722000,20,3703000,981000,Apartment,Rural,2,Approved
HL100414,25,Salaried,Permanent,56700,0.9,7600,6316000,20,7166000,850000,Independent House,Semi Urban,3,Rejected
HL100415,39,Salaried,Permanent,43200,18.0,7100,3292000,20,4179000,887000,Plot,Urban,1,Approved
HL100416,30,Salaried,Permanent,61400,6.1,11100,6648000,15,7488000,840000,Apartment,Rural,2,Rejected
HL100417,34,Self Employed,Self Employed,171800,6.1,2000,19795000,20,25000000,5205000,Villa,Urban,1,Approved
HL100418,47,Salaried,Permanent,51300,3.9,7200,6630000,15,9105000,2475000,Builder Floor,Urban,2,Approved
HL100419,42,Professional,Contract,51200,1.1,5400,4673000,25,6669000,1996000,Plot,Semi Urban,0,Approved
HL100420,43,Private Employee,Permanent,85600,13.3,7600,5227000,10,7043000,1816000,Builder Floor,Urban,1,Approved
HL100421,22,Salaried,Permanent,60300,0.0,13500,4749000,20,6991000,2242000,Plot,Semi Urban,1,Approved
HL100422,55,Salaried,Permanent,103500,15.8,6300,13675000,30,18012000,4337000,Apartment,Urban,1,Approved
HL100423,27,Salaried,Permanent,58300,1.6,500,4233000,20,5300000,1067000,Builder Floor,Semi Urban,1,Approved
HL100424,52,Private Employee,Contract,48400,10.0,8900,2263000,15,3187000,924000,Apartment,Rural,0,Rejected
HL100425,47,Business Owner,Business,30300,26.0,200,3323000,30,4697000,1374000,Independent House,Urban,3,Approved
HL100426,43,Salaried,Permanent,26100,5.9,0,2843000,15,3459000,616000,Plot,Urban,2,Rejected
HL100427,30,Business Owner,Business,29600,4.3,5700,1649000,25,2199000,550000,Builder Floor,Semi Urban,1,Rejected
HL100428,39,Salaried,Permanent,64300,4.9,8500,5656000,10,7039000,1383000,Builder Floor,Urban,3,Rejected
HL100429,34,Business Owner,Business,36700,7.4,5800,3432000,25,3648000,216000,Apartment,Semi Urban,3,Approved
HL100430,38,Professional,Contract,109600,8.7,9300,10621000,10,14260000,3639000,Plot,Semi Urban,0,Approved
HL100431,36,Self Employed,Self Employed,54900,7.0,500,6272000,15,7099000,827000,Apartment,Urban,2,Rejected
HL100432,22,Self Employed,Self Employed,48500,0.9,1200,3537000,30,4693000,1156000,Plot,Rural,1,Approved
HL100433,48,Business Owner,Business,46300,3.2,4500,6854000,20,7592000,738000,Villa,Urban,2,Rejected
HL100434,37,Salaried,Permanent,71700,1.4,1300,6565000,15,7838000,1273000,Apartment,Urban,2,Approved
HL100435,34,Salaried,Contract,37700,2.3,5500,4610000,5,5659000,1049000,Plot,Urban,0,Rejected
HL100436,33,Salaried,Permanent,34800,6.2,2900,2453000,5,3587000,1134000,Independent House,Semi Urban,2,Approved
HL100437,41,Private Employee,Permanent,92500,12.7,12500,6963000,15,8464000,1501000,Independent House,Rural,1,Approved
HL100438,30,Self Employed,Self Employed,63500,0.2,8400,7590000,20,8765000,1175000,Builder Floor,Urban,2,Approved
HL100439,22,Private Employee,Permanent,48700,0.6,7400,5577000,20,7427000,1850000,Villa,Urban,0,Approved
HL100440,42,Business Owner,Business,90400,7.5,14500,12854000,30,16121000,3267000,Independent House,Urban,3,Rejected
HL100441,43,Salaried,Permanent,54400,22.0,5000,3673000,25,5125000,1452000,Apartment,Semi Urban,2,Approved
HL100442,36,Self Employed,Self Employed,64400,9.0,8700,5059000,30,5876000,817000,Apartment,Urban,1,Approved
HL100443,28,Salaried,Permanent,37500,7.0,5200,3574000,20,4683000,1109000,Apartment,Urban,2,Approved
HL100444,39,Salaried,Permanent,137500,17.7,0,10978000,15,18849000,7871000,Apartment,Urban,0,Approved
HL100445,25,Self Employed,Self Employed,41700,1.4,7200,3469000,20,4341000,872000,Apartment,Urban,2,Approved
HL100446,29,Professional,Permanent,125500,6.4,16600,14416000,15,18843000,4427000,Independent House,Semi Urban,2,Rejected
HL100447,31,Private Employee,Permanent,49800,3.6,8200,7418000,15,8126000,708000,Villa,Urban,0,Rejected
HL100448,46,Salaried,Permanent,77900,25.0,1300,8695000,25,10251000,1556000,Apartment,Urban,1,Approved
HL100449,35,Private Employee,Permanent,75400,5.4,7100,7122000,20,9582000,2460000,Independent House,Urban,0,Rejected
HL100450,34,Salaried,Permanent,90800,8.5,3000,6203000,15,7692000,1489000,Builder Floor,Urban,2,Approved
HL100451,56,Business Owner,Business,46400,35.0,8300,4615000,15,6314000,1699000,Apartment,Urban,2,Approved
HL100452,41,Self Employed,Self Employed,87900,13.5,700,9322000,15,12496000,3174000,Villa,Urban,0,Approved
HL100453,41,Salaried,Permanent,124400,6.6,5700,19032000,20,21494000,2462000,Apartment,Urban,0,Approved
HL100454,35,Salaried,Permanent,48200,2.2,7800,4458000,15,6380000,1922000,Independent House,Urban,3,Rejected
HL100455,33,Salaried,Permanent,55000,1.4,3800,4681000,25,5323000,642000,Plot,Urban,1,Approved
HL100456,22,Professional,Permanent,49200,0.6,2200,3568000,20,4241000,673000,Apartment,Semi Urban,1,Rejected
HL100457,47,Private Employee,Permanent,46400,11.3,8900,3430000,15,4503000,1073000,Apartment,Urban,2,Approved
HL100458,42,Self Employed,Self Employed,117000,3.7,22900,13606000,25,20784000,7178000,Builder Floor,Urban,0,Approved
HL100459,36,Private Employee,Permanent,34500,11.2,6100,4197000,30,4878000,681000,Apartment,Semi Urban,4,Rejected
HL100460,37,Private Employee,Contract,35500,11.9,6700,4523000,25,5888000,1365000,Plot,Urban,0,Rejected
HL100461,45,Salaried,Permanent,111800,10.3,11300,14372000,20,18725000,4353000,Independent House,Urban,3,Approved
HL100462,24,Professional,Permanent,82500,3.0,8500,4717000,15,6485000,1768000,Apartment,Semi Urban,1,Approved
HL100463,33,Government Employee,Permanent,133600,1.2,9100,14024000,20,20464000,6440000,Plot,Urban,0,Approved
HL100464,28,Private Employee,Permanent,44200,2.4,5900,4071000,25,5011000,940000,Independent House,Rural,1,Approved
HL100465,54,Self Employed,Self Employed,57300,22.1,4500,4157000,30,5946000,1789000,Apartment,Urban,4,Approved
HL100466,46,Private Employee,Contract,40200,4.9,3400,2628000,20,3901000,1273000,Builder Floor,Rural,2,Approved
HL100467,22,Professional,Permanent,66500,0.8,11200,5493000,20,8620000,3127000,Independent House,Semi Urban,0,Approved
HL100468,24,Salaried,Permanent,24400,2.9,5200,3130000,15,4230000,1100000,Plot,Urban,4,Rejected
HL100469,37,Private Employee,Permanent,73700,0.5,11200,5199000,10,6775000,1576000,Apartment,Urban,0,Approved
HL100470,34,Government Employee,Permanent,59500,13.0,15700,7315000,15,8943000,1628000,Apartment,Semi Urban,0,Approved
HL100471,26,Private Employee,Contract,52800,3.2,3400,8331000,5,9291000,960000,Plot,Urban,0,Rejected
HL100472,56,Salaried,Permanent,45400,10.8,0,6414000,20,7995000,1581000,Villa,Urban,3,Approved
HL100473,41,Salaried,Permanent,36200,2.6,6400,1671000,15,2167000,496000,Apartment,Rural,0,Approved
HL100474,42,Salaried,Permanent,75200,18.2,4400,5332000,20,6760000,1428000,Plot,Semi Urban,0,Approved
HL100475,32,Government Employee,Permanent,30400,1.9,3000,2501000,20,3416000,915000,Independent House,Rural,4,Approved
HL100476,45,Private Employee,Permanent,68200,15.4,0,6049000,10,6749000,700000,Apartment,Semi Urban,2,Approved
HL100477,35,Private Employee,Permanent,137800,2.4,6600,8267000,20,10404000,2137000,Plot,Semi Urban,1,Approved
HL100478,35,Private Employee,Permanent,105700,6.4,0,9093000,10,14657000,5564000,Independent House,Semi Urban,2,Approved
HL100479,43,Government Employee,Permanent,26100,18.6,2200,1326000,5,1894000,568000,Independent House,Semi Urban,1,Approved
HL100480,23,Government Employee,Permanent,40400,0.6,3600,2764000,30,3782000,1018000,Plot,Rural,2,Rejected
HL100481,52,Salaried,Permanent,65500,31.0,8300,7615000,5,10171000,2556000,Independent House,Semi Urban,1,Rejected
HL100482,40,Private Employee,Permanent,52500,12.9,11500,5356000,15,6618000,1262000,Builder Floor,Urban,2,Rejected
HL100483,50,Government Employee,Permanent,27400,5.7,4800,3835000,20,4167000,332000,Plot,Semi Urban,2,Rejected
HL100484,28,Salaried,Contract,64400,1.0,0,5881000,15,7910000,2029000,Apartment,Urban,1,Approved
HL100485,30,Government Employee,Permanent,51200,2.2,8600,4184000,15,4404000,220000,Independent House,Rural,0,Rejected
HL100486,28,Private Employee,Permanent,128200,3.1,16500,8232000,25,10213000,1981000,Builder Floor,Semi Urban,1,Rejected
HL100487,40,Salaried,Contract,48300,19.0,5400,3853000,20,4938000,1085000,Builder Floor,Semi Urban,2,Approved
HL100488,39,Private Employee,Permanent,91600,18.0,10800,8622000,20,10569000,1947000,Apartment,Urban,3,Approved
HL100489,34,Private Employee,Permanent,30600,3.9,4200,3119000,25,5144000,2025000,Apartment,Urban,3,Approved
HL100490,29,Self Employed,Self Employed,34100,2.4,2200,3799000,10,5992000,2193000,Apartment,Urban,4,Rejected
HL100491,27,Private Employee,Permanent,75000,4.6,7900,3764000,20,5398000,1634000,Builder Floor,Semi Urban,3,Approved
HL100492,38,Private Employee,Permanent,88200,12.8,18900,5939000,15,6954000,1015000,Builder Floor,Semi Urban,4,Rejected
HL100493,34,Government Employee,Permanent,33500,13.0,2100,3086000,5,4927000,1841000,Plot,Urban,2,Approved
HL100494,32,Self Employed,Self Employed,54800,11.0,2100,5231000,30,7161000,1930000,Apartment,Urban,1,Approved
HL100495,52,Private Employee,Permanent,29100,7.1,3300,2769000,25,3237000,468000,Builder Floor,Urban,2,Rejected
HL100496,37,Private Employee,Permanent,49900,1.8,1500,4166000,15,5359000,1193000,Apartment,Urban,0,Approved
HL100497,49,Private Employee,Permanent,79000,19.3,0,4261000,15,6058000,1797000,Independent House,Rural,0,Approved
HL100498,33,Government Employee,Permanent,42300,6.4,3900,3491000,15,4217000,726000,Apartment,Rural,1,Rejected
HL100499,40,Private Employee,Permanent,48400,1.2,11400,2663000,20,3464000,801000,Independent House,Semi Urban,1,Rejected
HL100500,38,Self Employed,Self Employed,32600,1.9,3800,3862000,15,5117000,1255000,Independent House,Urban,2,Rejected
HL100501,23,Business Owner,Business,50600,1.3,6800,4901000,30,5646000,745000,Apartment,Urban,1,Rejected
HL100502,51,Professional,Contract,137400,12.4,0,10150000,15,12662000,2512000,Apartment,Rural,0,Rejected
HL100503,37,Private Employee,Contract,56000,10.8,8700,4819000,15,5590000,771000,Plot,Rural,3,Rejected
HL100504,45,Private Employee,Permanent,34500,4.4,4400,2510000,30,3532000,1022000,Apartment,Urban,2,Approved
HL100505,31,Self Employed,Self Employed,47000,7.1,3100,5992000,25,7028000,1036000,Independent House,Semi Urban,1,Rejected
HL100506,37,Government Employee,Permanent,25100,9.3,3400,2870000,15,3793000,923000,Apartment,Urban,1,Rejected
HL100507,30,Business Owner,Business,42900,6.7,5700,6522000,20,7318000,796000,Apartment,Urban,0,Rejected
HL100508,49,Private Employee,Permanent,99900,9.0,3500,8339000,25,9578000,1239000,Apartment,Rural,3,Approved
HL100509,41,Salaried,Permanent,50800,5.4,7400,4113000,20,4703000,590000,Villa,Rural,1,Rejected
HL100510,41,Salaried,Permanent,126900,2.6,27400,7914000,20,9853000,1939000,Independent House,Rural,4,Rejected
HL100511,50,Business Owner,Business,64900,10.5,6600,6801000,20,8884000,2083000,Apartment,Urban,1,Rejected
HL100512,48,Salaried,Permanent,53300,25.0,2700,5678000,30,7563000,1885000,Plot,Urban,3,Rejected
HL100513,45,Government Employee,Permanent,68700,24.0,7300,5803000,20,6295000,492000,Apartment,Rural,0,Rejected
HL100514,25,Government Employee,Permanent,18000,0.7,3400,1187000,10,1496000,309000,Plot,Semi Urban,2,Rejected
HL100515,32,Salaried,Contract,59400,4.9,1300,5428000,20,6461000,1033000,Apartment,Urban,1,Approved
HL100516,29,Government Employee,Permanent,50300,8.0,8400,3040000,25,4123000,1083000,Builder Floor,Urban,1,Approved
HL100517,45,Self Employed,Self Employed,105700,24.0,7000,9617000,20,12000000,2383000,Apartment,Urban,4,Approved
HL100518,40,Salaried,Permanent,83600,6.7,11700,8039000,15,10222000,2183000,Independent House,Semi Urban,2,Approved
HL100519,25,Business Owner,Business,40700,3.9,3000,4531000,20,5397000,866000,Villa,Rural,1,Rejected
HL100520,36,Business Owner,Business,118400,13.1,8800,7519000,20,11711000,4192000,Independent House,Urban,2,Approved
HL100521,25,Government Employee,Permanent,45700,3.3,11100,3479000,30,3941000,462000,Plot,Urban,0,Rejected
HL100522,38,Salaried,Permanent,36100,1.6,300,3258000,15,4013000,755000,Apartment,Urban,3,Rejected
HL100523,23,Private Employee,Permanent,59200,0.6,9400,3841000,25,4979000,1138000,Independent House,Semi Urban,1,Approved
HL100524,43,Salaried,Contract,49500,9.0,12800,6039000,20,7548000,1509000,Builder Floor,Urban,0,Rejected
HL100525,41,Government Employee,Permanent,102800,8.0,18000,7012000,10,8337000,1325000,Builder Floor,Urban,1,Approved
HL100526,55,Professional,Contract,72600,14.9,1000,10628000,20,11491000,863000,Independent House,Semi Urban,0,Approved
HL100527,46,Professional,Contract,68300,25.0,1200,9645000,5,11547000,1902000,Independent House,Urban,4,Approved
HL100528,34,Self Employed,Self Employed,81300,4.7,4900,7952000,25,9281000,1329000,Plot,Semi Urban,1,Approved
HL100529,45,Government Employee,Permanent,84200,14.4,11200,8312000,25,12873000,4561000,Plot,Semi Urban,0,Rejected
HL100530,25,Self Employed,Self Employed,77100,2.3,10600,6718000,10,11218000,4500000,Builder Floor,Urban,3,Approved
HL100531,29,Self Employed,Self Employed,102600,3.5,1900,12826000,20,16358000,3532000,Plot,Semi Urban,1,Approved
HL100532,41,Government Employee,Permanent,67700,3.6,3400,5742000,30,6435000,693000,Independent House,Semi Urban,0,Approved
HL100533,22,Private Employee,Permanent,58400,0.5,3200,6725000,15,9328000,2603000,Villa,Semi Urban,2,Approved
HL100534,38,Salaried,Contract,94600,1.0,10000,7003000,30,8157000,1154000,Independent House,Semi Urban,0,Rejected
HL100535,29,Salaried,Permanent,52000,5.1,14500,5016000,10,6088000,1072000,Apartment,Urban,3,Rejected
HL100536,39,Private Employee,Permanent,55000,0.9,2500,8097000,5,9752000,1655000,Plot,Urban,2,Rejected
HL100537,28,Salaried,Permanent,117600,4.2,4900,11462000,20,13977000,2515000,Independent House,Urban,1,Approved
HL100538,42,Salaried,Permanent,112400,5.8,3300,9287000,15,11489000,2202000,Apartment,Urban,1,Approved
HL100539,38,Business Owner,Business,67500,3.4,11500,5177000,25,5849000,672000,Villa,Urban,1,Rejected
HL100540,51,Professional,Permanent,50800,23.0,5900,4075000,20,4873000,798000,Apartment,Urban,2,Approved
HL100541,38,Private Employee,Permanent,104700,5.6,5100,7456000,20,10676000,3220000,Apartment,Semi Urban,2,Approved
HL100542,31,Business Owner,Business,97100,4.7,8800,9431000,20,12050000,2619000,Independent House,Urban,2,Approved
HL100543,36,Professional,Permanent,71800,1.5,4100,5584000,20,7252000,1668000,Plot,Rural,1,Approved
HL100544,26,Salaried,Permanent,46900,5.0,6700,6381000,25,6717000,336000,Independent House,Semi Urban,3,Rejected
HL100545,42,Private Employee,Permanent,62900,10.6,21100,3627000,20,5151000,1524000,Apartment,Urban,0,Rejected
HL100546,43,Government Employee,Permanent,51000,11.0,8400,6204000,25,7431000,1227000,Independent House,Semi Urban,3,Rejected
HL100547,60,Salaried,Permanent,40200,25.4,4500,3891000,20,5638000,1747000,Apartment,Urban,0,Approved
HL100548,32,Self Employed,Self Employed,57400,0.3,3800,5172000,15,6737000,1565000,Builder Floor,Rural,3,Approved
HL100549,36,Private Employee,Permanent,61000,15.0,800,5908000,20,7162000,1254000,Apartment,Rural,2,Approved
HL100550,33,Private Employee,Permanent,45800,4.2,8200,6335000,15,6929000,594000,Builder Floor,Semi Urban,0,Rejected
HL100551,40,Salaried,Permanent,81400,19.0,14200,3868000,15,6382000,2514000,Apartment,Semi Urban,1,Approved
HL100552,41,Salaried,Permanent,96800,6.8,8000,7152000,15,9992000,2840000,Apartment,Rural,3,Rejected
HL100553,38,Professional,Contract,96400,4.8,20900,10405000,15,14635000,4230000,Independent House,Semi Urban,3,Approved
HL100554,48,Salaried,Permanent,47800,16.8,5800,3473000,10,5474000,2001000,Plot,Rural,2,Approved
HL100555,32,Salaried,Permanent,76100,11.0,13800,5248000,25,6887000,1639000,Builder Floor,Urban,1,Approved
HL100556,47,Government Employee,Permanent,53300,25.5,7700,3813000,25,5675000,1862000,Independent House,Rural,2,Approved
HL100557,43,Private Employee,Permanent,31100,14.7,3300,3614000,15,4416000,802000,Apartment,Semi Urban,1,Approved
HL100558,38,Private Employee,Permanent,73300,10.5,3200,5758000,30,7986000,2228000,Apartment,Urban,2,Approved
HL100559,35,Private Employee,Permanent,57900,6.8,6300,5188000,30,6247000,1059000,Independent House,Rural,1,Rejected
HL100560,60,Salaried,Permanent,174000,39.0,32600,20508000,25,25000000,4492000,Apartment,Semi Urban,3,Approved
HL100561,31,Salaried,Permanent,104400,7.8,8300,8028000,5,10396000,2368000,Builder Floor,Rural,2,Approved
HL100562,41,Business Owner,Business,93300,2.6,14500,8273000,15,9386000,1113000,Independent House,Urban,1,Approved
HL100563,31,Private Employee,Permanent,60600,2.0,2000,5456000,20,7240000,1784000,Plot,Semi Urban,2,Approved
HL100564,54,Private Employee,Permanent,58300,22.6,10600,5768000,25,7166000,1398000,Plot,Semi Urban,1,Approved
HL100565,46,Self Employed,Self Employed,34500,4.3,5000,3959000,20,4216000,257000,Apartment,Urban,0,Rejected
HL100566,32,Self Employed,Self Employed,24800,5.5,600,2656000,20,3253000,597000,Independent House,Semi Urban,1,Approved
HL100567,43,Salaried,Permanent,36600,18.1,3700,3222000,25,3989000,767000,Builder Floor,Semi Urban,1,Rejected
HL100568,40,Government Employee,Permanent,50400,11.9,9800,6145000,30,8634000,2489000,Independent House,Urban,1,Approved
HL100569,33,Private Employee,Contract,21000,1.8,400,2246000,20,2966000,720000,Independent House,Semi Urban,2,Approved
HL100570,45,Government Employee,Permanent,40300,5.1,1400,4384000,30,6601000,2217000,Builder Floor,Urban,2,Approved
HL100571,42,Business Owner,Business,60600,13.4,6900,5251000,25,7111000,1860000,Apartment,Semi Urban,1,Rejected
HL100572,40,Private Employee,Permanent,49200,19.0,14300,3022000,15,3666000,644000,Builder Floor,Rural,4,Approved
HL100573,38,Self Employed,Self Employed,40200,7.3,2700,4904000,25,6250000,1346000,Apartment,Urban,3,Rejected
HL100574,42,Business Owner,Business,58100,17.7,9300,4113000,10,5091000,978000,Independent House,Urban,0,Approved
HL100575,40,Private Employee,Permanent,117700,11.9,16600,11692000,10,15780000,4088000,Apartment,Urban,1,Approved
HL100576,39,Professional,Permanent,83900,4.9,6100,5592000,30,7214000,1622000,Independent House,Urban,3,Rejected
HL100577,32,Private Employee,Contract,42100,9.3,5600,3493000,15,4207000,714000,Apartment,Rural,1,Rejected
HL100578,53,Business Owner,Business,65700,3.1,5500,7756000,20,9953000,2197000,Apartment,Urban,1,Rejected
HL100579,29,Government Employee,Permanent,50800,6.5,4600,4676000,30,6293000,1617000,Independent House,Urban,4,Approved
HL100580,42,Private Employee,Permanent,38300,13.8,0,4075000,15,4736000,661000,Apartment,Urban,2,Rejected
HL100581,35,Private Employee,Contract,38300,4.1,4500,2342000,15,3104000,762000,Independent House,Semi Urban,3,Approved
HL100582,54,Salaried,Permanent,85400,6.2,16400,7520000,10,8298000,778000,Apartment,Semi Urban,3,Rejected
HL100583,30,Government Employee,Permanent,42600,2.9,5300,3726000,20,5388000,1662000,Apartment,Urban,0,Approved
HL100584,31,Professional,Permanent,38100,2.6,7900,4775000,10,6472000,1697000,Apartment,Urban,2,Rejected
HL100585,29,Private Employee,Permanent,53100,3.0,8800,5983000,10,9210000,3227000,Independent House,Urban,3,Approved
HL100586,41,Salaried,Permanent,57100,6.9,6600,8895000,25,10232000,1337000,Apartment,Urban,1,Rejected
HL100587,26,Government Employee,Permanent,21200,1.5,1500,1328000,15,1927000,599000,Apartment,Urban,0,Approved
HL100588,34,Salaried,Permanent,53200,1.2,4300,3626000,20,5142000,1516000,Independent House,Semi Urban,0,Rejected
HL100589,22,Salaried,Permanent,80100,0.2,200,8173000,10,10286000,2113000,Plot,Urban,2,Approved
HL100590,40,Professional,Permanent,76300,17.8,7500,9082000,20,11210000,2128000,Villa,Urban,2,Rejected
HL100591,33,Private Employee,Contract,147800,3.6,19500,17072000,20,19695000,2623000,Apartment,Semi Urban,3,Approved
HL100592,25,Government Employee,Permanent,90400,1.5,23300,11294000,15,12723000,1429000,Builder Floor,Semi Urban,1,Approved
HL100593,48,Private Employee,Permanent,104000,8.9,16900,11518000,15,13710000,2192000,Independent House,Urban,2,Rejected
HL100594,26,Salaried,Permanent,191000,5.0,9700,22012000,15,25000000,2988000,Independent House,Urban,0,Approved
HL100595,45,Salaried,Contract,76200,6.1,400,7777000,10,11922000,4145000,Apartment,Semi Urban,4,Approved
HL100596,32,Self Employed,Self Employed,58300,2.6,6000,5528000,10,6141000,613000,Apartment,Urban,2,Approved
HL100597,52,Private Employee,Permanent,84000,20.6,15500,9183000,20,11956000,2773000,Independent House,Semi Urban,2,Approved
HL100598,45,Professional,Contract,48400,12.7,5000,4835000,10,6489000,1654000,Apartment,Semi Urban,1,Rejected
HL100599,29,Private Employee,Contract,56900,5.4,9300,3002000,15,3995000,993000,Villa,Rural,0,Approved
HL100600,30,Private Employee,Permanent,40500,5.8,4300,5318000,10,7144000,1826000,Apartment,Urban,0,Approved
HL100601,43,Self Employed,Self Employed,64800,19.0,11500,7714000,25,10953000,3239000,Apartment,Urban,3,Rejected
HL100602,36,Professional,Permanent,46500,2.2,0,4519000,15,5540000,1021000,Apartment,Rural,0,Rejected
HL100603,36,Self Employed,Self Employed,39800,9.3,9900,2880000,20,3726000,846000,Apartment,Urban,3,Rejected
HL100604,49,Professional,Permanent,75000,6.7,2300,5722000,20,7122000,1400000,Independent House,Urban,1,Approved
HL100605,31,Self Employed,Self Employed,50900,0.7,9300,4523000,15,6693000,2170000,Apartment,Semi Urban,2,Approved
HL100606,39,Business Owner,Business,28400,11.6,2800,1592000,15,2602000,1010000,Independent House,Urban,1,Approved
HL100607,47,Salaried,Permanent,28100,16.1,3100,1973000,15,2254000,281000,Apartment,Semi Urban,0,Approved
HL100608,45,Self Employed,Self Employed,32300,10.9,3300,2744000,20,2911000,167000,Independent House,Rural,2,Rejected
HL100609,37,Private Employee,Permanent,36400,14.0,5100,1885000,15,2566000,681000,Builder Floor,Semi Urban,1,Approved
HL100610,35,Private Employee,Contract,65300,3.4,10200,7036000,10,10133000,3097000,Builder Floor,Urban,1,Approved
HL100611,22,Private Employee,Contract,59800,0.7,12200,3759000,30,6029000,2270000,Independent House,Rural,2,Approved
HL100612,28,Professional,Permanent,100600,2.9,23400,5588000,25,7750000,2162000,Independent House,Semi Urban,1,Approved
HL100613,41,Professional,Permanent,87400,8.6,12800,7989000,10,11953000,3964000,Villa,Urban,2,Approved
HL100614,37,Government Employee,Permanent,83400,1.2,21400,4041000,30,6244000,2203000,Builder Floor,Semi Urban,2,Approved
HL100615,39,Self Employed,Self Employed,71200,15.8,9100,4145000,10,6253000,2108000,Independent House,Urban,0,Rejected
HL100616,47,Self Employed,Self Employed,59500,15.7,12300,5519000,10,7779000,2260000,Apartment,Urban,1,Rejected
HL100617,27,Government Employee,Permanent,84400,4.2,13000,8565000,10,9705000,1140000,Plot,Semi Urban,0,Approved
HL100618,36,Salaried,Contract,81900,3.2,6200,7390000,30,9466000,2076000,Apartment,Urban,0,Rejected
HL100619,40,Salaried,Contract,64200,10.6,8600,7031000,15,9300000,2269000,Plot,Urban,0,Approved
HL100620,32,Self Employed,Self Employed,96000,4.5,15400,7933000,25,10067000,2134000,Apartment,Semi Urban,2,Rejected
HL100621,51,Private Employee,Contract,18900,18.8,2200,2091000,20,2670000,579000,Apartment,Urban,0,Approved
HL100622,46,Professional,Permanent,54700,13.5,8400,4179000,20,6384000,2205000,Plot,Urban,3,Approved
HL100623,41,Private Employee,Contract,47200,20.0,8900,6129000,15,7292000,1163000,Villa,Urban,2,Rejected
HL100624,54,Professional,Permanent,104700,33.0,12400,9157000,10,12788000,3631000,Independent House,Semi Urban,0,Approved
HL100625,25,Government Employee,Permanent,104400,1.5,0,5653000,25,7490000,1837000,Plot,Rural,2,Approved
HL100626,38,Self Employed,Self Employed,28200,11.0,7200,3626000,15,4273000,647000,Builder Floor,Urban,0,Rejected
HL100627,41,Salaried,Permanent,102200,7.0,9800,12442000,20,14365000,1923000,Independent House,Semi Urban,0,Approved
HL100628,30,Private Employee,Permanent,32000,7.7,1700,2560000,10,2794000,234000,Builder Floor,Urban,4,Rejected
HL100629,41,Business Owner,Business,40500,8.4,1200,4311000,25,5817000,1506000,Apartment,Urban,1,Rejected
HL100630,28,Professional,Permanent,56100,2.2,5200,7149000,20,9106000,1957000,Apartment,Urban,0,Approved
HL100631,44,Business Owner,Business,58700,12.7,4400,4587000,20,5422000,835000,Plot,Urban,3,Approved
HL100632,48,Salaried,Contract,26900,27.0,1600,4349000,20,4676000,327000,Independent House,Urban,3,Rejected
HL100633,40,Government Employee,Permanent,69000,17.1,4500,5520000,15,7406000,1886000,Builder Floor,Semi Urban,2,Approved
HL100634,22,Salaried,Permanent,73600,0.3,12000,7970000,15,10039000,2069000,Apartment,Semi Urban,2,Approved
HL100635,29,Salaried,Permanent,87100,8.0,24600,9353000,10,11173000,1820000,Apartment,Rural,3,Rejected
HL100636,43,Self Employed,Self Employed,44600,4.9,8300,5168000,20,6030000,862000,Apartment,Rural,2,Rejected
HL100637,38,Self Employed,Self Employed,53200,4.8,11200,5992000,5,7498000,1506000,Independent House,Urban,2,Approved
HL100638,22,Self Employed,Self Employed,53400,0.8,4800,6081000,5,8191000,2110000,Plot,Urban,3,Approved
HL100639,49,Business Owner,Business,144700,1.8,18600,12433000,5,15418000,2985000,Independent House,Urban,2,Approved
HL100640,39,Self Employed,Self Employed,18000,8.5,2800,1741000,15,1989000,248000,Apartment,Urban,1,Rejected
HL100641,31,Business Owner,Business,44000,3.7,3000,4301000,20,5482000,1181000,Apartment,Rural,0,Approved
HL100642,47,Salaried,Permanent,54300,26.0,4700,4602000,20,6609000,2007000,Apartment,Urban,1,Approved
HL100643,32,Salaried,Contract,33200,2.1,6300,4272000,15,5499000,1227000,Villa,Urban,0,Rejected
HL100644,32,Private Employee,Permanent,48200,2.3,10000,3201000,15,4133000,932000,Villa,Urban,0,Approved
HL100645,41,Business Owner,Business,64000,20.0,8000,3931000,20,4877000,946000,Apartment,Rural,1,Rejected
HL100646,54,Salaried,Permanent,40300,12.4,1000,3366000,20,3954000,588000,Independent House,Urban,4,Approved
HL100647,53,Private Employee,Permanent,55800,31.3,5400,5595000,25,6553000,958000,Villa,Semi Urban,0,Approved
HL100648,41,Self Employed,Self Employed,71900,6.6,300,5831000,25,6387000,556000,Apartment,Urban,1,Rejected
HL100649,42,Salaried,Contract,48700,5.8,6100,3876000,25,5654000,1778000,Independent House,Urban,3,Approved
HL100650,45,Government Employee,Permanent,42000,24.0,5900,5697000,25,7668000,1971000,Independent House,Urban,1,Approved
HL100651,27,Business Owner,Business,62900,6.0,6200,6882000,25,8899000,2017000,Independent House,Semi Urban,2,Approved
HL100652,44,Self Employed,Self Employed,54000,23.0,7500,5654000,20,7476000,1822000,Apartment,Semi Urban,2,Approved
HL100653,31,Salaried,Permanent,24800,3.1,3800,1764000,20,2343000,579000,Apartment,Urban,2,Rejected
HL100654,41,Business Owner,Business,83400,9.1,11700,8271000,25,9861000,1590000,Plot,Urban,0,Approved
HL100655,36,Government Employee,Permanent,42000,3.3,1000,5110000,10,6340000,1230000,Apartment,Urban,1,Approved
HL100656,43,Business Owner,Business,119500,5.5,11900,8087000,15,9887000,1800000,Plot,Urban,2,Approved
HL100657,39,Government Employee,Permanent,67100,4.3,10300,4873000,30,8415000,3542000,Independent House,Urban,0,Approved
HL100658,22,Private Employee,Permanent,91700,0.3,22600,11310000,20,16195000,4885000,Independent House,Urban,0,Approved
HL100659,40,Government Employee,Permanent,32700,9.7,3200,1940000,10,2531000,591000,Plot,Semi Urban,1,Rejected
HL100660,44,Salaried,Contract,45800,10.8,7500,4656000,15,6942000,2286000,Apartment,Semi Urban,2,Approved
HL100661,42,Business Owner,Business,38700,15.9,7400,2306000,10,3387000,1081000,Apartment,Semi Urban,2,Rejected
HL100662,37,Salaried,Permanent,39400,8.5,4100,3053000,15,3429000,376000,Apartment,Semi Urban,2,Approved
HL100663,53,Salaried,Permanent,95200,22.7,20200,5655000,20,7088000,1433000,Villa,Rural,2,Approved
HL100664,41,Government Employee,Permanent,100500,15.7,21700,10266000,20,13139000,2873000,Independent House,Rural,0,Approved
HL100665,42,Self Employed,Self Employed,32300,6.7,7400,3376000,20,4618000,1242000,Plot,Urban,3,Approved
HL100666,47,Business Owner,Business,55100,10.8,8600,6955000,5,8717000,1762000,Independent House,Urban,3,Approved
HL100667,41,Professional,Permanent,60200,20.0,18600,5617000,15,7129000,1512000,Independent House,Urban,1,Approved
HL100668,30,Government Employee,Permanent,67000,2.7,4700,6913000,5,8462000,1549000,Apartment,Rural,2,Approved
HL100669,22,Government Employee,Permanent,23300,0.7,6800,2282000,15,3279000,997000,Apartment,Urban,1,Rejected
HL100670,34,Salaried,Permanent,26300,2.0,4800,3358000,20,3750000,392000,Plot,Urban,3,Rejected
HL100671,45,Private Employee,Permanent,67500,19.2,15300,8704000,10,10690000,1986000,Apartment,Urban,1,Rejected
HL100672,35,Professional,Permanent,25900,3.7,2400,3354000,30,3616000,262000,Builder Floor,Semi Urban,1,Rejected
HL100673,45,Self Employed,Self Employed,44300,11.5,8300,5019000,20,5820000,801000,Apartment,Semi Urban,3,Rejected
HL100674,39,Private Employee,Permanent,58300,2.4,13700,3551000,15,4705000,1154000,Independent House,Semi Urban,2,Rejected
HL100675,50,Government Employee,Permanent,62100,13.0,2100,6922000,15,9191000,2269000,Apartment,Semi Urban,0,Approved
HL100676,35,Professional,Permanent,58500,6.3,6300,3742000,10,4648000,906000,Plot,Rural,2,Approved
HL100677,42,Private Employee,Contract,46000,8.5,0,5828000,5,8446000,2618000,Apartment,Urban,3,Approved
HL100678,43,Salaried,Permanent,79200,13.9,8400,4734000,30,7048000,2314000,Independent House,Rural,1,Approved
HL100679,52,Government Employee,Permanent,58500,29.6,3200,3713000,20,4727000,1014000,Builder Floor,Semi Urban,2,Approved
HL100680,23,Salaried,Contract,40500,0.4,4200,3484000,25,4585000,1101000,Villa,Urban,2,Approved
HL100681,34,Salaried,Contract,55100,5.3,19500,4649000,20,5696000,1047000,Apartment,Rural,2,Rejected
HL100682,46,Salaried,Permanent,64400,3.5,16600,4204000,30,5760000,1556000,Plot,Rural,4,Approved
HL100683,52,Private Employee,Permanent,117400,2.6,600,14861000,25,16974000,2113000,Independent House,Semi Urban,2,Approved
HL100684,40,Private Employee,Permanent,77200,9.9,12700,5486000,10,8622000,3136000,Apartment,Rural,2,Rejected
HL100685,35,Government Employee,Permanent,88900,2.7,16300,6282000,10,9120000,2838000,Independent House,Urban,3,Approved
HL100686,45,Private Employee,Permanent,41200,11.2,3800,4917000,15,5614000,697000,Plot,Urban,0,Rejected
HL100687,46,Professional,Permanent,49200,13.5,6600,6721000,15,7971000,1250000,Independent House,Urban,0,Rejected
HL100688,35,Self Employed,Self Employed,48700,1.4,6900,4640000,20,6218000,1578000,Plot,Rural,4,Approved
HL100689,41,Private Employee,Permanent,50800,11.9,600,4327000,15,5362000,1035000,Villa,Semi Urban,2,Approved
HL100690,49,Government Employee,Permanent,32700,25.9,1200,3136000,25,4258000,1122000,Independent House,Rural,1,Approved
HL100691,55,Business Owner,Business,119700,23.5,16000,7090000,5,8766000,1676000,Apartment,Semi Urban,0,Approved
HL100692,45,Salaried,Contract,80600,5.1,10300,6943000,25,10551000,3608000,Plot,Semi Urban,0,Approved
HL100693,38,Government Employee,Permanent,44900,7.6,2800,5649000,15,7248000,1599000,Apartment,Urban,0,Approved
HL100694,38,Professional,Contract,83200,8.2,4700,6074000,5,10359000,4285000,Apartment,Urban,1,Approved
HL100695,43,Private Employee,Permanent,59900,9.2,6800,3578000,25,4890000,1312000,Apartment,Urban,2,Approved
HL100696,37,Self Employed,Self Employed,74900,2.4,14300,8768000,15,9874000,1106000,Builder Floor,Semi Urban,0,Approved
HL100697,40,Private Employee,Permanent,29600,4.6,3400,2104000,25,3432000,1328000,Apartment,Urban,2,Approved
HL100698,28,Private Employee,Permanent,50700,2.7,12700,2495000,25,3605000,1110000,Apartment,Rural,4,Approved
HL100699,50,Government Employee,Permanent,50100,15.5,3200,3160000,5,4215000,1055000,Apartment,Semi Urban,4,Approved
HL100700,28,Salaried,Permanent,71700,2.1,9700,8361000,15,11480000,3119000,Apartment,Urban,3,Approved
HL100701,34,Government Employee,Permanent,38800,1.0,3600,2507000,10,2865000,358000,Builder Floor,Rural,1,Approved
HL100702,39,Salaried,Permanent,18000,5.6,3000,1889000,10,2044000,155000,Independent House,Semi Urban,2,Rejected
HL100703,56,Business Owner,Business,41600,35.0,2400,5127000,30,6545000,1418000,Plot,Semi Urban,2,Rejected
HL100704,34,Government Employee,Permanent,50100,7.8,13700,5336000,25,7968000,2632000,Plot,Urban,0,Rejected
HL100705,32,Private Employee,Permanent,55800,5.7,0,5726000,15,7652000,1926000,Apartment,Urban,3,Approved
HL100706,33,Self Employed,Self Employed,115600,2.9,29700,10052000,20,15626000,5574000,Plot,Urban,2,Approved
HL100707,53,Self Employed,Self Employed,70400,10.4,9000,4643000,30,6886000,2243000,Builder Floor,Urban,2,Approved
HL100708,22,Private Employee,Permanent,56200,0.1,9200,4820000,15,6192000,1372000,Plot,Semi Urban,1,Approved
HL100709,29,Private Employee,Permanent,53400,1.8,12100,2583000,5,3769000,1186000,Villa,Rural,0,Approved
HL100710,63,Professional,Contract,102400,24.3,19300,4441000,25,6748000,2307000,Independent House,Rural,3,Approved
HL100711,43,Self Employed,Self Employed,41500,11.6,2600,2996000,25,3810000,814000,Plot,Urban,0,Approved
HL100712,28,Business Owner,Business,63600,1.9,10700,5369000,10,6736000,1367000,Apartment,Rural,0,Approved
HL100713,38,Professional,Permanent,38200,7.1,10300,2952000,20,3840000,888000,Plot,Urban,2,Approved
HL100714,39,Self Employed,Self Employed,102600,8.4,5000,9353000,10,9845000,492000,Apartment,Urban,2,Approved
HL100715,46,Salaried,Permanent,64600,7.2,18700,7245000,20,9563000,2318000,Independent House,Semi Urban,0,Rejected
HL100716,55,Private Employee,Permanent,39400,21.2,5900,1959000,20,2712000,753000,Builder Floor,Rural,1,Approved
HL100717,41,Salaried,Contract,51500,10.4,4400,4491000,15,5844000,1353000,Independent House,Rural,3,Approved
HL100718,33,Private Employee,Permanent,68100,4.0,3300,5510000,25,7323000,1813000,Apartment,Semi Urban,3,Approved
HL100719,45,Professional,Permanent,55700,3.8,5700,6128000,20,7822000,1694000,Plot,Urban,1,Approved
HL100720,32,Private Employee,Permanent,42600,3.5,0,3319000,25,3532000,213000,Builder Floor,Urban,3,Approved
HL100721,29,Private Employee,Contract,40400,2.4,3500,2104000,20,3252000,1148000,Villa,Urban,1,Approved
HL100722,22,Salaried,Permanent,63100,0.3,6200,7332000,20,9058000,1726000,Builder Floor,Semi Urban,2,Rejected
HL100723,24,Professional,Permanent,53000,0.3,1800,5702000,15,6875000,1173000,Plot,Urban,2,Rejected
HL100724,30,Salaried,Permanent,44200,9.0,7900,2608000,15,3884000,1276000,Builder Floor,Urban,3,Rejected
HL100725,27,Salaried,Permanent,29700,6.0,3000,2419000,25,3447000,1028000,Apartment,Urban,2,Rejected
HL100726,41,Salaried,Permanent,56100,8.1,3900,4916000,20,6484000,1568000,Independent House,Semi Urban,1,Rejected
HL100727,27,Salaried,Permanent,49900,3.2,4700,2947000,15,4102000,1155000,Plot,Semi Urban,0,Approved
HL100728,22,Private Employee,Permanent,46900,0.6,7000,5607000,30,6427000,820000,Builder Floor,Urban,3,Approved
HL100729,29,Private Employee,Contract,59200,3.3,7500,6296000,25,8005000,1709000,Apartment,Urban,0,Approved
HL100730,34,Government Employee,Permanent,72100,7.3,4600,6060000,10,8959000,2899000,Apartment,Semi Urban,2,Approved
HL100731,33,Salaried,Permanent,74300,8.1,9700,8858000,10,10619000,1761000,Apartment,Semi Urban,1,Approved
HL100732,52,Salaried,Permanent,69500,15.6,8100,7364000,20,8564000,1200000,Plot,Urban,0,Rejected
HL100733,32,Government Employee,Permanent,46200,8.3,1300,6165000,10,7968000,1803000,Builder Floor,Urban,2,Approved
HL100734,46,Salaried,Permanent,42000,6.7,4100,3106000,30,4024000,918000,Independent House,Rural,2,Approved
HL100735,38,Self Employed,Self Employed,33900,7.6,5600,2744000,20,3768000,1024000,Apartment,Semi Urban,3,Rejected
HL100736,38,Salaried,Permanent,41500,17.0,6900,5481000,10,6157000,676000,Apartment,Urban,1,Approved
HL100737,30,Government Employee,Permanent,51900,7.9,5300,6191000,15,6517000,326000,Builder Floor,Semi Urban,0,Approved
HL100738,37,Government Employee,Permanent,36100,8.2,6300,1811000,15,2564000,753000,Apartment,Semi Urban,0,Rejected
HL100739,31,Government Employee,Permanent,53700,2.1,2200,8478000,20,9783000,1305000,Apartment,Urban,1,Rejected
HL100740,40,Salaried,Permanent,35100,8.8,1500,5180000,15,6250000,1070000,Apartment,Urban,2,Rejected
HL100741,36,Salaried,Contract,25700,12.6,2600,1978000,25,2082000,104000,Plot,Rural,1,Rejected
HL100742,29,Business Owner,Business,97900,5.8,23500,9454000,25,13541000,4087000,Independent House,Urban,0,Rejected
HL100743,47,Salaried,Permanent,43800,2.1,5800,5278000,30,7019000,1741000,Apartment,Urban,4,Rejected
HL100744,42,Private Employee,Permanent,37200,2.3,3600,4294000,10,5686000,1392000,Apartment,Semi Urban,0,Rejected
HL100745,34,Private Employee,Permanent,33100,1.5,8100,3531000,15,4672000,1141000,Builder Floor,Urban,1,Rejected
HL100746,39,Government Employee,Permanent,62300,11.2,6000,4220000,25,4467000,247000,Independent House,Semi Urban,3,Approved
HL100747,37,Private Employee,Permanent,100600,1.9,30100,13042000,15,15186000,2144000,Independent House,Urban,2,Rejected
HL100748,30,Self Employed,Self Employed,45200,1.8,3600,3325000,15,4074000,749000,Apartment,Urban,1,Approved
HL100749,39,Business Owner,Business,61500,7.2,2400,7746000,30,9223000,1477000,Apartment,Urban,4,Rejected
HL100750,32,Salaried,Permanent,87700,10.2,9400,7343000,25,9159000,1816000,Plot,Rural,2,Rejected
HL100751,29,Government Employee,Permanent,22800,5.1,2300,2213000,25,2911000,698000,Plot,Semi Urban,0,Rejected
HL100752,23,Salaried,Contract,131300,0.7,7300,7993000,15,11427000,3434000,Independent House,Semi Urban,0,Approved
HL100753,35,Private Employee,Permanent,162700,10.8,53400,19234000,20,21409000,2175000,Builder Floor,Urban,4,Approved
HL100754,43,Self Employed,Self Employed,18000,22.0,2600,1765000,20,2261000,496000,Apartment,Semi Urban,1,Approved
HL100755,32,Salaried,Permanent,51900,5.1,8200,4187000,20,5791000,1604000,Builder Floor,Urban,3,Approved
HL100756,61,Government Employee,Permanent,37200,6.0,3100,2743000,10,3212000,469000,Apartment,Semi Urban,0,Approved
HL100757,46,Professional,Permanent,55300,5.2,4100,4555000,25,5726000,1171000,Apartment,Urban,0,Approved
HL100758,50,Salaried,Permanent,44900,6.0,9100,4909000,15,6610000,1701000,Builder Floor,Semi Urban,3,Rejected
HL100759,45,Private Employee,Permanent,78100,5.9,0,7824000,20,10042000,2218000,Builder Floor,Urban,4,Approved
HL100760,55,Self Employed,Self Employed,51500,11.7,1500,5568000,25,7669000,2101000,Plot,Urban,0,Approved
HL100761,31,Salaried,Contract,36000,5.4,3600,3235000,25,4188000,953000,Villa,Semi Urban,0,Approved
HL100762,22,Salaried,Permanent,50100,0.1,11400,6728000,10,8358000,1630000,Plot,Urban,2,Rejected
HL100763,34,Salaried,Permanent,68300,2.0,6100,7946000,20,9093000,1147000,Villa,Urban,2,Approved
HL100764,43,Professional,Permanent,36600,14.8,5600,1854000,20,2439000,585000,Apartment,Rural,1,Rejected
HL100765,39,Salaried,Contract,25800,5.4,3200,2012000,15,2606000,594000,Independent House,Urban,0,Rejected
HL100766,40,Salaried,Permanent,132800,4.3,29700,8126000,5,9455000,1329000,Villa,Semi Urban,4,Rejected
HL100767,50,Salaried,Permanent,40600,10.9,0,4313000,20,5880000,1567000,Independent House,Semi Urban,0,Approved
HL100768,41,Salaried,Contract,50900,20.0,9100,4479000,25,6601000,2122000,Builder Floor,Semi Urban,1,Rejected
HL100769,45,Private Employee,Contract,45300,17.7,4700,6001000,30,7206000,1205000,Independent House,Urban,1,Rejected
HL100770,30,Salaried,Permanent,69300,6.3,13400,7805000,15,9311000,1506000,Apartment,Semi Urban,0,Rejected
HL100771,28,Private Employee,Permanent,120300,7.0,6600,16781000,15,19950000,3169000,Apartment,Urban,2,Rejected
HL100772,53,Private Employee,Contract,70300,18.0,8600,11740000,10,12840000,1100000,Plot,Urban,1,Rejected
HL100773,39,Business Owner,Business,34200,18.0,3800,2730000,30,4405000,1675000,Apartment,Semi Urban,2,Approved
HL100774,32,Salaried,Permanent,29100,11.0,1200,1871000,25,2293000,422000,Builder Floor,Rural,1,Rejected
HL100775,32,Business Owner,Business,56600,1.5,1000,4371000,30,5150000,779000,Apartment,Urban,0,Rejected
HL100776,32,Private Employee,Permanent,48000,1.1,3500,5912000,20,6794000,882000,Apartment,Urban,3,Rejected
HL100777,32,Salaried,Permanent,25000,2.1,3300,2826000,15,3484000,658000,Plot,Semi Urban,2,Rejected
HL100778,26,Self Employed,Self Employed,78300,4.9,4700,9070000,20,10854000,1784000,Independent House,Urban,1,Approved
HL100779,24,Business Owner,Business,41500,1.1,3900,2686000,15,4039000,1353000,Plot,Semi Urban,0,Rejected
HL100780,36,Salaried,Permanent,106100,5.2,0,14470000,15,16445000,1975000,Apartment,Urban,2,Rejected
HL100781,33,Professional,Permanent,141400,9.4,12800,16200000,10,17939000,1739000,Independent House,Urban,3,Rejected
HL100782,48,Private Employee,Permanent,48400,7.8,9800,3411000,10,4636000,1225000,Independent House,Semi Urban,2,Rejected
HL100783,41,Private Employee,Permanent,66000,10.3,11600,6446000,15,8174000,1728000,Builder Floor,Rural,3,Approved
HL100784,40,Professional,Permanent,35800,12.8,4000,4004000,30,5018000,1014000,Apartment,Urban,0,Approved
HL100785,31,Government Employee,Permanent,68100,2.1,9500,4065000,25,5529000,1464000,Apartment,Rural,4,Rejected
HL100786,37,Business Owner,Business,54100,2.7,2900,4764000,25,6195000,1431000,Villa,Urban,1,Approved
HL100787,41,Government Employee,Permanent,31600,9.2,7900,3459000,15,4413000,954000,Builder Floor,Urban,1,Rejected
HL100788,44,Self Employed,Self Employed,47600,11.6,13600,5279000,25,5915000,636000,Plot,Urban,2,Rejected
HL100789,37,Private Employee,Permanent,43900,11.9,5800,3894000,15,4263000,369000,Plot,Urban,0,Rejected
HL100790,48,Salaried,Contract,46800,5.1,15300,4888000,10,5847000,959000,Independent House,Semi Urban,1,Rejected
HL100791,38,Government Employee,Permanent,78900,4.3,5200,10383000,15,11979000,1596000,Independent House,Urban,0,Rejected
HL100792,45,Government Employee,Permanent,36100,24.0,700,2204000,10,2906000,702000,Builder Floor,Urban,2,Approved
HL100793,34,Salaried,Contract,118300,11.2,7500,14872000,25,16097000,1225000,Builder Floor,Urban,2,Approved
HL100794,22,Salaried,Contract,29800,0.4,3100,2965000,25,3634000,669000,Plot,Semi Urban,2,Rejected
HL100795,40,Government Employee,Permanent,106500,18.2,32500,7178000,15,9042000,1864000,Plot,Rural,1,Approved
HL100796,45,Salaried,Permanent,34300,4.6,3300,3104000,20,3964000,860000,Builder Floor,Urban,1,Approved
HL100797,43,Salaried,Permanent,54200,8.2,2800,4597000,15,6145000,1548000,Apartment,Urban,3,Approved
HL100798,42,Self Employed,Self Employed,43500,10.5,2100,3281000,10,4070000,789000,Apartment,Rural,2,Approved
HL100799,35,Self Employed,Self Employed,46400,4.8,9800,6362000,20,7634000,1272000,Builder Floor,Urban,2,Rejected
HL100800,31,Self Employed,Self Employed,77700,3.5,15500,5933000,25,8719000,2786000,Independent House,Semi Urban,0,Approved
HL100801,43,Government Employee,Permanent,101100,15.9,8200,12985000,25,16118000,3133000,Apartment,Semi Urban,1,Approved
HL100802,42,Business Owner,Business,115700,18.3,0,6807000,10,10214000,3407000,Independent House,Rural,1,Approved
HL100803,33,Private Employee,Permanent,45200,3.8,1300,5570000,20,6910000,1340000,Villa,Urban,2,Rejected
HL100804,48,Salaried,Permanent,58900,3.8,15200,6319000,5,8088000,1769000,Plot,Urban,3,Approved
HL100805,30,Salaried,Permanent,38100,1.0,6700,4804000,10,6073000,1269000,Plot,Urban,4,Rejected
HL100806,33,Self Employed,Self Employed,34700,0.7,4300,4557000,10,5984000,1427000,Apartment,Urban,1,Rejected
HL100807,53,Salaried,Permanent,32300,32.0,8700,3507000,10,4311000,804000,Independent House,Urban,1,Approved
HL100808,46,Private Employee,Permanent,44500,18.1,12300,3345000,15,4331000,986000,Apartment,Rural,2,Approved
HL100809,35,Professional,Permanent,69700,8.7,8200,8161000,15,12412000,4251000,Builder Floor,Urban,1,Approved
HL100810,41,Salaried,Permanent,22900,5.7,2700,2823000,20,4056000,1233000,Apartment,Urban,2,Approved
HL100811,39,Salaried,Contract,53100,5.1,3900,6784000,15,9754000,2970000,Villa,Urban,2,Approved
HL100812,22,Professional,Permanent,123300,0.9,12000,10580000,10,11923000,1343000,Independent House,Urban,1,Approved
HL100813,30,Private Employee,Permanent,89800,0.9,100,6350000,30,7262000,912000,Villa,Urban,1,Approved
HL100814,38,Salaried,Permanent,41600,5.5,0,3990000,25,5232000,1242000,Independent House,Urban,1,Approved
HL100815,35,Business Owner,Business,36100,13.7,0,3527000,10,4910000,1383000,Villa,Semi Urban,2,Approved
HL100816,40,Business Owner,Business,83300,6.2,17200,5239000,15,6377000,1138000,Villa,Semi Urban,1,Rejected
HL100817,48,Private Employee,Permanent,19100,18.8,0,1902000,10,2276000,374000,Apartment,Urban,1,Rejected
HL100818,35,Private Employee,Permanent,89300,5.9,24600,7303000,30,10924000,3621000,Apartment,Semi Urban,0,Approved
HL100819,28,Salaried,Contract,49200,0.2,3000,3657000,15,5043000,1386000,Independent House,Urban,3,Approved
HL100820,41,Salaried,Permanent,123500,8.1,32000,13411000,10,19287000,5876000,Apartment,Urban,3,Approved
HL100821,35,Private Employee,Permanent,24900,6.6,2300,1565000,25,1919000,354000,Plot,Rural,3,Rejected
HL100822,37,Government Employee,Permanent,77800,6.1,0,7914000,25,9633000,1719000,Apartment,Rural,3,Approved
HL100823,35,Self Employed,Self Employed,51800,2.3,11500,4251000,15,6037000,1786000,Plot,Urban,0,Rejected
HL100824,58,Business Owner,Business,58300,14.3,13500,6652000,15,8305000,1653000,Apartment,Urban,0,Approved
HL100825,22,Salaried,Permanent,29200,0.1,1400,3311000,15,3995000,684000,Plot,Urban,2,Approved
HL100826,35,Private Employee,Permanent,70800,4.5,6600,6715000,15,7872000,1157000,Apartment,Urban,2,Approved
HL100827,38,Salaried,Permanent,73400,12.5,3500,6599000,15,8039000,1440000,Independent House,Semi Urban,2,Approved
HL100828,31,Business Owner,Business,151200,10.0,16700,17750000,25,25000000,7250000,Apartment,Urban,1,Approved
HL100829,46,Salaried,Permanent,85300,25.0,11000,7795000,25,8654000,859000,Villa,Rural,4,Approved
HL100830,45,Private Employee,Permanent,41500,4.5,3800,2271000,20,3113000,842000,Apartment,Semi Urban,1,Approved
HL100831,38,Private Employee,Permanent,34500,2.0,0,4454000,20,5323000,869000,Plot,Urban,2,Rejected
HL100832,36,Government Employee,Permanent,27800,7.5,2000,1627000,20,2042000,415000,Independent House,Rural,3,Rejected
HL100833,37,Self Employed,Self Employed,105100,7.1,18500,9465000,15,11955000,2490000,Builder Floor,Semi Urban,2,Approved
HL100834,37,Self Employed,Self Employed,38200,10.6,3900,3931000,25,4928000,997000,Villa,Urban,2,Rejected
HL100835,37,Private Employee,Permanent,105500,4.2,9900,11085000,10,13805000,2720000,Independent House,Urban,2,Rejected
HL100836,36,Self Employed,Self Employed,68600,6.9,3100,3461000,10,4244000,783000,Plot,Rural,3,Approved
HL100837,40,Professional,Permanent,72300,8.3,5100,4796000,10,5808000,1012000,Apartment,Rural,3,Rejected
HL100838,45,Government Employee,Permanent,44800,7.9,10400,2591000,25,3842000,1251000,Villa,Urban,1,Approved
HL100839,27,Private Employee,Permanent,72900,0.6,2100,6089000,20,7826000,1737000,Apartment,Semi Urban,1,Approved
HL100840,29,Salaried,Permanent,53800,5.8,9600,4549000,20,5758000,1209000,Plot,Rural,3,Approved
HL100841,22,Self Employed,Self Employed,45900,0.5,5700,4181000,20,5028000,847000,Apartment,Rural,2,Rejected
HL100842,46,Private Employee,Permanent,74100,19.1,10300,5250000,25,6460000,1210000,Independent House,Urban,2,Rejected
HL100843,40,Government Employee,Permanent,48200,16.9,3000,3718000,10,4473000,755000,Villa,Urban,1,Approved
HL100844,43,Salaried,Permanent,37800,9.0,3500,2992000,15,4162000,1170000,Independent House,Rural,1,Rejected
HL100845,25,Business Owner,Business,88700,2.9,10600,10098000,25,12017000,1919000,Apartment,Urban,1,Rejected
HL100846,54,Government Employee,Permanent,50000,33.0,3900,7921000,20,8338000,417000,Independent House,Urban,4,Approved
HL100847,33,Self Employed,Self Employed,67500,12.0,9900,4630000,15,5971000,1341000,Plot,Semi Urban,1,Rejected
HL100848,40,Salaried,Permanent,44200,10.4,6900,3297000,15,4109000,812000,Apartment,Urban,1,Rejected
HL100849,46,Professional,Permanent,36200,14.5,10600,3070000,30,3713000,643000,Apartment,Semi Urban,0,Approved
HL100850,29,Salaried,Permanent,118300,4.3,16800,12249000,15,17323000,5074000,Builder Floor,Urban,2,Approved
HL100851,33,Salaried,Permanent,108700,7.8,0,11745000,25,12363000,618000,Builder Floor,Semi Urban,1,Rejected
HL100852,40,Business Owner,Business,100800,16.4,21500,5979000,25,9143000,3164000,Apartment,Urban,2,Approved
HL100853,64,Professional,Permanent,52300,23.0,5400,2780000,25,3997000,1217000,Independent House,Semi Urban,0,Approved
HL100854,41,Salaried,Permanent,47300,20.0,13300,5915000,5,7125000,1210000,Apartment,Urban,1,Approved
HL100855,52,Private Employee,Contract,100900,31.0,24000,9159000,20,11224000,2065000,Builder Floor,Urban,0,Approved
HL100856,49,Self Employed,Self Employed,46200,13.1,3700,3783000,15,5115000,1332000,Independent House,Rural,0,Approved
HL100857,41,Business Owner,Business,50900,9.3,9000,3624000,15,4914000,1290000,Independent House,Semi Urban,3,Approved
HL100858,29,Government Employee,Permanent,119500,2.5,8700,11225000,15,13513000,2288000,Apartment,Urban,3,Approved
HL100859,48,Private Employee,Permanent,53000,18.1,6400,4926000,15,5417000,491000,Independent House,Urban,2,Rejected
HL100860,25,Self Employed,Self Employed,120100,1.4,20900,11632000,15,19040000,7408000,Apartment,Semi Urban,3,Approved
HL100861,52,Self Employed,Self Employed,28900,9.3,6000,1235000,20,1755000,520000,Plot,Rural,0,Approved
HL100862,40,Self Employed,Self Employed,68400,12.6,13100,4917000,15,6407000,1490000,Independent House,Urban,3,Approved
HL100863,22,Private Employee,Permanent,137600,0.2,17300,13013000,15,16990000,3977000,Independent House,Rural,1,Approved
HL100864,35,Salaried,Permanent,54900,12.2,17500,3801000,15,5205000,1404000,Plot,Urban,2,Rejected
HL100865,44,Professional,Permanent,55300,15.6,5000,3797000,20,5268000,1471000,Apartment,Semi Urban,2,Approved
HL100866,36,Business Owner,Business,40000,15.0,0,4079000,5,4308000,229000,Apartment,Urban,1,Rejected
HL100867,44,Self Employed,Self Employed,88200,12.8,600,10879000,25,13463000,2584000,Independent House,Urban,1,Approved
HL100868,30,Salaried,Contract,38300,6.8,9100,2844000,15,3484000,640000,Plot,Rural,0,Rejected
HL100869,26,Salaried,Permanent,51900,4.1,5900,6893000,20,8693000,1800000,Apartment,Urban,1,Rejected
HL100870,37,Self Employed,Self Employed,31100,16.0,4100,2607000,25,3629000,1022000,Plot,Rural,2,Rejected
HL100871,38,Salaried,Permanent,109200,8.7,8400,13657000,20,14793000,1136000,Independent House,Urban,4,Approved
HL100872,35,Professional,Permanent,104800,4.3,8800,9890000,20,11138000,1248000,Independent House,Urban,0,Approved
HL100873,49,Government Employee,Permanent,50700,15.8,2900,5082000,30,6090000,1008000,Independent House,Rural,2,Approved
HL100874,30,Self Employed,Self Employed,32200,7.9,5100,3657000,5,4764000,1107000,Apartment,Semi Urban,2,Rejected
HL100875,41,Business Owner,Business,135200,19.0,15200,16114000,15,22586000,6472000,Apartment,Urban,0,Approved
HL100876,39,Government Employee,Permanent,43700,1.7,6800,2119000,30,3262000,1143000,Plot,Semi Urban,1,Approved
HL100877,24,Government Employee,Permanent,31300,3.0,4600,3839000,25,4781000,942000,Independent House,Urban,1,Rejected
HL100878,26,Private Employee,Permanent,24500,1.5,2100,1982000,20,2777000,795000,Independent House,Rural,2,Rejected
HL100879,38,Private Employee,Permanent,40500,13.0,100,5216000,15,7213000,1997000,Builder Floor,Urban,1,Approved
HL100880,56,Government Employee,Permanent,26700,35.0,0,2119000,15,2877000,758000,Apartment,Urban,0,Approved
HL100881,43,Private Employee,Permanent,40900,9.6,14800,5177000,25,6621000,1444000,Independent House,Urban,1,Rejected
HL100882,22,Professional,Permanent,87100,1.0,20800,9337000,20,11499000,2162000,Apartment,Semi Urban,3,Approved
HL100883,22,Private Employee,Permanent,45800,0.1,10400,5022000,15,5804000,782000,Apartment,Rural,3,Rejected
HL100884,45,Salaried,Permanent,63600,24.0,4200,7330000,10,8420000,1090000,Builder Floor,Semi Urban,0,Approved
HL100885,37,Government Employee,Permanent,37200,14.7,4500,4722000,25,6277000,1555000,Builder Floor,Urban,2,Approved
HL100886,48,Government Employee,Permanent,53000,16.6,2900,4894000,20,6239000,1345000,Apartment,Urban,3,Approved
HL100887,30,Salaried,Contract,128600,7.9,1900,10125000,30,12450000,2325000,Builder Floor,Urban,0,Approved
HL100888,41,Salaried,Permanent,46300,20.0,3400,2938000,15,4042000,1104000,Apartment,Rural,0,Approved
HL100889,46,Self Employed,Self Employed,64400,25.0,14600,8452000,15,10617000,2165000,Builder Floor,Urban,0,Approved
HL100890,34,Government Employee,Permanent,25400,5.9,4800,1773000,15,2079000,306000,Plot,Semi Urban,0,Rejected
HL100891,34,Professional,Contract,123500,7.3,5200,14501000,20,18096000,3595000,Apartment,Urban,3,Approved
HL100892,38,Salaried,Permanent,43700,6.8,4100,4216000,15,5902000,1686000,Independent House,Rural,3,Approved
HL100893,43,Salaried,Permanent,86900,7.9,15600,12967000,10,15045000,2078000,Plot,Urban,2,Approved
HL100894,38,Self Employed,Self Employed,51300,13.9,3800,5872000,15,7693000,1821000,Apartment,Urban,1,Rejected
HL100895,47,Business Owner,Business,89200,10.3,11300,8406000,15,10716000,2310000,Apartment,Rural,3,Rejected
HL100896,34,Salaried,Contract,73300,10.6,11200,4216000,25,5014000,798000,Villa,Rural,0,Approved
HL100897,26,Salaried,Permanent,44200,2.2,6700,4080000,15,5078000,998000,Apartment,Semi Urban,0,Rejected
HL100898,56,Salaried,Permanent,88600,17.0,12400,9459000,20,10443000,984000,Apartment,Semi Urban,0,Approved
HL100899,33,Private Employee,Permanent,38500,2.9,2600,4170000,20,5407000,1237000,Apartment,Semi Urban,3,Rejected
HL100900,33,Private Employee,Permanent,76900,9.6,5800,7505000,10,8440000,935000,Plot,Urban,2,Rejected
HL100901,37,Salaried,Contract,45500,1.4,1300,2891000,20,4164000,1273000,Apartment,Urban,2,Rejected
HL100902,39,Salaried,Permanent,63400,18.0,0,6630000,25,8421000,1791000,Independent House,Semi Urban,2,Rejected
HL100903,35,Private Employee,Contract,44000,14.0,4900,4154000,20,5031000,877000,Apartment,Semi Urban,0,Approved
HL100904,38,Professional,Permanent,63700,8.4,11800,7340000,20,10681000,3341000,Apartment,Urban,1,Approved
HL100905,38,Private Employee,Permanent,33400,8.2,300,3755000,25,4353000,598000,Villa,Urban,3,Rejected
HL100906,40,Private Employee,Contract,60600,2.3,8600,7439000,30,8858000,1419000,Apartment,Semi Urban,3,Approved
HL100907,22,Salaried,Permanent,55300,0.3,10100,6816000,25,7358000,542000,Villa,Urban,2,Rejected
HL100908,55,Salaried,Contract,42500,30.0,0,4031000,15,5969000,1938000,Independent House,Semi Urban,0,Approved
HL100909,37,Government Employee,Permanent,50200,15.5,4900,4266000,20,6770000,2504000,Villa,Semi Urban,4,Rejected
HL100910,43,Self Employed,Self Employed,57500,12.0,14500,5677000,20,6212000,535000,Apartment,Urban,1,Approved
HL100911,26,Business Owner,Business,51300,4.2,8400,4879000,15,5772000,893000,Plot,Urban,1,Rejected
HL100912,34,Professional,Permanent,58800,3.2,0,7904000,15,10206000,2302000,Apartment,Urban,0,Rejected
HL100913,32,Professional,Permanent,39600,7.0,6800,3396000,25,4135000,739000,Builder Floor,Urban,0,Approved
HL100914,51,Professional,Permanent,179000,30.0,10800,18598000,15,23767000,5169000,Apartment,Semi Urban,2,Approved
HL100915,33,Professional,Permanent,100300,8.7,17600,6577000,25,8331000,1754000,Apartment,Semi Urban,2,Approved
HL100916,45,Salaried,Permanent,61300,24.0,4000,5373000,30,7189000,1816000,Independent House,Rural,1,Approved
HL100917,32,Salaried,Contract,91800,11.0,10600,8150000,15,9511000,1361000,Apartment,Urban,0,Approved
HL100918,34,Government Employee,Permanent,21100,8.6,1600,1992000,10,2605000,613000,Independent House,Semi Urban,2,Approved
HL100919,36,Private Employee,Permanent,18000,0.1,2200,2173000,30,2500000,327000,Plot,Urban,1,Approved
HL100920,50,Salaried,Contract,45300,27.6,3400,3253000,10,4001000,748000,Plot,Semi Urban,1,Rejected
HL100921,22,Business Owner,Business,36400,0.2,3700,4394000,25,4782000,388000,Independent House,Urban,1,Rejected
HL100922,26,Private Employee,Permanent,48700,0.1,1300,5900000,5,7263000,1363000,Builder Floor,Semi Urban,3,Approved
HL100923,22,Private Employee,Permanent,59400,0.1,9500,7404000,15,8966000,1562000,Independent House,Urban,4,Rejected
HL100924,28,Salaried,Permanent,82000,7.0,11000,10586000,15,15026000,4440000,Apartment,Urban,1,Approved
HL100925,31,Salaried,Permanent,32500,6.7,0,3048000,15,3884000,836000,Plot,Rural,2,Approved
HL100926,23,Salaried,Permanent,64900,1.1,12900,7353000,30,9547000,2194000,Apartment,Urban,3,Approved
HL100927,31,Business Owner,Business,68200,7.1,7200,7400000,10,9466000,2066000,Apartment,Urban,0,Rejected
HL100928,22,Private Employee,Permanent,63300,0.1,8400,9283000,10,9772000,489000,Apartment,Semi Urban,3,Rejected
HL100929,29,Self Employed,Self Employed,42900,3.2,7800,5444000,20,5793000,349000,Apartment,Urban,2,Rejected
HL100930,49,Government Employee,Permanent,95900,7.8,14000,9438000,30,11717000,2279000,Apartment,Urban,2,Approved
HL100931,42,Government Employee,Permanent,49100,11.0,10500,6208000,15,8193000,1985000,Apartment,Urban,2,Approved
HL100932,40,Government Employee,Permanent,114400,10.2,11000,16249000,25,20342000,4093000,Independent House,Urban,1,Rejected
HL100933,29,Self Employed,Self Employed,38000,5.5,7700,3102000,5,3653000,551000,Plot,Rural,3,Rejected
HL100934,24,Self Employed,Self Employed,75700,2.3,9800,4982000,25,6234000,1252000,Builder Floor,Semi Urban,2,Approved
HL100935,28,Salaried,Permanent,52700,0.6,8500,6095000,25,7561000,1466000,Apartment,Urban,0,Rejected
HL100936,38,Professional,Permanent,53800,6.8,8200,6069000,25,8456000,2387000,Apartment,Urban,2,Approved
HL100937,46,Salaried,Permanent,72000,11.8,15800,4580000,20,6342000,1762000,Independent House,Rural,4,Approved
HL100938,46,Business Owner,Business,59200,3.9,10500,5695000,30,6909000,1214000,Apartment,Rural,3,Rejected
HL100939,44,Salaried,Permanent,18000,3.3,1500,1911000,15,2438000,527000,Apartment,Urban,2,Rejected
HL100940,31,Salaried,Contract,18000,0.7,1200,1325000,25,1748000,423000,Villa,Semi Urban,0,Approved
HL100941,38,Business Owner,Business,120100,2.1,13900,13050000,25,17493000,4443000,Plot,Urban,1,Rejected
HL100942,35,Salaried,Contract,94200,11.8,5600,7369000,15,11375000,4006000,Apartment,Urban,0,Approved
HL100943,36,Government Employee,Permanent,120300,1.5,4300,11264000,30,14399000,3135000,Villa,Rural,3,Approved
HL100944,56,Private Employee,Permanent,53800,4.2,0,2206000,25,3214000,1008000,Villa,Rural,2,Approved
HL100945,22,Salaried,Permanent,30300,0.5,0,4368000,25,5005000,637000,Builder Floor,Urban,3,Rejected
HL100946,36,Self Employed,Self Employed,44900,9.5,12500,3096000,15,3725000,629000,Apartment,Rural,0,Rejected
HL100947,49,Business Owner,Business,68100,13.0,4600,10117000,25,10649000,532000,Plot,Semi Urban,4,Rejected
HL100948,25,Business Owner,Business,43000,0.8,11700,4567000,15,5948000,1381000,Plot,Semi Urban,4,Rejected
HL100949,32,Government Employee,Permanent,108100,1.6,16500,7218000,30,9912000,2694000,Apartment,Semi Urban,2,Approved
HL100950,33,Private Employee,Permanent,148400,6.0,17200,23750000,5,25000000,1250000,Villa,Urban,3,Rejected
HL100951,36,Salaried,Permanent,67200,6.4,0,5023000,20,6567000,1544000,Villa,Rural,1,Approved
HL100952,24,Salaried,Permanent,53900,1.0,6500,5309000,10,7256000,1947000,Apartment,Urban,1,Rejected
HL100953,43,Salaried,Contract,30300,18.0,8200,3895000,25,5291000,1396000,Independent House,Urban,0,Approved
HL100954,44,Professional,Permanent,124900,9.3,30600,19201000,15,21927000,2726000,Independent House,Urban,0,Rejected
HL100955,43,Business Owner,Business,70100,2.9,9900,6682000,25,9304000,2622000,Plot,Semi Urban,0,Rejected
HL100956,30,Self Employed,Self Employed,47600,3.1,1300,6742000,25,8652000,1910000,Apartment,Urban,2,Rejected
HL100957,39,Private Employee,Permanent,67300,12.3,2900,5648000,15,7708000,2060000,Independent House,Urban,1,Approved
HL100958,30,Private Employee,Permanent,41600,3.5,2200,2988000,25,3782000,794000,Apartment,Semi Urban,0,Rejected
HL100959,35,Private Employee,Contract,57900,9.5,12900,3625000,20,4836000,1211000,Villa,Urban,0,Approved
HL100960,57,Private Employee,Permanent,28300,27.8,7100,2276000,15,3293000,1017000,Villa,Urban,2,Approved
HL100961,39,Private Employee,Contract,88400,7.3,12000,10058000,15,12630000,2572000,Independent House,Urban,4,Rejected
HL100962,27,Salaried,Permanent,51700,2.8,5000,3817000,15,5040000,1223000,Independent House,Semi Urban,1,Approved
HL100963,40,Salaried,Permanent,91300,7.0,22300,8723000,10,12827000,4104000,Apartment,Urban,2,Approved
HL100964,26,Professional,Permanent,56900,3.4,2400,3847000,20,4865000,1018000,Apartment,Urban,4,Rejected
HL100965,27,Private Employee,Permanent,51000,2.1,6300,5198000,20,5975000,777000,Plot,Urban,2,Rejected
HL100966,29,Professional,Permanent,36100,5.1,5700,3059000,15,4214000,1155000,Apartment,Rural,2,Rejected
HL100967,34,Salaried,Permanent,76300,7.1,3900,4029000,30,6057000,2028000,Plot,Semi Urban,2,Rejected
HL100968,46,Private Employee,Permanent,36500,1.8,2500,3817000,5,5639000,1822000,Villa,Urban,4,Rejected
HL100969,43,Salaried,Permanent,43500,14.6,2700,3707000,25,5128000,1421000,Builder Floor,Rural,1,Approved
HL100970,43,Salaried,Permanent,54200,11.2,12600,6240000,25,6568000,328000,Apartment,Semi Urban,3,Rejected
HL100971,28,Salaried,Permanent,57200,7.0,15600,7117000,25,8566000,1449000,Independent House,Semi Urban,1,Approved
HL100972,33,Salaried,Permanent,25100,2.0,3200,3720000,20,4500000,780000,Apartment,Urban,0,Rejected
HL100973,40,Professional,Contract,56200,10.5,5500,3669000,10,4726000,1057000,Builder Floor,Urban,2,Approved
HL100974,32,Government Employee,Permanent,73600,3.5,5300,6224000,25,9650000,3426000,Villa,Semi Urban,3,Approved
HL100975,35,Private Employee,Contract,45700,1.2,5500,4160000,25,4801000,641000,Villa,Urban,3,Rejected
HL100976,42,Private Employee,Permanent,49000,1.2,3700,3613000,25,6015000,2402000,Plot,Urban,3,Approved
HL100977,35,Government Employee,Permanent,55400,14.0,6200,6511000,15,8033000,1522000,Apartment,Urban,2,Approved
HL100978,40,Private Employee,Permanent,51200,10.5,7800,6643000,20,7896000,1253000,Independent House,Urban,2,Rejected
HL100979,52,Salaried,Contract,34100,12.2,3000,3538000,15,4966000,1428000,Plot,Semi Urban,4,Rejected
HL100980,36,Professional,Permanent,61300,1.7,6400,6644000,20,9410000,2766000,Apartment,Urban,1,Rejected
HL100981,49,Business Owner,Business,105900,28.0,11100,10790000,25,14822000,4032000,Builder Floor,Semi Urban,0,Approved
HL100982,43,Self Employed,Self Employed,33800,5.6,3200,3524000,10,4188000,664000,Builder Floor,Semi Urban,1,Approved
HL100983,25,Private Employee,Permanent,45800,2.3,3900,3138000,10,4242000,1104000,Builder Floor,Urban,2,Approved
HL100984,28,Salaried,Permanent,29100,3.5,5300,2076000,5,2407000,331000,Plot,Urban,2,Rejected
HL100985,30,Professional,Permanent,95200,9.0,0,10871000,10,12884000,2013000,Apartment,Urban,3,Approved
HL100986,30,Government Employee,Permanent,49400,4.1,12100,6013000,15,7635000,1622000,Independent House,Urban,0,Approved
HL100987,37,Salaried,Permanent,37000,4.8,4800,2497000,10,2953000,456000,Apartment,Semi Urban,3,Rejected
HL100988,44,Government Employee,Permanent,53600,12.8,9000,4052000,15,5823000,1771000,Plot,Semi Urban,2,Approved
HL100989,49,Self Employed,Self Employed,31500,16.8,5600,2059000,20,2492000,433000,Apartment,Rural,4,Rejected
HL100990,41,Private Employee,Permanent,34000,20.0,2200,2790000,25,3498000,708000,Builder Floor,Rural,1,Approved
HL100991,34,Self Employed,Self Employed,28100,5.8,1300,2890000,15,3398000,508000,Apartment,Urban,2,Rejected
HL100992,22,Self Employed,Self Employed,33500,0.2,1300,2058000,10,2952000,894000,Apartment,Semi Urban,2,Approved
HL100993,39,Salaried,Permanent,99800,6.2,10000,6732000,25,8079000,1347000,Apartment,Urban,2,Approved
HL100994,38,Professional,Permanent,44800,9.5,7900,3510000,15,5097000,1587000,Villa,Urban,0,Approved
HL100995,40,Private Employee,Permanent,66800,12.0,4900,6213000,15,8946000,2733000,Apartment,Urban,0,Approved
HL100996,57,Private Employee,Permanent,37200,3.6,6300,5361000,20,6572000,1211000,Apartment,Urban,0,Rejected
HL100997,49,Salaried,Permanent,76300,8.8,0,5368000,30,6903000,1535000,Apartment,Semi Urban,2,Approved
HL100998,45,Professional,Contract,39300,24.0,3500,3732000,15,4563000,831000,Apartment,Semi Urban,2,Rejected
HL100999,29,Government Employee,Permanent,52400,1.7,11200,5369000,30,7291000,1922000,Builder Floor,Urban,2,Rejected
HL101000,33,Salaried,Contract,55500,10.0,5900,6521000,15,8197000,1676000,Independent House,Urban,2,Approved
HL101001,37,Private Employee,Permanent,154400,5.7,8300,12505000,10,15374000,2869000,Apartment,Semi Urban,0,Approved
HL101002,31,Salaried,Permanent,71900,4.7,4800,4407000,10,5677000,1270000,Apartment,Semi Urban,0,Approved
HL101003,43,Salaried,Permanent,41500,2.5,0,5753000,25,6346000,593000,Apartment,Semi Urban,2,Rejected
HL101004,41,Private Employee,Permanent,73700,7.7,2900,10376000,20,13200000,2824000,Apartment,Urban,3,Approved
HL101005,28,Government Employee,Permanent,134700,3.9,27600,12342000,20,16953000,4611000,Apartment,Urban,2,Approved
HL101006,49,Professional,Permanent,29900,12.6,2200,2811000,30,3655000,844000,Apartment,Semi Urban,2,Rejected
HL101007,39,Government Employee,Permanent,35200,7.2,2900,1799000,20,2556000,757000,Apartment,Semi Urban,4,Approved
HL101008,22,Self Employed,Self Employed,48700,0.7,0,3369000,10,4158000,789000,Apartment,Urban,4,Rejected
HL101009,38,Private Employee,Permanent,44900,2.5,0,3243000,25,3971000,728000,Plot,Urban,2,Rejected
HL101010,41,Private Employee,Permanent,46600,11.4,10000,6359000,15,7314000,955000,Apartment,Urban,1,Rejected
HL101011,47,Private Employee,Contract,30100,1.3,5100,2212000,20,2723000,511000,Villa,Semi Urban,0,Rejected
HL101012,35,Private Employee,Permanent,101900,13.9,1700,6319000,25,10148000,3829000,Villa,Urban,2,Approved
HL101013,45,Professional,Permanent,32800,9.9,2300,1759000,20,2321000,562000,Builder Floor,Semi Urban,1,Approved
HL101014,40,Government Employee,Permanent,47000,15.1,5500,2380000,15,2879000,499000,Apartment,Rural,0,Approved
HL101015,26,Salaried,Permanent,86700,0.1,2100,9136000,20,10617000,1481000,Plot,Urban,1,Rejected
HL101016,25,Self Employed,Self Employed,53400,2.9,0,6620000,10,7292000,672000,Builder Floor,Urban,4,Rejected
HL101017,48,Business Owner,Business,43600,6.7,4700,5183000,15,6123000,940000,Builder Floor,Urban,0,Approved
HL101018,49,Salaried,Permanent,29500,13.1,4900,2714000,20,3773000,1059000,Plot,Urban,3,Rejected
HL101019,41,Private Employee,Permanent,48800,14.5,8200,3761000,15,4619000,858000,Apartment,Rural,3,Approved
HL101020,51,Business Owner,Business,48200,13.1,9200,4836000,5,5645000,809000,Builder Floor,Rural,2,Rejected
HL101021,48,Self Employed,Self Employed,59400,18.1,0,5564000,20,6562000,998000,Plot,Urban,0,Approved
HL101022,44,Professional,Permanent,33200,8.3,4100,1878000,15,2579000,701000,Apartment,Rural,3,Approved
HL101023,30,Private Employee,Permanent,78100,9.0,7700,10376000,15,13193000,2817000,Apartment,Urban,2,Approved
HL101024,54,Private Employee,Permanent,57100,13.6,6500,6259000,30,7539000,1280000,Builder Floor,Semi Urban,1,Approved
HL101025,43,Government Employee,Permanent,56100,9.2,5800,5098000,10,6335000,1237000,Apartment,Semi Urban,2,Rejected
HL101026,35,Professional,Permanent,119200,5.9,8000,7842000,10,12993000,5151000,Plot,Urban,0,Approved
HL101027,32,Government Employee,Permanent,42300,5.1,0,2732000,25,4003000,1271000,Independent House,Urban,2,Approved
HL101028,40,Self Employed,Self Employed,39100,2.9,8300,1901000,10,2869000,968000,Plot,Semi Urban,3,Approved
HL101029,23,Government Employee,Permanent,40200,0.4,5900,6242000,30,6783000,541000,Apartment,Urban,2,Rejected
HL101030,44,Private Employee,Permanent,49700,20.1,100,4129000,20,5213000,1084000,Plot,Rural,4,Approved
HL101031,29,Self Employed,Self Employed,52000,6.4,8200,3686000,20,4433000,747000,Independent House,Urban,1,Rejected
HL101032,41,Private Employee,Permanent,37300,15.2,3100,2662000,15,3615000,953000,Builder Floor,Urban,3,Rejected
HL101033,33,Professional,Permanent,25100,7.5,2200,1411000,15,2030000,619000,Apartment,Rural,2,Approved
HL101034,36,Government Employee,Permanent,40000,4.6,2300,3248000,25,4309000,1061000,Apartment,Urban,0,Approved
HL101035,31,Private Employee,Permanent,63700,2.8,10400,7430000,10,8743000,1313000,Apartment,Urban,3,Rejected
HL101036,37,Government Employee,Permanent,54700,7.1,3100,5551000,25,6665000,1114000,Apartment,Urban,3,Rejected
HL101037,55,Government Employee,Permanent,88300,32.8,2800,11080000,25,15171000,4091000,Builder Floor,Urban,1,Approved
HL101038,50,Private Employee,Permanent,130600,15.4,27500,14620000,25,20238000,5618000,Apartment,Urban,3,Approved
HL101039,41,Salaried,Permanent,76200,4.0,8100,10237000,10,13317000,3080000,Apartment,Urban,1,Rejected
HL101040,38,Salaried,Permanent,100900,2.1,10900,13186000,25,17133000,3947000,Plot,Urban,0,Approved
HL101041,46,Self Employed,Self Employed,76500,20.3,13400,10439000,25,13453000,3014000,Apartment,Urban,1,Rejected
HL101042,48,Private Employee,Permanent,116900,27.0,7800,11923000,5,15720000,3797000,Apartment,Rural,2,Approved
HL101043,31,Self Employed,Self Employed,124600,0.9,10300,7505000,25,10385000,2880000,Villa,Rural,0,Approved
HL101044,37,Salaried,Permanent,83100,13.3,12000,6196000,10,8493000,2297000,Apartment,Urban,0,Approved
HL101045,22,Government Employee,Permanent,70700,0.6,0,3968000,30,5100000,1132000,Plot,Rural,4,Approved
HL101046,48,Salaried,Permanent,49400,6.5,6800,4165000,10,5313000,1148000,Villa,Rural,2,Rejected
HL101047,57,Self Employed,Self Employed,53200,19.2,3200,4672000,15,5937000,1265000,Apartment,Rural,3,Approved
HL101048,39,Business Owner,Business,58200,3.1,11000,3820000,20,4534000,714000,Independent House,Semi Urban,1,Approved
HL101049,22,Salaried,Permanent,71700,0.4,11700,10007000,10,11865000,1858000,Builder Floor,Urban,0,Approved
HL101050,43,Self Employed,Self Employed,39200,10.2,6000,4664000,10,6333000,1669000,Apartment,Urban,3,Rejected
HL101051,30,Salaried,Permanent,49700,9.0,0,4476000,5,5347000,871000,Plot,Rural,1,Rejected
HL101052,32,Salaried,Permanent,18800,4.1,2100,1688000,25,2361000,673000,Independent House,Urban,1,Rejected
HL101053,44,Salaried,Permanent,117600,6.0,3000,6571000,5,8380000,1809000,Independent House,Rural,4,Approved
HL101054,40,Government Employee,Permanent,46600,11.1,5500,3845000,20,5382000,1537000,Plot,Semi Urban,1,Approved
HL101055,34,Self Employed,Self Employed,66500,8.9,0,4702000,20,6449000,1747000,Apartment,Urban,1,Approved
HL101056,32,Professional,Permanent,120100,2.8,0,12248000,20,17188000,4940000,Independent House,Urban,2,Approved
HL101057,39,Salaried,Permanent,62000,3.5,13300,4221000,15,5159000,938000,Apartment,Rural,0,Approved
HL101058,34,Private Employee,Permanent,103800,2.7,15500,8230000,15,11013000,2783000,Plot,Urban,2,Approved
HL101059,28,Self Employed,Self Employed,31000,7.0,2800,2452000,30,3401000,949000,Independent House,Semi Urban,1,Rejected
HL101060,35,Professional,Permanent,183200,9.3,8700,17213000,25,19039000,1826000,Apartment,Rural,0,Approved
HL101061,41,Private Employee,Permanent,88400,7.1,2900,6746000,30,10478000,3732000,Apartment,Urban,1,Rejected
HL101062,36,Salaried,Permanent,59500,13.9,8100,6421000,25,10724000,4303000,Builder Floor,Urban,1,Approved
HL101063,25,Private Employee,Contract,102900,1.0,9500,5877000,25,8346000,2469000,Apartment,Urban,2,Approved
HL101064,47,Government Employee,Permanent,30400,11.2,7400,3310000,30,4626000,1316000,Apartment,Semi Urban,4,Rejected
HL101065,22,Professional,Permanent,54700,0.2,5800,3230000,20,4407000,1177000,Apartment,Urban,2,Rejected
HL101066,34,Government Employee,Permanent,98600,11.7,12300,8179000,30,10149000,1970000,Independent House,Urban,1,Approved
HL101067,32,Self Employed,Self Employed,23400,2.6,200,3390000,5,4297000,907000,Apartment,Urban,4,Rejected
HL101068,39,Salaried,Permanent,69700,4.3,6400,7635000,10,10863000,3228000,Plot,Urban,3,Approved
HL101069,43,Government Employee,Permanent,65400,13.1,8800,8259000,20,9627000,1368000,Villa,Urban,0,Approved
HL101070,48,Business Owner,Business,164300,1.2,14800,21621000,20,25000000,3379000,Apartment,Urban,0,Rejected
HL101071,32,Private Employee,Contract,26600,1.5,2200,2305000,15,2839000,534000,Independent House,Semi Urban,1,Rejected
HL101072,43,Private Employee,Contract,111800,16.4,16300,13149000,20,18074000,4925000,Apartment,Urban,0,Approved
HL101073,40,Professional,Permanent,48400,3.9,11700,3451000,20,4063000,612000,Apartment,Semi Urban,2,Rejected
HL101074,23,Business Owner,Business,55400,2.0,7300,5316000,25,6661000,1345000,Independent House,Rural,1,Approved
HL101075,55,Government Employee,Permanent,29700,17.5,6300,3619000,15,4590000,971000,Apartment,Semi Urban,4,Rejected
HL101076,25,Private Employee,Permanent,33200,0.4,5600,4207000,15,4887000,680000,Builder Floor,Semi Urban,1,Rejected
HL101077,42,Private Employee,Permanent,65000,21.0,13400,9699000,25,10209000,510000,Independent House,Urban,1,Approved
HL101078,42,Private Employee,Permanent,32800,10.8,2300,3637000,20,4219000,582000,Apartment,Semi Urban,4,Rejected
HL101079,40,Government Employee,Permanent,71800,7.5,7400,7327000,25,9652000,2325000,Builder Floor,Urban,2,Approved
HL101080,34,Salaried,Permanent,40200,6.7,4200,3617000,15,4881000,1264000,Independent House,Urban,0,Approved
HL101081,45,Professional,Permanent,36100,2.1,5900,3954000,5,5340000,1386000,Apartment,Semi Urban,0,Rejected
HL101082,24,Professional,Permanent,49100,1.3,9000,5296000,30,7243000,1947000,Independent House,Urban,2,Approved
HL101083,37,Business Owner,Business,78800,3.5,10200,8210000,5,9890000,1680000,Builder Floor,Urban,2,Rejected
HL101084,33,Professional,Permanent,55000,5.1,10500,6553000,20,7735000,1182000,Independent House,Semi Urban,2,Rejected
HL101085,32,Self Employed,Self Employed,55000,3.5,4100,3551000,15,4735000,1184000,Independent House,Urban,3,Approved
HL101086,42,Self Employed,Self Employed,74100,10.4,14100,9723000,15,12201000,2478000,Independent House,Urban,2,Approved
HL101087,48,Self Employed,Self Employed,88200,9.6,17800,10258000,25,14501000,4243000,Apartment,Urban,3,Approved
HL101088,35,Private Employee,Permanent,47100,4.2,8200,3677000,15,4906000,1229000,Apartment,Urban,2,Approved
HL101089,45,Private Employee,Contract,33900,4.7,4400,1938000,10,2861000,923000,Independent House,Urban,2,Approved
HL101090,38,Salaried,Contract,56100,1.6,9900,7077000,25,8660000,1583000,Builder Floor,Urban,0,Rejected
HL101091,30,Private Employee,Contract,67000,0.6,3200,4709000,5,6780000,2071000,Plot,Urban,2,Approved
HL101092,36,Government Employee,Permanent,26700,2.1,3600,2631000,15,4262000,1631000,Apartment,Semi Urban,1,Approved
HL101093,35,Salaried,Contract,36300,9.9,5200,1695000,20,2185000,490000,Independent House,Rural,2,Rejected
HL101094,32,Private Employee,Permanent,39200,2.1,500,2631000,15,3555000,924000,Apartment,Semi Urban,1,Approved
HL101095,42,Government Employee,Permanent,46900,5.5,7400,3401000,20,3980000,579000,Apartment,Urban,2,Rejected
HL101096,40,Salaried,Permanent,38500,5.0,800,3831000,15,5407000,1576000,Villa,Semi Urban,1,Approved
HL101097,24,Business Owner,Business,93100,1.0,8000,6663000,15,9661000,2998000,Apartment,Rural,2,Approved
HL101098,23,Business Owner,Business,32900,1.2,4100,3354000,15,4093000,739000,Plot,Rural,1,Rejected
HL101099,42,Salaried,Permanent,26600,7.4,1600,3512000,25,4791000,1279000,Independent House,Urban,3,Rejected
HL101100,31,Salaried,Contract,46600,8.0,5900,5071000,5,6694000,1623000,Villa,Urban,1,Rejected
HL101101,41,Government Employee,Permanent,47600,2.8,6000,3724000,30,4974000,1250000,Builder Floor,Urban,2,Approved
HL101102,45,Self Employed,Self Employed,28200,17.8,1500,1580000,15,2209000,629000,Villa,Semi Urban,2,Rejected
HL101103,27,Business Owner,Business,51500,6.0,8500,6471000,15,8763000,2292000,Builder Floor,Urban,1,Approved
HL101104,25,Salaried,Permanent,45200,1.8,2700,2798000,25,3537000,739000,Plot,Rural,3,Approved
HL101105,53,Self Employed,Self Employed,45400,5.6,13800,5602000,15,7853000,2251000,Independent House,Urban,3,Rejected
HL101106,41,Salaried,Permanent,58000,12.6,6500,5974000,20,8645000,2671000,Apartment,Semi Urban,2,Approved
HL101107,34,Government Employee,Permanent,38200,5.8,1000,4581000,30,5557000,976000,Apartment,Urban,4,Approved
HL101108,30,Professional,Permanent,121200,5.0,5000,13522000,25,17333000,3811000,Builder Floor,Urban,1,Approved
HL101109,33,Salaried,Contract,67500,9.7,14300,11128000,20,12076000,948000,Apartment,Urban,3,Rejected
HL101110,27,Salaried,Permanent,37700,2.0,3300,3816000,25,5204000,1388000,Builder Floor,Semi Urban,3,Approved
HL101111,46,Private Employee,Permanent,56500,7.3,600,5828000,15,8544000,2716000,Apartment,Urban,2,Approved
HL101112,31,Private Employee,Permanent,57300,10.0,10800,5762000,25,7197000,1435000,Plot,Urban,3,Approved
HL101113,48,Professional,Permanent,107600,17.2,9300,9400000,10,12219000,2819000,Apartment,Semi Urban,2,Rejected
HL101114,34,Professional,Permanent,47600,11.8,8200,3388000,5,4248000,860000,Builder Floor,Rural,2,Rejected
HL101115,29,Salaried,Permanent,76500,6.2,14900,9623000,20,11870000,2247000,Apartment,Semi Urban,2,Approved
HL101116,34,Salaried,Permanent,55200,11.9,7800,5356000,15,7034000,1678000,Apartment,Semi Urban,1,Approved
HL101117,22,Self Employed,Self Employed,106000,0.6,33000,14406000,25,17094000,2688000,Builder Floor,Urban,2,Rejected
HL101118,37,Salaried,Permanent,96800,13.5,0,4821000,10,6035000,1214000,Apartment,Rural,1,Approved
HL101119,36,Business Owner,Business,74000,3.9,4000,10643000,5,12486000,1843000,Apartment,Urban,2,Approved
HL101120,45,Self Employed,Self Employed,48100,2.1,4800,3224000,20,4399000,1175000,Builder Floor,Rural,2,Rejected
HL101121,22,Salaried,Permanent,68000,0.2,20500,7054000,20,9271000,2217000,Plot,Semi Urban,1,Rejected
HL101122,48,Business Owner,Business,62400,10.7,16500,4302000,30,5282000,980000,Apartment,Urban,0,Approved
HL101123,45,Salaried,Permanent,115400,8.6,25700,15514000,15,19966000,4452000,Independent House,Urban,1,Approved
HL101124,49,Private Employee,Permanent,56100,12.5,3200,5790000,10,7259000,1469000,Apartment,Semi Urban,2,Approved
HL101125,38,Private Employee,Permanent,45100,4.2,3000,3452000,5,5014000,1562000,Apartment,Semi Urban,1,Approved
HL101126,47,Private Employee,Permanent,44100,1.4,2400,3499000,15,4292000,793000,Independent House,Semi Urban,0,Approved
HL101127,25,Self Employed,Self Employed,31400,1.3,1800,1907000,10,2615000,708000,Apartment,Rural,1,Rejected
HL101128,44,Private Employee,Permanent,69600,2.9,16700,6514000,25,7788000,1274000,Independent House,Urban,1,Rejected
HL101129,31,Professional,Contract,43100,4.3,4300,2898000,10,4054000,1156000,Apartment,Urban,1,Approved
HL101130,23,Professional,Permanent,102100,1.2,11300,7952000,30,11409000,3457000,Builder Floor,Semi Urban,1,Approved
HL101131,28,Private Employee,Contract,30300,2.2,5500,2677000,20,3861000,1184000,Independent House,Urban,2,Approved
HL101132,38,Salaried,Permanent,57400,2.8,0,4071000,20,6146000,2075000,Apartment,Semi Urban,2,Approved
HL101133,31,Self Employed,Self Employed,90900,4.6,11300,7792000,10,10298000,2506000,Builder Floor,Rural,4,Approved
HL101134,41,Professional,Permanent,23700,20.0,800,2001000,10,2938000,937000,Plot,Urban,0,Approved
HL101135,22,Government Employee,Permanent,127600,0.6,12300,6471000,15,9954000,3483000,Apartment,Semi Urban,1,Approved
HL101136,22,Private Employee,Contract,44700,0.7,3300,5703000,20,6557000,854000,Builder Floor,Semi Urban,0,Rejected
HL101137,50,Private Employee,Permanent,57700,8.5,4000,5950000,20,7184000,1234000,Apartment,Urban,2,Rejected
HL101138,46,Salaried,Permanent,70100,5.6,9700,8134000,15,9041000,907000,Apartment,Semi Urban,0,Rejected
HL101139,29,Self Employed,Self Employed,75100,7.3,10300,8023000,15,11542000,3519000,Apartment,Semi Urban,1,Rejected
HL101140,38,Government Employee,Permanent,58200,0.6,6000,8384000,30,9308000,924000,Apartment,Urban,2,Rejected
HL101141,47,Self Employed,Self Employed,84900,6.3,12700,10671000,15,11569000,898000,Villa,Urban,1,Rejected
HL101142,42,Business Owner,Business,85500,21.0,4300,10158000,10,11706000,1548000,Independent House,Urban,2,Rejected
HL101143,39,Business Owner,Business,149600,7.4,26100,20137000,15,21910000,1773000,Builder Floor,Semi Urban,2,Approved
HL101144,48,Government Employee,Permanent,65100,2.7,6700,8181000,15,10790000,2609000,Apartment,Urban,3,Rejected
HL101145,31,Government Employee,Permanent,124600,6.0,10100,10691000,15,12334000,1643000,Apartment,Urban,1,Approved
HL101146,38,Self Employed,Self Employed,81300,5.5,4600,7994000,20,8734000,740000,Apartment,Rural,1,Rejected
HL101147,38,Business Owner,Business,30000,1.3,3000,3476000,20,4437000,961000,Apartment,Semi Urban,2,Rejected
HL101148,36,Private Employee,Contract,175400,7.9,47300,19434000,20,24959000,5525000,Builder Floor,Semi Urban,0,Approved
HL101149,34,Business Owner,Business,52300,6.1,6000,3357000,10,3611000,254000,Villa,Rural,0,Rejected
HL101150,39,Salaried,Permanent,106200,8.1,3000,11165000,5,13338000,2173000,Plot,Urban,1,Approved
HL101151,38,Business Owner,Business,68500,10.7,13300,7222000,25,9188000,1966000,Plot,Urban,1,Approved
HL101152,29,Salaried,Permanent,87300,1.2,7200,6579000,15,8137000,1558000,Apartment,Semi Urban,0,Approved
HL101153,45,Salaried,Permanent,39700,13.5,5700,4828000,15,5988000,1160000,Apartment,Urban,2,Rejected
HL101154,29,Private Employee,Permanent,71800,4.0,5100,6390000,20,9319000,2929000,Independent House,Urban,3,Approved
HL101155,36,Salaried,Permanent,48300,13.6,10700,2843000,25,4674000,1831000,Plot,Semi Urban,0,Approved
HL101156,35,Salaried,Permanent,110300,3.4,8000,10244000,10,12725000,2481000,Apartment,Urban,2,Approved
HL101157,41,Salaried,Permanent,66000,20.0,15300,9889000,30,11165000,1276000,Apartment,Urban,4,Rejected
HL101158,22,Private Employee,Contract,82600,0.8,3000,9762000,15,12221000,2459000,Villa,Semi Urban,1,Approved
HL101159,46,Self Employed,Self Employed,20500,10.0,2000,2243000,30,2934000,691000,Apartment,Semi Urban,2,Rejected
HL101160,32,Salaried,Contract,52100,4.9,12100,7154000,15,9122000,1968000,Independent House,Urban,0,Rejected
HL101161,49,Private Employee,Contract,65200,1.0,8700,8536000,25,11675000,3139000,Apartment,Urban,4,Approved
HL101162,34,Business Owner,Business,74900,5.7,22600,4387000,15,7275000,2888000,Independent House,Rural,0,Approved
HL101163,38,Salaried,Permanent,83500,12.5,8200,5123000,25,5586000,463000,Apartment,Rural,1,Approved
HL101164,55,Salaried,Permanent,46000,12.1,6500,6164000,20,7512000,1348000,Builder Floor,Urban,4,Rejected
HL101165,36,Business Owner,Business,69200,13.6,18900,6637000,25,10107000,3470000,Plot,Urban,2,Approved
HL101166,49,Business Owner,Business,115200,17.1,0,9869000,25,12009000,2140000,Apartment,Semi Urban,1,Approved
HL101167,38,Private Employee,Permanent,19400,17.0,0,2523000,20,3520000,997000,Plot,Urban,3,Approved
HL101168,42,Business Owner,Business,88300,5.3,5000,7443000,15,10203000,2760000,Plot,Urban,3,Approved
HL101169,39,Salaried,Permanent,46600,12.4,8600,5536000,15,8129000,2593000,Villa,Urban,2,Approved
HL101170,46,Government Employee,Permanent,34100,3.2,0,3032000,30,4836000,1804000,Builder Floor,Urban,0,Approved
HL101171,32,Self Employed,Self Employed,63000,4.2,10600,4000000,30,5310000,1310000,Plot,Urban,1,Approved
HL101172,29,Salaried,Permanent,94100,5.1,15300,14672000,10,15954000,1282000,Apartment,Urban,4,Rejected
HL101173,32,Self Employed,Self Employed,86500,7.9,24300,10023000,15,11989000,1966000,Apartment,Semi Urban,0,Rejected
HL101174,39,Private Employee,Permanent,51000,6.0,10400,4537000,10,7497000,2960000,Apartment,Urban,1,Rejected
HL101175,36,Self Employed,Self Employed,80300,14.5,12000,10335000,15,11572000,1237000,Independent House,Urban,0,Approved
HL101176,44,Private Employee,Contract,80100,23.0,18300,6116000,15,8262000,2146000,Builder Floor,Urban,0,Approved
HL101177,50,Government Employee,Permanent,49500,7.5,8100,3569000,25,3757000,188000,Independent House,Rural,2,Rejected
HL101178,29,Salaried,Permanent,39700,3.1,3300,2945000,10,3316000,371000,Apartment,Urban,1,Approved
HL101179,31,Salaried,Permanent,40700,3.6,1200,2784000,25,3926000,1142000,Builder Floor,Urban,0,Approved
HL101180,25,Self Employed,Self Employed,79000,1.2,5900,6156000,30,7922000,1766000,Villa,Semi Urban,0,Approved
HL101181,56,Salaried,Permanent,53200,35.0,6200,5114000,15,6313000,1199000,Apartment,Semi Urban,0,Approved
HL101182,41,Salaried,Permanent,33800,20.0,4500,2336000,20,2764000,428000,Builder Floor,Semi Urban,0,Approved
HL101183,42,Salaried,Permanent,25400,7.7,0,3299000,20,3511000,212000,Apartment,Urban,0,Rejected
HL101184,26,Salaried,Permanent,78800,3.4,8100,6152000,15,8491000,2339000,Independent House,Urban,2,Approved
HL101185,38,Business Owner,Business,52900,15.2,6500,4534000,25,5649000,1115000,Independent House,Urban,0,Approved
HL101186,43,Government Employee,Permanent,59700,11.6,9800,8361000,20,9272000,911000,Builder Floor,Semi Urban,1,Rejected
HL101187,36,Professional,Contract,108800,5.2,27200,15500000,10,19933000,4433000,Apartment,Urban,2,Rejected
HL101188,48,Salaried,Permanent,30100,6.5,4100,3632000,25,4951000,1319000,Apartment,Urban,2,Rejected
HL101189,59,Private Employee,Permanent,53100,27.8,2500,3640000,15,4573000,933000,Villa,Urban,2,Approved
HL101190,29,Private Employee,Permanent,50200,1.1,0,4459000,10,5785000,1326000,Builder Floor,Rural,4,Approved
HL101191,29,Government Employee,Permanent,61100,2.8,10700,4698000,30,6047000,1349000,Apartment,Urban,1,Approved
HL101192,30,Business Owner,Business,118300,2.8,6000,13797000,10,16493000,2696000,Apartment,Urban,0,Approved
HL101193,52,Professional,Permanent,34300,4.1,6500,3402000,10,4386000,984000,Builder Floor,Rural,0,Rejected
HL101194,47,Business Owner,Business,87500,10.8,20300,6576000,15,9119000,2543000,Plot,Semi Urban,0,Rejected
HL101195,37,Salaried,Permanent,86200,6.1,0,9231000,15,13240000,4009000,Apartment,Semi Urban,4,Approved
HL101196,38,Salaried,Permanent,49800,3.4,8200,4774000,15,6661000,1887000,Apartment,Semi Urban,2,Rejected
HL101197,31,Private Employee,Permanent,50900,10.0,11400,4740000,20,5683000,943000,Independent House,Urban,3,Rejected
HL101198,46,Government Employee,Permanent,62100,18.4,12500,3556000,15,4877000,1321000,Villa,Semi Urban,4,Approved
HL101199,35,Self Employed,Self Employed,63300,6.4,0,7752000,20,10437000,2685000,Independent House,Urban,3,Rejected
HL101200,36,Private Employee,Permanent,70400,12.2,3600,5570000,5,6656000,1086000,Plot,Rural,1,Approved
HL101201,43,Private Employee,Contract,69700,20.8,1200,5013000,15,6135000,1122000,Apartment,Urban,3,Approved
HL101202,36,Business Owner,Business,43500,15.0,7000,2503000,30,3449000,946000,Plot,Semi Urban,1,Approved
HL101203,36,Self Employed,Self Employed,84600,3.8,12900,10233000,25,15277000,5044000,Apartment,Urban,0,Approved
HL101204,38,Salaried,Contract,91600,13.8,0,8952000,25,9678000,726000,Builder Floor,Urban,2,Approved
HL101205,45,Salaried,Permanent,58900,9.2,5700,6899000,15,10634000,3735000,Apartment,Urban,3,Approved
HL101206,53,Private Employee,Permanent,27700,16.5,5100,2498000,20,3637000,1139000,Apartment,Semi Urban,3,Approved
HL101207,43,Private Employee,Permanent,51400,5.8,6800,4383000,25,5736000,1353000,Apartment,Urban,1,Rejected
HL101208,45,Salaried,Permanent,59100,10.5,7800,4197000,25,5251000,1054000,Apartment,Rural,3,Approved
HL101209,36,Government Employee,Permanent,30700,12.3,2800,3699000,25,4940000,1241000,Independent House,Urban,1,Rejected
HL101210,32,Self Employed,Self Employed,46100,11.0,1600,4184000,20,5034000,850000,Villa,Semi Urban,2,Approved
HL101211,44,Business Owner,Business,35900,9.4,4300,2188000,10,2755000,567000,Builder Floor,Semi Urban,1,Rejected
HL101212,40,Private Employee,Permanent,71200,3.9,8800,6668000,10,7425000,757000,Independent House,Urban,0,Rejected
HL101213,25,Government Employee,Permanent,55500,4.0,9400,7522000,5,8182000,660000,Independent House,Semi Urban,1,Rejected
HL101214,35,Salaried,Permanent,25800,3.4,4500,2031000,15,3423000,1392000,Apartment,Semi Urban,3,Approved
HL101215,37,Private Employee,Permanent,63500,1.5,8100,5663000,5,7308000,1645000,Plot,Semi Urban,4,Approved
HL101216,33,Government Employee,Permanent,50200,3.4,10400,3531000,15,4623000,1092000,Apartment,Semi Urban,1,Approved
HL101217,51,Private Employee,Permanent,68300,1.2,6100,6023000,20,7698000,1675000,Apartment,Semi Urban,0,Approved
HL101218,42,Self Employed,Self Employed,45400,19.2,200,6229000,20,7361000,1132000,Apartment,Urban,0,Approved
HL101219,50,Salaried,Permanent,37800,6.7,6000,2705000,20,3362000,657000,Apartment,Urban,2,Rejected
HL101220,40,Salaried,Permanent,38300,3.1,5000,5429000,15,7026000,1597000,Independent House,Urban,2,Rejected
HL101221,39,Salaried,Contract,42500,8.7,6800,4984000,20,6264000,1280000,Apartment,Semi Urban,2,Rejected
HL101222,30,Business Owner,Business,68300,9.0,1300,4810000,30,5725000,915000,Apartment,Rural,0,Approved
HL101223,38,Private Employee,Permanent,57900,10.5,15200,7326000,15,9878000,2552000,Plot,Urban,0,Rejected
HL101224,38,Salaried,Permanent,49700,2.3,8800,5743000,25,7508000,1765000,Apartment,Urban,3,Rejected
HL101225,26,Business Owner,Business,56000,5.0,5400,6266000,15,8370000,2104000,Independent House,Urban,2,Approved
HL101226,33,Private Employee,Permanent,46300,6.8,2100,2766000,20,3823000,1057000,Apartment,Semi Urban,1,Approved
HL101227,35,Private Employee,Permanent,167500,11.9,34500,19841000,20,25000000,5159000,Builder Floor,Semi Urban,1,Approved
HL101228,42,Professional,Permanent,44000,2.3,1400,3859000,20,4863000,1004000,Villa,Semi Urban,1,Rejected
HL101229,42,Salaried,Permanent,42100,21.0,12700,3962000,25,5990000,2028000,Apartment,Semi Urban,0,Approved
HL101230,33,Salaried,Permanent,238500,3.9,16900,19783000,15,23124000,3341000,Builder Floor,Semi Urban,0,Approved
HL101231,42,Private Employee,Permanent,65500,2.1,16900,6845000,25,7361000,516000,Independent House,Urban,2,Rejected
HL101232,36,Salaried,Permanent,29100,7.9,3100,3860000,25,5248000,1388000,Apartment,Urban,1,Approved
HL101233,22,Self Employed,Self Employed,79200,0.9,19500,8675000,25,10447000,1772000,Villa,Urban,1,Rejected
HL101234,34,Salaried,Permanent,36000,8.9,2200,1998000,5,2307000,309000,Villa,Rural,2,Approved
HL101235,48,Salaried,Permanent,81600,18.2,9900,8403000,5,11849000,3446000,Apartment,Semi Urban,1,Approved
HL101236,23,Salaried,Contract,49300,1.3,9100,4059000,25,5128000,1069000,Apartment,Urban,1,Approved
HL101237,39,Private Employee,Permanent,44400,8.8,7700,6707000,25,7612000,905000,Apartment,Urban,3,Rejected
HL101238,52,Salaried,Permanent,111800,3.4,23300,12257000,30,19604000,7347000,Independent House,Urban,1,Rejected
HL101239,31,Salaried,Permanent,69900,3.8,5700,4133000,15,4548000,415000,Builder Floor,Rural,3,Approved
HL101240,38,Business Owner,Business,104900,5.8,13300,11621000,25,14768000,3147000,Independent House,Urban,1,Approved
HL101241,26,Government Employee,Permanent,62600,5.0,13800,9229000,25,9912000,683000,Builder Floor,Semi Urban,0,Rejected
HL101242,53,Government Employee,Permanent,42100,29.2,2700,5646000,25,7445000,1799000,Apartment,Urban,0,Rejected
HL101243,37,Salaried,Permanent,71300,4.9,11800,6950000,20,8361000,1411000,Plot,Semi Urban,2,Rejected
HL101244,38,Government Employee,Permanent,88700,13.0,9100,8317000,10,11641000,3324000,Builder Floor,Semi Urban,1,Approved
HL101245,50,Salaried,Permanent,57600,12.3,7900,6438000,20,8239000,1801000,Villa,Urban,2,Approved
HL101246,44,Private Employee,Permanent,121900,2.1,15500,7232000,20,10763000,3531000,Apartment,Semi Urban,0,Approved
HL101247,30,Salaried,Contract,79400,0.3,4500,9575000,15,11758000,2183000,Apartment,Urban,2,Rejected
HL101248,32,Business Owner,Business,74500,7.7,7400,6766000,15,7449000,683000,Apartment,Semi Urban,0,Rejected
HL101249,42,Professional,Permanent,69800,3.8,9200,6134000,25,8061000,1927000,Independent House,Urban,1,Approved
HL101250,32,Salaried,Contract,57600,2.0,6400,4968000,10,6209000,1241000,Builder Floor,Semi Urban,2,Rejected
HL101251,22,Salaried,Permanent,30900,0.3,7600,4825000,15,5213000,388000,Apartment,Urban,0,Rejected
HL101252,38,Salaried,Permanent,52000,12.1,10400,4110000,20,4755000,645000,Apartment,Semi Urban,1,Rejected
HL101253,25,Private Employee,Permanent,59800,3.7,8600,5341000,30,6366000,1025000,Apartment,Urban,2,Approved
HL101254,53,Salaried,Permanent,44900,29.1,2600,2080000,20,3173000,1093000,Independent House,Semi Urban,2,Approved
HL101255,40,Business Owner,Business,78800,1.5,4300,5504000,15,7608000,2104000,Independent House,Urban,2,Approved
HL101256,30,Self Employed,Self Employed,54700,2.2,15200,8033000,10,9944000,1911000,Apartment,Urban,0,Rejected
HL101257,32,Business Owner,Business,95900,2.3,3800,7763000,15,10458000,2695000,Plot,Semi Urban,0,Approved
HL101258,22,Private Employee,Permanent,73000,0.7,9400,6933000,15,7351000,418000,Apartment,Urban,1,Rejected
HL101259,28,Professional,Permanent,67200,1.7,10000,10006000,25,12126000,2120000,Villa,Urban,1,Rejected
HL101260,47,Salaried,Permanent,29300,10.4,2800,1588000,15,2123000,535000,Independent House,Semi Urban,1,Approved
HL101261,58,Government Employee,Permanent,115200,28.0,4600,11537000,10,15046000,3509000,Apartment,Urban,1,Approved
HL101262,45,Government Employee,Permanent,48300,11.0,2800,4813000,25,5847000,1034000,Villa,Rural,1,Approved
HL101263,37,Professional,Permanent,60100,9.0,4600,7553000,5,9645000,2092000,Villa,Urban,2,Approved
HL101264,34,Private Employee,Permanent,46400,5.1,2900,2584000,5,3432000,848000,Independent House,Rural,0,Approved
HL101265,29,Business Owner,Business,54400,6.9,12300,4827000,20,6182000,1355000,Plot,Rural,1,Approved
HL101266,57,Salaried,Permanent,108500,33.0,12900,11180000,10,15722000,4542000,Independent House,Urban,1,Approved
HL101267,36,Professional,Permanent,116200,9.6,9100,13185000,10,17475000,4290000,Apartment,Urban,1,Rejected
HL101268,57,Private Employee,Contract,66200,33.1,8500,4596000,30,6219000,1623000,Builder Floor,Semi Urban,3,Approved
HL101269,51,Private Employee,Permanent,51600,30.0,8900,4743000,25,7377000,2634000,Builder Floor,Semi Urban,1,Approved
HL101270,22,Professional,Contract,82300,0.7,7600,8129000,25,11389000,3260000,Apartment,Urban,0,Approved
HL101271,32,Government Employee,Permanent,53200,4.8,10200,5302000,20,8275000,2973000,Builder Floor,Urban,3,Approved
HL101272,32,Government Employee,Permanent,47200,6.3,900,6995000,5,8390000,1395000,Plot,Urban,1,Approved
HL101273,37,Private Employee,Permanent,63100,15.7,13500,8416000,25,9275000,859000,Apartment,Semi Urban,0,Rejected
HL101274,37,Salaried,Permanent,44400,5.2,5300,4932000,20,6234000,1302000,Independent House,Semi Urban,2,Rejected
HL101275,65,Government Employee,Permanent,57700,13.4,6700,5088000,10,6375000,1287000,Apartment,Urban,2,Approved
HL101276,28,Salaried,Permanent,59400,4.0,3800,3392000,15,5114000,1722000,Independent House,Urban,4,Approved
HL101277,40,Salaried,Permanent,71100,8.1,1500,7532000,20,8654000,1122000,Builder Floor,Semi Urban,3,Approved
HL101278,44,Business Owner,Business,51300,4.8,0,2507000,5,3188000,681000,Apartment,Rural,2,Approved
HL101279,38,Private Employee,Permanent,74600,8.6,4400,8612000,15,11520000,2908000,Independent House,Urban,0,Rejected
HL101280,39,Government Employee,Permanent,34200,18.0,5700,4139000,15,5361000,1222000,Apartment,Urban,2,Rejected
HL101281,29,Government Employee,Permanent,39800,5.0,1700,4384000,20,5523000,1139000,Independent House,Urban,0,Approved
HL101282,39,Private Employee,Permanent,42700,3.1,0,2731000,5,3635000,904000,Plot,Semi Urban,2,Approved
HL101283,43,Private Employee,Permanent,33400,15.3,1600,3965000,20,5716000,1751000,Apartment,Urban,3,Approved
HL101284,41,Professional,Permanent,98400,7.3,8800,9193000,10,13990000,4797000,Independent House,Urban,0,Approved
HL101285,43,Professional,Permanent,40300,22.0,3700,3645000,20,4689000,1044000,Apartment,Semi Urban,3,Rejected
HL101286,51,Government Employee,Permanent,37600,19.8,4100,4426000,15,5236000,810000,Plot,Urban,2,Approved
HL101287,46,Government Employee,Permanent,90500,7.0,18300,5299000,15,8062000,2763000,Villa,Urban,0,Approved
HL101288,39,Private Employee,Permanent,41900,13.2,9200,5703000,20,6584000,881000,Villa,Urban,3,Rejected
HL101289,27,Private Employee,Permanent,49800,3.2,14000,2752000,20,4322000,1570000,Apartment,Urban,2,Approved
HL101290,33,Private Employee,Permanent,34400,12.0,0,3247000,5,4828000,1581000,Independent House,Urban,1,Approved
HL101291,36,Private Employee,Permanent,78800,4.6,4100,5104000,20,7724000,2620000,Villa,Urban,2,Approved
HL101292,40,Private Employee,Permanent,79300,12.5,13900,5865000,25,8088000,2223000,Villa,Urban,0,Approved
HL101293,34,Government Employee,Permanent,71800,1.4,6000,7130000,15,7513000,383000,Independent House,Urban,0,Rejected
HL101294,30,Government Employee,Permanent,65600,4.4,12400,3431000,20,3975000,544000,Builder Floor,Rural,2,Rejected
HL101295,27,Government Employee,Permanent,53200,1.0,7300,5133000,15,6795000,1662000,Apartment,Rural,3,Approved
HL101296,23,Salaried,Permanent,42800,1.0,10500,5845000,25,7008000,1163000,Apartment,Urban,2,Rejected
HL101297,36,Salaried,Permanent,37500,9.1,7600,2199000,15,2731000,532000,Builder Floor,Semi Urban,3,Rejected
HL101298,25,Self Employed,Self Employed,96800,2.6,19800,6113000,30,8363000,2250000,Apartment,Urban,3,Rejected
HL101299,29,Government Employee,Permanent,72600,2.4,6300,8092000,20,10197000,2105000,Builder Floor,Semi Urban,0,Approved
HL101300,34,Salaried,Contract,39700,6.5,4500,2091000,20,2383000,292000,Independent House,Rural,2,Approved
HL101301,26,Private Employee,Permanent,55200,4.8,5300,4392000,15,6194000,1802000,Builder Floor,Semi Urban,2,Approved
HL101302,41,Self Employed,Self Employed,47300,20.0,0,2784000,20,3768000,984000,Independent House,Semi Urban,1,Approved
HL101303,45,Salaried,Contract,32600,12.3,7800,3696000,10,4621000,925000,Plot,Urban,1,Rejected
HL101304,33,Business Owner,Business,73400,11.8,13200,9757000,15,13493000,3736000,Plot,Urban,2,Approved
HL101305,34,Professional,Permanent,51700,2.9,4800,3925000,15,5082000,1157000,Independent House,Urban,4,Approved
HL101306,43,Private Employee,Permanent,35300,7.5,7900,4268000,20,6337000,2069000,Apartment,Urban,4,Rejected
HL101307,32,Self Employed,Self Employed,27800,6.1,1900,3157000,25,4111000,954000,Apartment,Semi Urban,1,Rejected
HL101308,31,Salaried,Permanent,26800,4.3,0,3298000,30,4892000,1594000,Apartment,Urban,3,Rejected
HL101309,49,Professional,Permanent,52700,11.1,10600,7831000,15,8421000,590000,Builder Floor,Urban,1,Rejected
HL101310,46,Government Employee,Permanent,49500,22.9,900,5413000,25,7283000,1870000,Apartment,Semi Urban,3,Rejected
HL101311,43,Professional,Contract,42000,4.3,4400,4212000,25,5188000,976000,Plot,Semi Urban,2,Rejected
HL101312,46,Private Employee,Permanent,72600,5.3,9900,9123000,25,10749000,1626000,Independent House,Semi Urban,4,Approved
HL101313,22,Salaried,Permanent,52600,0.1,7900,3327000,25,4841000,1514000,Apartment,Urban,4,Rejected
HL101314,50,Salaried,Permanent,70200,16.5,13200,6805000,15,9600000,2795000,Builder Floor,Semi Urban,1,Approved
HL101315,42,Self Employed,Self Employed,49900,7.6,8300,6832000,25,7264000,432000,Apartment,Urban,4,Rejected
HL101316,47,Private Employee,Permanent,38000,22.3,6200,2071000,20,2865000,794000,Independent House,Semi Urban,2,Approved
HL101317,41,Salaried,Permanent,57000,10.7,3200,4621000,25,6309000,1688000,Independent House,Urban,1,Approved
HL101318,38,Self Employed,Self Employed,30700,5.1,4400,2646000,15,3158000,512000,Apartment,Urban,0,Rejected
HL101319,36,Business Owner,Business,86300,3.9,0,6614000,10,7810000,1196000,Apartment,Rural,2,Rejected
HL101320,41,Private Employee,Permanent,35500,0.7,8700,3254000,15,3587000,333000,Villa,Urban,1,Approved
HL101321,35,Private Employee,Permanent,81900,5.7,600,7201000,20,8923000,1722000,Apartment,Urban,1,Approved
HL101322,46,Salaried,Permanent,46500,4.3,4300,4104000,15,5168000,1064000,Plot,Urban,2,Rejected
HL101323,24,Self Employed,Self Employed,87400,2.8,1300,6597000,25,9211000,2614000,Villa,Rural,0,Approved
HL101324,33,Government Employee,Permanent,31100,4.2,1900,1647000,5,2171000,524000,Apartment,Rural,1,Approved
HL101325,56,Business Owner,Business,49900,4.3,6000,4551000,10,5262000,711000,Apartment,Urban,3,Rejected
HL101326,32,Government Employee,Permanent,61100,11.0,4700,4581000,15,6021000,1440000,Apartment,Semi Urban,0,Approved
HL101327,36,Private Employee,Contract,91700,6.2,19400,9319000,10,11644000,2325000,Plot,Urban,2,Approved
HL101328,30,Salaried,Permanent,114700,6.3,15800,7199000,15,8422000,1223000,Independent House,Semi Urban,0,Approved
HL101329,41,Salaried,Permanent,55200,6.0,4600,9209000,25,10152000,943000,Apartment,Urban,3,Rejected
HL101330,31,Self Employed,Self Employed,123900,10.0,13500,10093000,30,13826000,3733000,Independent House,Urban,1,Approved
HL101331,36,Private Employee,Permanent,47600,3.5,10400,3396000,15,4563000,1167000,Independent House,Semi Urban,3,Approved
HL101332,46,Private Employee,Permanent,88800,9.1,17100,6658000,15,9053000,2395000,Villa,Rural,2,Approved
HL101333,32,Professional,Permanent,40800,0.9,1200,5776000,25,6891000,1115000,Apartment,Urban,3,Approved
HL101334,45,Professional,Permanent,75300,24.0,4900,7373000,15,9622000,2249000,Apartment,Urban,2,Approved
HL101335,45,Business Owner,Business,23600,6.5,3700,1649000,25,1853000,204000,Apartment,Rural,2,Rejected
HL101336,47,Salaried,Permanent,32700,15.0,4800,3906000,20,4548000,642000,Villa,Urban,0,Rejected
HL101337,39,Private Employee,Contract,66800,11.4,2400,6775000,25,8716000,1941000,Villa,Urban,2,Approved
HL101338,65,Business Owner,Business,37500,41.7,6700,3538000,5,4661000,1123000,Apartment,Urban,2,Approved
HL101339,47,Government Employee,Permanent,62400,14.2,3000,10357000,30,11378000,1021000,Apartment,Urban,2,Rejected
HL101340,41,Salaried,Permanent,81500,8.7,18300,12936000,30,14962000,2026000,Villa,Urban,0,Approved
HL101341,30,Business Owner,Business,54000,8.0,8800,6060000,5,7488000,1428000,Apartment,Urban,2,Approved
HL101342,37,Private Employee,Permanent,35000,10.0,1000,2155000,20,3064000,909000,Independent House,Urban,1,Approved
HL101343,51,Private Employee,Permanent,43800,11.6,3400,5151000,15,6096000,945000,Independent House,Urban,2,Rejected
HL101344,53,Professional,Permanent,40300,32.0,3100,4825000,15,6276000,1451000,Apartment,Semi Urban,2,Approved
HL101345,51,Private Employee,Permanent,51800,19.9,6900,6944000,30,9133000,2189000,Independent House,Urban,1,Approved
HL101346,45,Private Employee,Permanent,56700,3.8,5900,4055000,10,5069000,1014000,Apartment,Semi Urban,2,Approved
HL101347,27,Government Employee,Permanent,44800,6.0,1300,3404000,15,4488000,1084000,Independent House,Urban,1,Approved
HL101348,42,Government Employee,Permanent,109300,6.2,900,9338000,5,10521000,1183000,Apartment,Urban,2,Approved
HL101349,27,Salaried,Permanent,39200,5.7,6400,5396000,20,6482000,1086000,Independent House,Urban,3,Rejected
HL101350,25,Self Employed,Self Employed,101300,0.5,14500,8843000,25,13293000,4450000,Independent House,Urban,1,Rejected
HL101351,40,Business Owner,Business,42400,16.7,5400,2809000,20,4258000,1449000,Apartment,Semi Urban,1,Approved
HL101352,43,Government Employee,Permanent,53200,3.7,7500,4326000,20,6071000,1745000,Independent House,Urban,2,Rejected
HL101353,46,Government Employee,Permanent,87600,13.4,6200,5745000,10,8303000,2558000,Plot,Semi Urban,2,Rejected
HL101354,42,Business Owner,Business,112700,13.6,15200,13257000,25,14315000,1058000,Builder Floor,Rural,0,Approved
HL101355,43,Salaried,Permanent,44800,8.6,14500,4713000,15,5506000,793000,Apartment,Urban,1,Rejected
HL101356,29,Private Employee,Permanent,69500,3.8,14900,4373000,20,5433000,1060000,Apartment,Rural,1,Approved
HL101357,37,Private Employee,Permanent,65500,3.2,6300,5920000,20,10089000,4169000,Apartment,Urban,2,Approved
HL101358,24,Self Employed,Self Employed,42500,2.5,3300,5004000,30,6216000,1212000,Builder Floor,Urban,0,Approved
HL101359,22,Salaried,Permanent,71500,0.6,0,7961000,25,11050000,3089000,Independent House,Urban,2,Rejected
HL101360,45,Self Employed,Self Employed,125300,5.6,25700,13525000,20,18040000,4515000,Apartment,Semi Urban,2,Approved
HL101361,31,Government Employee,Permanent,63600,5.7,11600,3781000,15,5031000,1250000,Plot,Semi Urban,3,Rejected
HL101362,46,Private Employee,Permanent,69900,14.6,5300,3260000,5,4170000,910000,Apartment,Rural,4,Approved
HL101363,48,Salaried,Permanent,73300,13.2,400,4787000,20,5465000,678000,Independent House,Semi Urban,1,Approved
HL101364,32,Private Employee,Permanent,28100,0.4,800,4102000,20,4318000,216000,Independent House,Urban,2,Rejected
HL101365,43,Private Employee,Permanent,66600,7.7,10400,5910000,25,8724000,2814000,Villa,Rural,2,Approved
HL101366,32,Salaried,Permanent,34300,8.9,3900,2413000,20,2910000,497000,Plot,Rural,3,Rejected
HL101367,22,Salaried,Permanent,41500,0.7,7300,5412000,15,5823000,411000,Apartment,Semi Urban,2,Rejected
HL101368,39,Salaried,Permanent,143300,11.9,18200,14478000,15,19435000,4957000,Villa,Semi Urban,0,Approved
HL101369,34,Government Employee,Permanent,45900,7.2,9100,5414000,10,7253000,1839000,Independent House,Semi Urban,4,Rejected
HL101370,34,Salaried,Contract,38800,11.4,5800,3603000,25,5014000,1411000,Apartment,Urban,0,Rejected
HL101371,56,Professional,Permanent,104700,10.3,19500,5222000,30,7560000,2338000,Builder Floor,Rural,4,Approved
HL101372,24,Government Employee,Permanent,33600,0.7,0,3385000,20,3966000,581000,Plot,Rural,1,Approved
HL101373,41,Business Owner,Business,55400,20.0,1200,6767000,20,7961000,1194000,Builder Floor,Semi Urban,2,Approved
HL101374,29,Professional,Permanent,109300,2.2,9900,13532000,20,16800000,3268000,Plot,Urban,4,Rejected
HL101375,46,Salaried,Permanent,55200,3.8,11400,6696000,10,9375000,2679000,Apartment,Urban,2,Rejected
HL101376,41,Private Employee,Permanent,26800,7.7,7200,2234000,10,2356000,122000,Independent House,Rural,2,Rejected
HL101377,41,Business Owner,Business,86500,10.0,9200,7478000,15,9715000,2237000,Apartment,Rural,1,Approved
HL101378,29,Private Employee,Permanent,45300,7.0,3200,2996000,30,4247000,1251000,Apartment,Semi Urban,1,Approved
HL101379,31,Private Employee,Contract,108300,3.5,0,7189000,5,10143000,2954000,Independent House,Rural,0,Approved
HL101380,46,Private Employee,Permanent,41200,8.7,7800,3147000,20,4351000,1204000,Apartment,Urban,2,Approved
HL101381,54,Salaried,Contract,86900,15.5,6600,4307000,15,6198000,1891000,Apartment,Rural,1,Approved
HL101382,42,Private Employee,Contract,120500,6.4,43000,9642000,20,10149000,507000,Plot,Urban,1,Rejected
HL101383,30,Professional,Permanent,42500,1.1,2600,4150000,15,6375000,2225000,Apartment,Urban,1,Approved
HL101384,41,Professional,Permanent,57100,3.3,16500,7362000,30,9769000,2407000,Independent House,Urban,4,Approved
HL101385,60,Salaried,Permanent,64500,39.0,11600,4909000,15,7291000,2382000,Plot,Urban,3,Approved
HL101386,39,Self Employed,Self Employed,36800,13.6,1400,4018000,30,4597000,579000,Independent House,Urban,1,Rejected
HL101387,51,Government Employee,Permanent,58100,13.7,8100,3760000,20,4086000,326000,Apartment,Semi Urban,4,Rejected
HL101388,31,Professional,Permanent,56300,6.7,10200,4420000,15,6938000,2518000,Independent House,Urban,1,Approved
HL101389,38,Salaried,Permanent,48500,13.1,4900,3949000,25,4623000,674000,Plot,Semi Urban,1,Rejected
HL101390,44,Professional,Permanent,63700,6.5,11900,7175000,20,8914000,1739000,Builder Floor,Urban,1,Rejected
HL101391,42,Business Owner,Business,69900,4.2,13000,7827000,10,10608000,2781000,Apartment,Semi Urban,3,Rejected
HL101392,31,Salaried,Contract,58300,9.7,9800,5564000,25,7747000,2183000,Apartment,Urban,1,Approved
HL101393,31,Salaried,Permanent,41400,0.5,4900,3757000,20,5415000,1658000,Independent House,Semi Urban,1,Approved
HL101394,47,Business Owner,Business,52700,17.7,1400,5362000,20,7035000,1673000,Apartment,Semi Urban,4,Rejected
HL101395,49,Salaried,Contract,51400,14.9,5900,4278000,25,4949000,671000,Plot,Urban,2,Approved
HL101396,52,Private Employee,Permanent,53100,28.1,7100,4470000,20,6179000,1709000,Villa,Urban,2,Approved
HL101397,54,Professional,Permanent,51100,23.0,0,3403000,15,4712000,1309000,Plot,Urban,2,Approved
HL101398,39,Private Employee,Permanent,62700,12.1,8400,7317000,15,7908000,591000,Builder Floor,Urban,2,Rejected
HL101399,35,Government Employee,Permanent,22700,3.0,2500,2607000,15,3912000,1305000,Independent House,Urban,0,Approved
HL101400,50,Private Employee,Permanent,39000,23.0,600,4827000,20,5081000,254000,Builder Floor,Urban,2,Approved
HL101401,44,Salaried,Contract,47800,14.3,4500,3701000,15,5308000,1607000,Villa,Semi Urban,1,Approved
HL101402,29,Professional,Permanent,42400,1.9,4000,3599000,10,4332000,733000,Apartment,Urban,0,Rejected
HL101403,29,Government Employee,Permanent,107100,4.3,29400,8726000,25,12060000,3334000,Plot,Urban,4,Approved
HL101404,42,Salaried,Contract,54600,3.7,7500,7161000,15,9688000,2527000,Villa,Urban,0,Rejected
HL101405,36,Government Employee,Permanent,55700,6.2,11300,4879000,10,6231000,1352000,Builder Floor,Urban,0,Approved
HL101406,38,Professional,Permanent,50100,17.0,5500,5822000,25,7826000,2004000,Apartment,Urban,1,Approved
HL101407,48,Salaried,Permanent,53800,5.6,0,3124000,25,3970000,846000,Apartment,Semi Urban,3,Approved
HL101408,45,Business Owner,Business,39200,3.0,6800,2311000,25,3197000,886000,Plot,Semi Urban,4,Approved
HL101409,50,Self Employed,Self Employed,50200,4.8,3400,3425000,15,5659000,2234000,Apartment,Urban,0,Approved
HL101410,22,Business Owner,Business,44400,0.4,4100,6847000,20,7717000,870000,Villa,Urban,1,Rejected
HL101411,40,Professional,Permanent,55000,13.9,2000,5392000,30,5676000,284000,Independent House,Urban,2,Approved
HL101412,44,Business Owner,Business,21400,11.0,2700,2357000,15,2898000,541000,Apartment,Semi Urban,2,Rejected
HL101413,24,Professional,Permanent,37500,0.4,7700,3004000,10,3669000,665000,Apartment,Urban,1,Approved
HL101414,32,Salaried,Permanent,104700,8.0,20400,10617000,10,13104000,2487000,Plot,Semi Urban,1,Rejected
HL101415,30,Self Employed,Self Employed,78700,0.7,19400,8256000,25,9666000,1410000,Apartment,Semi Urban,2,Rejected
HL101416,38,Private Employee,Permanent,98100,2.7,25300,8777000,15,12358000,3581000,Plot,Semi Urban,0,Approved
HL101417,53,Private Employee,Permanent,101200,9.5,0,9925000,20,11145000,1220000,Plot,Urban,2,Approved
HL101418,56,Business Owner,Business,91700,33.1,2200,4905000,20,6593000,1688000,Villa,Rural,1,Approved
HL101419,31,Professional,Contract,50800,4.9,0,6378000,30,8750000,2372000,Independent House,Urban,3,Rejected
HL101420,43,Self Employed,Self Employed,34000,11.2,5800,3578000,15,4741000,1163000,Apartment,Urban,2,Rejected
HL101421,43,Private Employee,Permanent,90800,3.2,5900,5095000,20,6875000,1780000,Plot,Rural,2,Approved
HL101422,41,Private Employee,Permanent,55800,6.4,4500,4212000,30,5982000,1770000,Apartment,Semi Urban,2,Approved
HL101423,42,Government Employee,Permanent,158100,18.0,16200,10724000,15,13825000,3101000,Apartment,Urban,0,Approved
HL101424,41,Government Employee,Permanent,43700,11.9,6600,4578000,20,5668000,1090000,Builder Floor,Urban,1,Rejected
HL101425,53,Government Employee,Permanent,125100,23.8,100,11531000,10,15559000,4028000,Apartment,Urban,2,Approved
HL101426,48,Salaried,Permanent,50500,12.3,1000,3029000,15,4138000,1109000,Apartment,Semi Urban,2,Approved
HL101427,28,Salaried,Contract,98800,6.0,11900,8858000,10,12497000,3639000,Builder Floor,Urban,3,Approved
HL101428,45,Self Employed,Self Employed,116300,3.4,25100,15644000,15,17060000,1416000,Apartment,Urban,1,Rejected
HL101429,46,Private Employee,Contract,34200,10.0,4000,4800000,15,6040000,1240000,Apartment,Urban,3,Approved
HL101430,41,Professional,Permanent,50100,13.2,2800,4911000,25,5676000,765000,Independent House,Rural,1,Rejected
HL101431,48,Private Employee,Permanent,34000,2.8,0,2879000,20,3917000,1038000,Plot,Semi Urban,0,Approved
HL101432,40,Salaried,Contract,31100,0.5,6100,3596000,15,4982000,1386000,Builder Floor,Urban,1,Rejected
HL101433,40,Salaried,Permanent,73100,19.0,4500,4744000,20,5915000,1171000,Plot,Rural,3,Approved
HL101434,39,Salaried,Permanent,49600,9.0,1400,6226000,30,7426000,1200000,Builder Floor,Urban,2,Approved
HL101435,22,Professional,Permanent,63800,0.1,0,3291000,15,4495000,1204000,Apartment,Semi Urban,2,Approved
HL101436,37,Salaried,Permanent,69600,7.8,300,4211000,10,5326000,1115000,Independent House,Semi Urban,2,Approved
HL101437,32,Private Employee,Permanent,23500,1.7,1000,2271000,10,3410000,1139000,Apartment,Urban,0,Rejected
HL101438,27,Professional,Permanent,111200,1.3,11200,6197000,25,9711000,3514000,Builder Floor,Semi Urban,0,Approved
HL101439,51,Professional,Permanent,53200,29.0,1200,4177000,25,5968000,1791000,Builder Floor,Rural,0,Rejected
HL101440,43,Salaried,Permanent,68800,6.6,9300,7669000,20,10073000,2404000,Apartment,Urban,0,Approved
HL101441,38,Salaried,Permanent,71600,5.1,7200,3953000,10,6236000,2283000,Plot,Urban,1,Approved
HL101442,33,Salaried,Permanent,100400,1.9,29900,8045000,20,10575000,2530000,Villa,Semi Urban,1,Approved
HL101443,41,Salaried,Permanent,51700,7.1,0,6090000,20,7442000,1352000,Apartment,Urban,3,Rejected
HL101444,47,Salaried,Contract,20800,13.6,2800,2677000,15,3210000,533000,Independent House,Urban,3,Rejected
HL101445,31,Private Employee,Permanent,55600,3.0,7400,7670000,10,9172000,1502000,Builder Floor,Urban,3,Approved
HL101446,38,Professional,Permanent,68200,17.0,2600,5309000,15,6802000,1493000,Apartment,Semi Urban,0,Approved
HL101447,46,Private Employee,Permanent,34000,4.8,4300,3670000,20,4940000,1270000,Apartment,Semi Urban,2,Approved
HL101448,22,Private Employee,Permanent,57900,0.2,10500,4479000,30,5014000,535000,Builder Floor,Rural,0,Approved
HL101449,37,Salaried,Contract,46100,5.5,5900,3055000,10,3744000,689000,Independent House,Urban,1,Approved
HL101450,34,Business Owner,Business,37000,13.0,8500,2997000,30,3928000,931000,Independent House,Rural,2,Rejected
HL101451,37,Private Employee,Permanent,73300,12.0,0,5634000,20,7734000,2100000,Villa,Urban,1,Approved
HL101452,33,Business Owner,Business,52500,3.5,2800,3334000,20,4263000,929000,Independent House,Semi Urban,2,Approved
HL101453,39,Professional,Permanent,51900,5.3,12400,3681000,25,4840000,1159000,Apartment,Semi Urban,3,Rejected
HL101454,55,Government Employee,Permanent,41800,6.3,8100,6107000,20,6947000,840000,Apartment,Urban,0,Rejected
HL101455,35,Salaried,Permanent,94500,4.7,15400,12273000,10,14389000,2116000,Plot,Semi Urban,4,Rejected
HL101456,41,Salaried,Contract,53200,7.8,11600,7517000,15,9578000,2061000,Independent House,Urban,0,Rejected
HL101457,56,Private Employee,Contract,56100,25.5,0,4637000,25,6274000,1637000,Villa,Urban,4,Approved
HL101458,33,Professional,Permanent,51100,7.5,9400,4321000,20,5674000,1353000,Builder Floor,Semi Urban,2,Rejected
HL101459,54,Government Employee,Permanent,63400,10.8,13000,8793000,15,10370000,1577000,Apartment,Urban,0,Rejected
HL101460,38,Self Employed,Self Employed,99400,17.0,6700,7831000,20,9802000,1971000,Builder Floor,Semi Urban,1,Approved
HL101461,54,Private Employee,Permanent,72500,8.6,23900,5751000,15,8726000,2975000,Plot,Urban,1,Approved
HL101462,45,Salaried,Permanent,73800,2.9,10000,5710000,15,7753000,2043000,Builder Floor,Urban,3,Approved
HL101463,41,Government Employee,Permanent,67600,10.8,0,6514000,25,8214000,1700000,Apartment,Semi Urban,1,Rejected
HL101464,37,Private Employee,Permanent,29100,14.7,4400,3731000,15,4328000,597000,Apartment,Urban,3,Rejected
HL101465,32,Self Employed,Self Employed,36500,4.9,2300,2562000,15,3061000,499000,Villa,Rural,1,Rejected
HL101466,39,Private Employee,Permanent,49400,2.7,10500,2363000,15,3031000,668000,Builder Floor,Rural,4,Rejected
HL101467,46,Salaried,Permanent,39100,12.7,6400,4643000,30,6126000,1483000,Builder Floor,Urban,1,Approved
HL101468,38,Self Employed,Self Employed,33600,9.4,2400,3563000,10,4849000,1286000,Independent House,Urban,2,Approved
HL101469,35,Salaried,Contract,23300,8.4,5600,1801000,10,2404000,603000,Independent House,Urban,3,Rejected
HL101470,36,Professional,Permanent,34000,7.7,6600,2707000,15,3343000,636000,Apartment,Semi Urban,1,Rejected
HL101471,47,Salaried,Permanent,48300,26.0,2600,7120000,10,8673000,1553000,Villa,Urban,0,Rejected
HL101472,49,Salaried,Permanent,52500,5.1,5700,3485000,10,5655000,2170000,Plot,Rural,2,Approved
HL101473,32,Private Employee,Permanent,37900,0.1,6100,3283000,5,3982000,699000,Plot,Rural,2,Approved
HL101474,32,Private Employee,Permanent,56100,0.8,5100,7270000,10,8230000,960000,Apartment,Urban,3,Rejected
HL101475,41,Private Employee,Permanent,44600,2.9,4200,6335000,20,6953000,618000,Builder Floor,Semi Urban,1,Rejected
HL101476,52,Private Employee,Contract,88500,25.3,10900,8274000,10,10237000,1963000,Apartment,Urban,3,Approved
HL101477,48,Professional,Contract,57900,9.6,2000,4471000,15,6344000,1873000,Independent House,Urban,3,Approved
HL101478,27,Private Employee,Contract,74100,6.0,0,7314000,25,8854000,1540000,Independent House,Urban,2,Approved
HL101479,36,Private Employee,Permanent,59400,2.5,8300,5586000,5,8440000,2854000,Independent House,Semi Urban,0,Approved
HL101480,30,Private Employee,Permanent,28800,9.0,0,2091000,15,2679000,588000,Plot,Urban,0,Approved
HL101481,36,Salaried,Permanent,52000,3.3,2100,2708000,30,3917000,1209000,Independent House,Rural,4,Approved
HL101482,52,Private Employee,Contract,31100,12.1,0,2722000,20,3238000,516000,Apartment,Urban,2,Rejected
HL101483,25,Salaried,Permanent,51600,0.4,0,5512000,20,6567000,1055000,Apartment,Semi Urban,2,Approved
HL101484,23,Private Employee,Permanent,38700,2.0,6000,3247000,20,4202000,955000,Independent House,Rural,3,Rejected
HL101485,31,Salaried,Permanent,64300,4.3,6600,4933000,30,6653000,1720000,Villa,Semi Urban,0,Rejected
HL101486,41,Professional,Permanent,34100,20.0,3400,2955000,10,3720000,765000,Independent House,Urban,2,Approved
HL101487,44,Private Employee,Permanent,54500,21.8,800,6540000,10,8644000,2104000,Apartment,Urban,2,Approved
HL101488,42,Business Owner,Business,87600,8.1,5900,5379000,25,7339000,1960000,Apartment,Urban,3,Approved
HL101489,49,Private Employee,Permanent,81500,7.0,12200,11431000,5,12792000,1361000,Plot,Urban,2,Rejected
HL101490,22,Salaried,Permanent,38400,0.8,4400,2344000,20,2903000,559000,Independent House,Rural,2,Approved
HL101491,49,Business Owner,Business,68300,13.1,12700,9759000,5,11880000,2121000,Independent House,Urban,0,Rejected
HL101492,35,Private Employee,Contract,58900,3.3,11600,5938000,15,7263000,1325000,Independent House,Urban,3,Rejected
HL101493,45,Self Employed,Self Employed,108700,11.8,10900,10384000,20,13893000,3509000,Apartment,Semi Urban,2,Approved
HL101494,26,Private Employee,Permanent,27800,0.3,0,2122000,20,2586000,464000,Apartment,Urban,1,Approved
HL101495,38,Private Employee,Contract,36000,10.3,2100,2672000,20,2841000,169000,Apartment,Rural,4,Rejected
HL101496,40,Business Owner,Business,239200,13.1,26800,19973000,10,25000000,5027000,Villa,Urban,1,Approved
HL101497,48,Private Employee,Permanent,47900,4.4,2800,5696000,15,6584000,888000,Apartment,Urban,1,Approved
HL101498,24,Government Employee,Permanent,22000,3.0,800,2270000,25,3066000,796000,Apartment,Semi Urban,4,Rejected
HL101499,38,Self Employed,Self Employed,41700,15.0,5200,4142000,5,5788000,1646000,Builder Floor,Urban,2,Approved
HL101500,28,Self Employed,Self Employed,18000,4.0,5700,1762000,20,1855000,93000,Apartment,Rural,3,Rejected
HL101501,43,Professional,Permanent,69400,4.5,5600,9894000,20,11751000,1857000,Independent House,Urban,3,Rejected
HL101502,45,Government Employee,Permanent,74100,17.2,8900,6932000,15,9222000,2290000,Apartment,Urban,2,Approved
HL101503,50,Private Employee,Permanent,35900,9.8,500,5549000,15,6216000,667000,Apartment,Urban,1,Rejected
HL101504,33,Business Owner,Business,54800,6.3,12000,4680000,25,6523000,1843000,Apartment,Urban,3,Approved
HL101505,46,Private Employee,Permanent,82100,19.1,15600,5690000,15,8175000,2485000,Builder Floor,Semi Urban,2,Approved
HL101506,50,Self Employed,Self Employed,24600,3.6,4500,3144000,10,3965000,821000,Independent House,Urban,2,Rejected
HL101507,23,Private Employee,Contract,29900,0.2,6800,1788000,30,2124000,336000,Villa,Semi Urban,2,Rejected
HL101508,44,Salaried,Permanent,48900,7.2,4200,3376000,10,3554000,178000,Builder Floor,Rural,0,Approved
HL101509,47,Self Employed,Self Employed,38600,26.0,3700,2426000,25,3394000,968000,Apartment,Urban,0,Approved
HL101510,36,Salaried,Contract,47500,15.0,12200,3418000,5,5514000,2096000,Villa,Semi Urban,2,Approved
HL101511,27,Salaried,Permanent,30700,3.6,5200,2843000,15,4467000,1624000,Apartment,Urban,3,Approved
HL101512,46,Private Employee,Contract,59700,22.4,0,3369000,20,4235000,866000,Independent House,Semi Urban,1,Approved
HL101513,27,Self Employed,Self Employed,50700,2.7,7900,4275000,5,4929000,654000,Plot,Urban,0,Rejected
HL101514,36,Business Owner,Business,86700,7.4,6400,6011000,25,8430000,2419000,Apartment,Semi Urban,1,Rejected
HL101515,38,Salaried,Permanent,59300,6.6,11400,5198000,15,6579000,1381000,Builder Floor,Urban,2,Rejected
HL101516,44,Salaried,Permanent,59500,22.3,9100,3997000,20,5388000,1391000,Independent House,Urban,0,Approved
HL101517,32,Professional,Permanent,32500,11.0,0,2417000,25,3198000,781000,Apartment,Urban,2,Approved
HL101518,32,Salaried,Permanent,67600,5.3,9600,8782000,20,11368000,2586000,Apartment,Urban,2,Rejected
HL101519,39,Salaried,Permanent,46700,8.8,6400,3685000,20,5282000,1597000,Independent House,Rural,1,Approved
HL101520,47,Government Employee,Permanent,47800,10.6,7100,3691000,15,5313000,1622000,Independent House,Urban,2,Rejected
HL101521,59,Private Employee,Contract,86800,38.0,14400,5682000,5,6914000,1232000,Apartment,Rural,3,Approved
HL101522,24,Business Owner,Business,49000,2.5,11700,3715000,30,4351000,636000,Independent House,Urban,1,Rejected
HL101523,41,Self Employed,Self Employed,99500,4.0,15200,11023000,20,11603000,580000,Apartment,Urban,0,Rejected
HL101524,28,Self Employed,Self Employed,103800,7.0,12600,10203000,20,12632000,2429000,Builder Floor,Urban,0,Approved
HL101525,47,Salaried,Permanent,76000,0.9,16100,11477000,15,13230000,1753000,Apartment,Urban,2,Rejected
HL101526,30,Government Employee,Permanent,33100,9.0,9900,3382000,15,4531000,1149000,Independent House,Semi Urban,3,Rejected
HL101527,32,Private Employee,Permanent,20300,10.1,3900,2131000,5,2641000,510000,Plot,Urban,2,Approved
HL101528,33,Salaried,Contract,88000,5.8,12000,4904000,10,6144000,1240000,Villa,Rural,4,Approved
HL101529,37,Salaried,Permanent,57000,7.6,8800,6049000,15,8460000,2411000,Builder Floor,Urban,2,Approved
HL101530,41,Government Employee,Permanent,36800,8.4,5200,4884000,15,6527000,1643000,Builder Floor,Urban,1,Approved
HL101531,42,Salaried,Permanent,91900,4.4,11200,6425000,5,8140000,1715000,Apartment,Urban,1,Approved
HL101532,38,Private Employee,Permanent,36800,17.0,10800,3475000,20,5387000,1912000,Apartment,Semi Urban,2,Approved
HL101533,26,Self Employed,Self Employed,44800,2.3,2700,3202000,20,4442000,1240000,Villa,Urban,2,Approved
HL101534,45,Salaried,Permanent,68600,4.9,14600,6313000,15,7762000,1449000,Apartment,Rural,2,Rejected
HL101535,38,Private Employee,Permanent,32800,17.0,3600,2644000,25,3265000,621000,Villa,Urban,2,Approved
HL101536,48,Self Employed,Self Employed,51600,17.4,100,5275000,20,7358000,2083000,Apartment,Urban,1,Approved
HL101537,32,Self Employed,Self Employed,88400,7.4,9300,6171000,5,8079000,1908000,Builder Floor,Semi Urban,1,Approved
HL101538,24,Business Owner,Business,74500,3.0,5700,7694000,25,8847000,1153000,Villa,Semi Urban,2,Approved
HL101539,38,Private Employee,Permanent,95000,12.5,15800,8346000,20,11781000,3435000,Independent House,Semi Urban,2,Rejected
HL101540,50,Business Owner,Business,112800,8.2,14400,11076000,20,16302000,5226000,Independent House,Urban,3,Approved
HL101541,39,Salaried,Permanent,54400,13.2,2100,4902000,25,7151000,2249000,Builder Floor,Semi Urban,1,Rejected
HL101542,36,Government Employee,Permanent,18000,3.4,4300,1036000,10,1578000,542000,Plot,Urban,3,Rejected
HL101543,30,Salaried,Permanent,32900,2.9,6800,2291000,20,3728000,1437000,Plot,Rural,1,Approved
HL101544,54,Private Employee,Permanent,76400,19.2,18900,4731000,15,7373000,2642000,Plot,Urban,1,Approved
HL101545,29,Government Employee,Permanent,25600,7.1,3600,2523000,5,3352000,829000,Apartment,Semi Urban,3,Rejected
HL101546,31,Salaried,Permanent,46800,3.0,5500,3480000,15,4368000,888000,Apartment,Urban,4,Rejected
HL101547,43,Self Employed,Self Employed,63100,9.1,11100,6614000,15,7140000,526000,Apartment,Semi Urban,4,Rejected
HL101548,22,Government Employee,Permanent,99700,0.4,7400,6920000,5,8882000,1962000,Villa,Rural,0,Approved
HL101549,49,Salaried,Contract,41800,27.8,5500,4121000,20,5580000,1459000,Villa,Rural,1,Rejected
HL101550,44,Salaried,Contract,40600,10.9,4300,4596000,15,5919000,1323000,Apartment,Urban,2,Approved
HL101551,46,Private Employee,Permanent,52900,25.0,200,4414000,15,4741000,327000,Builder Floor,Urban,3,Approved
HL101552,43,Government Employee,Permanent,60300,7.2,7900,6444000,5,8025000,1581000,Apartment,Semi Urban,2,Approved
HL101553,37,Government Employee,Permanent,48000,4.9,4100,3058000,15,4199000,1141000,Plot,Semi Urban,0,Approved
HL101554,28,Salaried,Permanent,86900,7.0,8700,7173000,20,8321000,1148000,Independent House,Semi Urban,2,Approved
HL101555,37,Self Employed,Self Employed,37800,11.1,5600,3468000,20,4523000,1055000,Independent House,Urban,0,Rejected
HL101556,29,Professional,Permanent,65800,8.0,14600,7889000,25,10583000,2694000,Apartment,Urban,1,Approved
HL101557,42,Private Employee,Contract,66200,21.0,3400,8147000,30,11798000,3651000,Plot,Urban,2,Approved
HL101558,45,Private Employee,Permanent,45200,3.8,4200,4452000,5,6924000,2472000,Plot,Semi Urban,0,Approved
HL101559,51,Business Owner,Business,98800,14.0,5800,7858000,15,9699000,1841000,Apartment,Urban,2,Approved
HL101560,41,Professional,Permanent,66600,11.6,3600,4422000,25,5778000,1356000,Independent House,Urban,2,Approved
HL101561,46,Private Employee,Permanent,77300,13.8,5600,8524000,20,11175000,2651000,Independent House,Semi Urban,1,Approved
HL101562,35,Business Owner,Business,73900,5.8,7700,5936000,30,8153000,2217000,Apartment,Urban,1,Approved
HL101563,34,Professional,Permanent,73800,7.1,12300,5662000,25,7682000,2020000,Independent House,Rural,3,Rejected
HL101564,42,Self Employed,Self Employed,40800,11.9,5900,4940000,25,7417000,2477000,Independent House,Urban,2,Approved
HL101565,35,Private Employee,Contract,40800,4.2,1400,3868000,10,4072000,204000,Builder Floor,Urban,3,Approved
HL101566,40,Salaried,Contract,94000,18.3,21000,8372000,15,11214000,2842000,Villa,Urban,1,Approved
HL101567,28,Salaried,Permanent,72100,7.0,14100,9098000,20,12278000,3180000,Apartment,Urban,2,Approved
HL101568,30,Private Employee,Contract,34200,7.0,1600,3511000,20,4395000,884000,Plot,Semi Urban,4,Approved
HL101569,44,Private Employee,Permanent,58800,14.5,12800,9917000,25,10439000,522000,Apartment,Urban,0,Rejected
HL101570,46,Government Employee,Permanent,18000,11.1,2600,2061000,30,2626000,565000,Builder Floor,Urban,1,Rejected
HL101571,29,Private Employee,Permanent,41800,4.6,4500,3915000,15,4678000,763000,Independent House,Urban,3,Rejected
HL101572,44,Private Employee,Permanent,83500,14.3,12400,7681000,15,11895000,4214000,Apartment,Semi Urban,1,Approved
HL101573,33,Business Owner,Business,64000,2.5,7500,6640000,25,8853000,2213000,Plot,Semi Urban,1,Approved
HL101574,38,Salaried,Permanent,57100,15.9,9300,8533000,25,10114000,1581000,Apartment,Urban,4,Rejected
HL101575,51,Salaried,Permanent,18000,10.4,2400,2206000,25,2336000,130000,Builder Floor,Urban,0,Rejected
HL101576,45,Self Employed,Self Employed,45400,24.0,4200,4409000,20,6017000,1608000,Builder Floor,Urban,2,Approved
HL101577,45,Business Owner,Business,78900,12.8,0,5666000,30,7822000,2156000,Villa,Semi Urban,3,Approved
HL101578,55,Professional,Permanent,76800,32.1,12500,6632000,15,8319000,1687000,Independent House,Urban,3,Approved
HL101579,32,Business Owner,Business,104400,8.5,9400,14028000,10,19172000,5144000,Independent House,Urban,1,Approved
HL101580,29,Business Owner,Business,61600,1.3,11200,7860000,10,9730000,1870000,Independent House,Semi Urban,0,Approved
HL101581,32,Government Employee,Permanent,47800,11.0,7600,4493000,15,6468000,1975000,Apartment,Urban,3,Approved
HL101582,36,Government Employee,Permanent,28300,3.9,2600,3092000,25,4414000,1322000,Builder Floor,Semi Urban,3,Rejected
HL101583,22,Salaried,Permanent,49400,0.3,10000,5283000,20,5798000,515000,Apartment,Urban,1,Rejected
HL101584,36,Private Employee,Contract,30700,5.3,4200,3409000,20,3823000,414000,Apartment,Rural,1,Rejected
HL101585,33,Professional,Contract,27100,1.3,3600,2447000,15,3962000,1515000,Apartment,Urban,2,Approved
HL101586,45,Government Employee,Permanent,31600,13.2,3400,3449000,25,4889000,1440000,Builder Floor,Urban,0,Rejected
HL101587,41,Private Employee,Permanent,106800,19.7,27200,14568000,10,16536000,1968000,Builder Floor,Urban,3,Rejected
HL101588,33,Government Employee,Permanent,45600,12.0,2900,6042000,20,6672000,630000,Apartment,Urban,3,Rejected
HL101589,43,Salaried,Permanent,59800,9.2,5600,6697000,10,8773000,2076000,Apartment,Semi Urban,1,Approved
HL101590,45,Salaried,Contract,43000,11.3,900,4536000,20,5206000,670000,Plot,Urban,3,Approved
HL101591,31,Salaried,Permanent,24200,8.1,4300,3282000,15,4075000,793000,Independent House,Urban,3,Approved
HL101592,34,Professional,Contract,94900,5.5,7000,6435000,20,8210000,1775000,Builder Floor,Semi Urban,2,Approved
HL101593,22,Government Employee,Permanent,19400,1.0,1600,1545000,20,1963000,418000,Builder Floor,Urban,4,Approved
HL101594,28,Business Owner,Business,52800,3.2,4200,4902000,30,7105000,2203000,Plot,Semi Urban,1,Approved
HL101595,31,Self Employed,Self Employed,52900,2.3,6600,4606000,30,7274000,2668000,Apartment,Semi Urban,3,Approved
HL101596,39,Salaried,Contract,60100,10.1,1200,8552000,15,10451000,1899000,Villa,Urban,0,Approved
HL101597,29,Salaried,Contract,39100,1.0,0,3224000,10,3704000,480000,Builder Floor,Semi Urban,1,Rejected
HL101598,33,Business Owner,Business,29600,6.7,4600,1414000,10,1888000,474000,Apartment,Rural,2,Approved
HL101599,27,Salaried,Permanent,37800,3.8,0,2840000,10,4372000,1532000,Builder Floor,Semi Urban,0,Approved
HL101600,40,Professional,Permanent,44500,5.0,8400,6185000,15,7614000,1429000,Independent House,Urban,2,Approved
HL101601,42,Salaried,Permanent,38300,12.9,9400,4937000,25,6934000,1997000,Builder Floor,Urban,1,Rejected
HL101602,42,Self Employed,Self Employed,83800,8.2,9000,8880000,30,10485000,1605000,Villa,Rural,1,Rejected
HL101603,38,Business Owner,Business,39200,4.3,8800,3481000,15,4473000,992000,Apartment,Semi Urban,2,Rejected
HL101604,24,Salaried,Contract,62000,0.3,7300,9193000,25,10531000,1338000,Independent House,Urban,0,Approved
HL101605,32,Salaried,Permanent,58200,1.6,14400,4655000,25,5974000,1319000,Apartment,Urban,1,Approved
HL101606,34,Professional,Permanent,96000,13.0,8000,11586000,15,14679000,3093000,Apartment,Semi Urban,0,Approved
HL101607,34,Salaried,Permanent,51000,4.9,0,4514000,25,6172000,1658000,Builder Floor,Semi Urban,4,Rejected
HL101608,39,Private Employee,Permanent,77300,11.2,8800,4402000,30,6902000,2500000,Apartment,Rural,2,Rejected
HL101609,51,Private Employee,Permanent,50100,12.5,12900,4226000,30,5210000,984000,Builder Floor,Rural,2,Rejected
HL101610,45,Salaried,Permanent,65900,24.0,10700,10013000,25,10652000,639000,Apartment,Urban,2,Rejected
HL101611,29,Self Employed,Self Employed,27500,2.0,2200,2006000,15,2519000,513000,Villa,Semi Urban,2,Rejected
HL101612,44,Self Employed,Self Employed,18000,11.6,2600,1239000,15,1639000,400000,Builder Floor,Urban,1,Approved
HL101613,44,Government Employee,Permanent,61000,7.5,12100,7286000,30,9539000,2253000,Villa,Urban,0,Rejected
HL101614,31,Business Owner,Business,82200,9.4,9300,11667000,15,14720000,3053000,Builder Floor,Urban,2,Approved
HL101615,46,Salaried,Permanent,67100,15.4,22200,4800000,15,7262000,2462000,Builder Floor,Rural,1,Approved
HL101616,37,Salaried,Permanent,42800,7.8,3400,3136000,15,4077000,941000,Villa,Urban,3,Approved
HL101617,25,Private Employee,Permanent,105900,0.7,21200,12281000,20,15577000,3296000,Plot,Urban,1,Approved
HL101618,42,Professional,Permanent,50700,21.0,9200,3953000,10,4693000,740000,Apartment,Urban,2,Rejected
HL101619,40,Salaried,Contract,65500,8.1,4200,6742000,25,7330000,588000,Independent House,Urban,1,Rejected
HL101620,36,Salaried,Permanent,70800,3.3,6100,4470000,20,5931000,1461000,Apartment,Urban,2,Approved
HL101621,38,Private Employee,Permanent,117400,1.9,23600,11690000,15,15374000,3684000,Plot,Urban,4,Rejected
HL101622,32,Business Owner,Business,58700,1.6,7700,5775000,15,6678000,903000,Villa,Urban,1,Rejected
HL101623,43,Salaried,Contract,40400,10.7,5900,2868000,20,3660000,792000,Independent House,Urban,0,Rejected
HL101624,38,Government Employee,Permanent,26200,16.1,0,2029000,25,2563000,534000,Builder Floor,Semi Urban,2,Approved
HL101625,39,Self Employed,Self Employed,108900,10.6,18800,11595000,30,13970000,2375000,Apartment,Semi Urban,0,Approved
HL101626,41,Government Employee,Permanent,62200,2.4,8900,5037000,25,5972000,935000,Builder Floor,Semi Urban,0,Rejected
HL101627,28,Salaried,Permanent,66400,3.4,7600,4731000,15,6328000,1597000,Apartment,Urban,2,Approved
HL101628,30,Salaried,Permanent,220200,9.0,32800,19952000,25,25000000,5048000,Apartment,Urban,0,Approved
HL101629,22,Government Employee,Permanent,59600,0.4,5200,7813000,20,9444000,1631000,Villa,Urban,0,Rejected
HL101630,43,Private Employee,Permanent,30200,13.0,2200,3154000,20,3715000,561000,Apartment,Rural,1,Approved
HL101631,27,Business Owner,Business,62000,2.3,6200,6339000,20,8020000,1681000,Villa,Urban,1,Approved
HL101632,39,Private Employee,Permanent,34900,12.3,2900,3797000,15,5378000,1581000,Plot,Urban,3,Approved
HL101633,41,Self Employed,Self Employed,45300,5.0,13300,4262000,20,5583000,1321000,Plot,Rural,1,Rejected
HL101634,43,Professional,Permanent,52000,0.2,10000,4611000,20,5771000,1160000,Apartment,Rural,1,Approved
HL101635,27,Government Employee,Permanent,39500,1.0,1700,4030000,15,5335000,1305000,Apartment,Urban,2,Approved
HL101636,37,Government Employee,Permanent,27500,5.3,7800,1391000,25,2073000,682000,Apartment,Semi Urban,3,Approved
HL101637,53,Professional,Permanent,127600,14.4,10900,10446000,15,14102000,3656000,Independent House,Urban,1,Approved
HL101638,53,Salaried,Contract,62000,11.0,7600,5347000,20,7043000,1696000,Apartment,Urban,2,Approved
HL101639,47,Self Employed,Self Employed,48900,8.8,9400,4327000,25,5936000,1609000,Apartment,Urban,2,Rejected
HL101640,41,Self Employed,Self Employed,76200,19.1,0,7987000,5,10077000,2090000,Plot,Rural,1,Approved
HL101641,29,Salaried,Permanent,67000,1.6,6800,5236000,15,6842000,1606000,Builder Floor,Urban,0,Approved
HL101642,44,Private Employee,Contract,61300,11.2,4500,5962000,20,7279000,1317000,Plot,Semi Urban,2,Approved
HL101643,37,Salaried,Permanent,73700,2.1,10100,12199000,10,13494000,1295000,Apartment,Urban,1,Rejected
HL101644,43,Salaried,Permanent,57500,17.1,8600,5439000,15,7227000,1788000,Independent House,Semi Urban,1,Approved
HL101645,32,Private Employee,Permanent,73200,6.3,8300,4890000,25,6500000,1610000,Apartment,Semi Urban,2,Approved
HL101646,36,Government Employee,Permanent,72200,15.0,7900,9068000,5,11293000,2225000,Apartment,Semi Urban,0,Approved
HL101647,39,Self Employed,Self Employed,58300,3.5,12000,3464000,20,4969000,1505000,Independent House,Rural,1,Approved
HL101648,40,Professional,Permanent,56400,19.0,8100,3511000,5,4191000,680000,Builder Floor,Semi Urban,1,Rejected
HL101649,42,Business Owner,Business,134800,4.6,16600,13521000,10,14669000,1148000,Villa,Semi Urban,3,Rejected
HL101650,33,Salaried,Permanent,43700,4.4,5800,3850000,15,4606000,756000,Apartment,Urban,2,Rejected
HL101651,26,Salaried,Permanent,64600,0.8,17200,7127000,30,7890000,763000,Villa,Rural,1,Rejected
HL101652,53,Salaried,Permanent,65300,32.0,8700,5077000,20,6743000,1666000,Builder Floor,Urban,1,Approved
HL101653,60,Salaried,Permanent,41200,24.9,3200,5724000,15,6813000,1089000,Apartment,Urban,4,Approved
HL101654,42,Professional,Permanent,43300,13.5,0,2558000,15,3648000,1090000,Plot,Urban,2,Approved
HL101655,26,Government Employee,Permanent,43900,1.2,200,5452000,20,7756000,2304000,Apartment,Urban,2,Approved
HL101656,31,Salaried,Permanent,43400,0.4,3600,2735000,20,3203000,468000,Apartment,Semi Urban,0,Rejected
HL101657,43,Business Owner,Business,35100,7.8,3900,5266000,15,6235000,969000,Builder Floor,Urban,0,Rejected
HL101658,50,Government Employee,Permanent,38400,8.8,2900,2495000,10,3384000,889000,Apartment,Urban,1,Approved
HL101659,27,Salaried,Permanent,61100,0.5,9000,5412000,20,7714000,2302000,Plot,Rural,3,Approved
HL101660,37,Salaried,Permanent,95800,5.9,7100,11097000,20,11793000,696000,Apartment,Rural,3,Rejected
HL101661,40,Private Employee,Contract,69500,9.3,3300,7477000,25,9871000,2394000,Independent House,Urban,0,Approved
HL101662,46,Self Employed,Self Employed,18000,16.8,3000,1065000,20,1121000,56000,Villa,Rural,2,Rejected
HL101663,35,Salaried,Permanent,72300,0.7,16600,8624000,20,10468000,1844000,Builder Floor,Urban,3,Rejected
HL101664,24,Professional,Permanent,48500,0.5,1500,4852000,20,7006000,2154000,Plot,Urban,3,Approved
HL101665,44,Business Owner,Business,83000,5.6,11600,4570000,20,8476000,3906000,Villa,Rural,1,Approved
HL101666,48,Business Owner,Business,67300,26.5,0,6821000,20,8536000,1715000,Apartment,Semi Urban,1,Approved
HL101667,37,Salaried,Permanent,49700,15.5,100,6870000,15,7809000,939000,Apartment,Semi Urban,4,Rejected
HL101668,42,Salaried,Permanent,51700,12.9,3800,7791000,30,9489000,1698000,Villa,Urban,1,Approved
HL101669,34,Business Owner,Business,67000,4.8,14100,6975000,15,9003000,2028000,Independent House,Urban,1,Rejected
HL101670,30,Government Employee,Permanent,94200,9.0,5400,7067000,20,8478000,1411000,Apartment,Urban,1,Approved
HL101671,47,Private Employee,Permanent,53700,14.6,2900,3199000,20,3746000,547000,Builder Floor,Rural,2,Approved
HL101672,41,Self Employed,Self Employed,88300,19.7,10900,11147000,25,13691000,2544000,Apartment,Urban,0,Approved
HL101673,42,Salaried,Permanent,82700,13.3,10200,11272000,10,15062000,3790000,Apartment,Urban,2,Approved
HL101674,52,Self Employed,Self Employed,73100,2.9,4200,7288000,25,9184000,1896000,Builder Floor,Urban,4,Approved
HL101675,29,Professional,Contract,27900,0.3,7800,1870000,10,2199000,329000,Independent House,Semi Urban,2,Rejected
HL101676,33,Self Employed,Self Employed,89500,4.1,8800,8732000,10,10475000,1743000,Plot,Urban,4,Approved
HL101677,39,Private Employee,Permanent,44100,15.2,5700,3752000,25,4615000,863000,Apartment,Semi Urban,3,Approved
HL101678,33,Business Owner,Business,93500,3.6,8200,14766000,15,17171000,2405000,Independent House,Urban,3,Approved
HL101679,45,Private Employee,Permanent,35000,24.0,5400,4438000,20,5305000,867000,Villa,Urban,2,Approved
HL101680,36,Self Employed,Self Employed,31800,11.9,7000,2148000,20,2948000,800000,Apartment,Urban,3,Approved
HL101681,29,Business Owner,Business,164800,8.0,41700,15183000,30,19016000,3833000,Villa,Urban,2,Approved
HL101682,39,Self Employed,Self Employed,35200,6.2,2100,2409000,25,2618000,209000,Apartment,Semi Urban,1,Rejected
HL101683,40,Government Employee,Permanent,86200,3.9,17900,7748000,15,11100000,3352000,Apartment,Semi Urban,3,Approved
HL101684,46,Salaried,Permanent,57100,4.5,9400,6400000,25,8572000,2172000,Apartment,Urban,2,Approved
HL101685,42,Salaried,Permanent,44800,14.2,8900,3449000,15,3873000,424000,Apartment,Urban,3,Rejected
HL101686,42,Private Employee,Permanent,53100,2.1,6000,4952000,20,6119000,1167000,Apartment,Urban,1,Approved
HL101687,41,Private Employee,Contract,30200,2.2,3200,3275000,25,3883000,608000,Plot,Rural,1,Rejected
HL101688,36,Private Employee,Permanent,53800,4.3,10500,4793000,25,6604000,1811000,Independent House,Rural,2,Approved
HL101689,32,Government Employee,Permanent,31600,6.0,6200,3113000,20,3845000,732000,Apartment,Semi Urban,2,Approved
HL101690,41,Self Employed,Self Employed,45300,4.9,11100,4651000,25,5919000,1268000,Independent House,Urban,1,Approved
HL101691,35,Professional,Permanent,94500,13.6,12800,13770000,20,17318000,3548000,Apartment,Urban,3,Approved
HL101692,53,Salaried,Permanent,60700,32.0,6800,6257000,30,6965000,708000,Independent House,Rural,2,Approved
HL101693,50,Self Employed,Self Employed,27800,0.6,0,3324000,10,4979000,1655000,Builder Floor,Urban,0,Approved
HL101694,44,Self Employed,Self Employed,79500,14.8,0,4418000,15,6077000,1659000,Villa,Semi Urban,2,Approved
HL101695,41,Private Employee,Permanent,54000,6.0,4800,3434000,25,4089000,655000,Villa,Rural,0,Rejected
HL101696,37,Salaried,Permanent,42400,13.9,1400,2360000,15,3087000,727000,Apartment,Semi Urban,2,Rejected
HL101697,27,Self Employed,Self Employed,75800,4.0,14000,7882000,15,11227000,3345000,Apartment,Semi Urban,0,Approved
HL101698,36,Professional,Permanent,57800,7.9,900,6829000,25,8806000,1977000,Plot,Urban,1,Approved
HL101699,39,Self Employed,Self Employed,32100,7.6,2600,1538000,20,2346000,808000,Independent House,Rural,4,Rejected
HL101700,40,Professional,Contract,143100,2.1,11900,13664000,10,25000000,11336000,Villa,Urban,0,Approved
HL101701,42,Professional,Permanent,61800,21.0,13400,6476000,10,8196000,1720000,Builder Floor,Rural,2,Approved
HL101702,46,Government Employee,Permanent,49600,3.9,3500,4254000,15,5146000,892000,Apartment,Urban,2,Approved
HL101703,32,Private Employee,Permanent,45100,11.0,7000,4968000,15,5783000,815000,Plot,Semi Urban,0,Rejected
HL101704,32,Private Employee,Permanent,92100,8.2,12500,9678000,10,10187000,509000,Independent House,Rural,4,Rejected
HL101705,51,Professional,Permanent,49200,9.4,9500,2355000,25,3462000,1107000,Apartment,Semi Urban,1,Approved
HL101706,45,Salaried,Permanent,27000,6.6,5100,3312000,15,4098000,786000,Apartment,Urban,2,Rejected
HL101707,34,Government Employee,Permanent,37900,1.4,4400,2782000,25,3919000,1137000,Independent House,Urban,3,Approved
HL101708,37,Business Owner,Business,123000,7.7,0,12898000,30,18588000,5690000,Apartment,Semi Urban,2,Approved
HL101709,37,Government Employee,Permanent,74800,1.6,7600,9428000,15,10881000,1453000,Villa,Semi Urban,1,Rejected
HL101710,38,Self Employed,Self Employed,48300,17.0,5700,7189000,30,8414000,1225000,Villa,Urban,3,Rejected
HL101711,42,Government Employee,Permanent,95500,11.9,13600,7184000,10,11217000,4033000,Independent House,Rural,4,Approved
HL101712,61,Professional,Contract,87200,18.3,5300,4940000,20,6288000,1348000,Independent House,Rural,1,Approved
HL101713,40,Business Owner,Business,60100,9.5,12700,4359000,30,5234000,875000,Villa,Rural,2,Rejected
HL101714,44,Government Employee,Permanent,47800,13.5,5800,5524000,25,6396000,872000,Independent House,Semi Urban,1,Rejected
HL101715,23,Self Employed,Self Employed,62800,0.7,2900,4186000,15,5290000,1104000,Builder Floor,Rural,1,Approved
HL101716,34,Government Employee,Permanent,35400,5.2,3000,2657000,15,4029000,1372000,Apartment,Rural,1,Approved
HL101717,49,Private Employee,Contract,54300,28.0,14900,4540000,15,6260000,1720000,Builder Floor,Urban,0,Approved
HL101718,42,Private Employee,Contract,62200,19.8,10800,3481000,30,4547000,1066000,Apartment,Rural,2,Rejected
HL101719,22,Business Owner,Business,31700,0.7,6500,2776000,15,4252000,1476000,Apartment,Urban,0,Rejected
HL101720,44,Salaried,Permanent,49800,7.2,1800,3727000,20,5577000,1850000,Villa,Rural,0,Approved
HL101721,55,Salaried,Permanent,47300,2.2,3100,4153000,15,5513000,1360000,Apartment,Semi Urban,1,Rejected
HL101722,22,Self Employed,Self Employed,86000,0.7,5600,6130000,15,10988000,4858000,Apartment,Semi Urban,0,Approved
HL101723,52,Private Employee,Permanent,23600,15.5,3200,2375000,15,2970000,595000,Apartment,Urban,2,Approved
HL101724,22,Private Employee,Contract,45600,0.4,4800,5083000,15,7344000,2261000,Plot,Urban,2,Approved
HL101725,46,Salaried,Permanent,43600,11.0,3500,5228000,20,6443000,1215000,Independent House,Urban,0,Approved
HL101726,38,Government Employee,Permanent,79300,2.8,7200,6831000,15,9652000,2821000,Apartment,Semi Urban,1,Approved
HL101727,22,Business Owner,Business,66400,0.2,3800,4929000,15,6162000,1233000,Independent House,Rural,0,Approved
HL101728,42,Salaried,Permanent,121600,19.8,12800,12284000,20,16531000,4247000,Apartment,Urban,2,Approved
HL101729,48,Government Employee,Permanent,69300,1.2,14500,3500000,15,5945000,2445000,Builder Floor,Urban,1,Approved
HL101730,41,Professional,Contract,51800,17.1,0,4740000,25,6734000,1994000,Apartment,Semi Urban,2,Rejected
HL101731,43,Salaried,Contract,60300,22.0,8900,4548000,20,6130000,1582000,Independent House,Urban,2,Rejected
HL101732,34,Self Employed,Self Employed,46200,8.6,10600,6594000,20,7832000,1238000,Independent House,Urban,1,Rejected
HL101733,22,Salaried,Permanent,79800,0.6,8400,10046000,15,13133000,3087000,Independent House,Urban,0,Rejected
HL101734,44,Business Owner,Business,37200,4.9,2900,3763000,5,4372000,609000,Builder Floor,Semi Urban,1,Rejected
HL101735,54,Self Employed,Self Employed,37400,8.0,7300,3878000,25,5469000,1591000,Apartment,Semi Urban,1,Rejected
HL101736,48,Business Owner,Business,83100,9.0,3400,6548000,25,9209000,2661000,Plot,Rural,1,Approved
HL101737,22,Salaried,Permanent,94100,0.1,11100,7110000,15,8951000,1841000,Independent House,Urban,4,Approved
HL101738,24,Private Employee,Permanent,20100,0.7,700,2044000,15,3159000,1115000,Villa,Urban,0,Approved
HL101739,30,Self Employed,Self Employed,100600,4.5,0,10569000,15,16058000,5489000,Apartment,Semi Urban,1,Approved
HL101740,24,Salaried,Permanent,50900,1.0,5500,2448000,20,3188000,740000,Apartment,Rural,3,Approved
HL101741,38,Salaried,Permanent,23200,9.0,400,1805000,10,2456000,651000,Apartment,Urban,3,Rejected
HL101742,42,Salaried,Contract,18000,19.7,2100,1566000,30,1894000,328000,Apartment,Rural,1,Rejected
HL101743,25,Professional,Permanent,31300,2.1,6500,2695000,10,3361000,666000,Builder Floor,Semi Urban,2,Rejected
HL101744,45,Self Employed,Self Employed,53700,15.4,14400,5036000,30,5814000,778000,Plot,Rural,0,Rejected
HL101745,43,Private Employee,Permanent,52600,2.2,6700,6077000,10,7427000,1350000,Apartment,Urban,3,Approved
HL101746,33,Self Employed,Self Employed,72000,11.2,14500,9198000,15,11668000,2470000,Independent House,Urban,2,Approved
HL101747,36,Private Employee,Contract,42300,1.4,6400,3392000,15,3716000,324000,Villa,Urban,1,Rejected
HL101748,22,Private Employee,Permanent,32900,0.3,2900,2648000,15,3608000,960000,Apartment,Semi Urban,1,Approved
HL101749,35,Private Employee,Permanent,45000,2.4,0,3937000,30,5638000,1701000,Independent House,Rural,1,Approved
HL101750,38,Private Employee,Permanent,55000,1.1,13800,5069000,20,6493000,1424000,Villa,Urban,2,Approved
HL101751,40,Salaried,Permanent,60100,9.7,2200,7573000,10,7972000,399000,Apartment,Urban,0,Rejected
HL101752,41,Business Owner,Business,47500,13.7,11000,3145000,30,3930000,785000,Independent House,Urban,2,Rejected
HL101753,40,Business Owner,Business,101600,19.0,16600,8168000,15,9162000,994000,Apartment,Semi Urban,0,Approved
HL101754,36,Government Employee,Permanent,38900,8.4,1600,3061000,10,3694000,633000,Apartment,Rural,2,Approved
HL101755,41,Private Employee,Permanent,36600,4.5,5300,2959000,5,4458000,1499000,Villa,Urban,1,Rejected
HL101756,47,Salaried,Permanent,42400,8.1,12300,5410000,20,5695000,285000,Villa,Semi Urban,3,Rejected
HL101757,37,Professional,Permanent,101100,1.3,24600,12292000,30,14541000,2249000,Builder Floor,Urban,1,Rejected
HL101758,41,Professional,Contract,58700,6.8,4600,5314000,5,7446000,2132000,Apartment,Rural,1,Rejected
HL101759,36,Professional,Permanent,45600,6.8,2900,5602000,25,6700000,1098000,Plot,Semi Urban,1,Rejected
HL101760,32,Government Employee,Permanent,78100,7.3,10000,6938000,15,8237000,1299000,Builder Floor,Urban,2,Approved
HL101761,43,Salaried,Permanent,142100,17.4,15200,6281000,15,10173000,3892000,Villa,Semi Urban,1,Approved
HL101762,33,Salaried,Permanent,59500,7.8,12900,6553000,25,8741000,2188000,Builder Floor,Semi Urban,1,Rejected
HL101763,41,Salaried,Permanent,94400,4.1,16900,5638000,25,7994000,2356000,Builder Floor,Rural,0,Approved
HL101764,38,Salaried,Permanent,86400,2.6,0,6477000,20,8747000,2270000,Plot,Semi Urban,1,Approved
HL101765,35,Salaried,Permanent,41300,10.5,6500,3070000,15,4002000,932000,Builder Floor,Urban,3,Approved
HL101766,35,Professional,Permanent,63100,0.9,6700,5671000,5,8353000,2682000,Villa,Semi Urban,1,Approved
HL101767,33,Salaried,Permanent,30400,12.0,3700,1816000,25,2894000,1078000,Independent House,Semi Urban,3,Approved
HL101768,23,Salaried,Permanent,49400,0.5,6900,4464000,20,4880000,416000,Builder Floor,Urban,3,Rejected
HL101769,41,Business Owner,Business,51100,20.0,11000,3920000,15,5008000,1088000,Plot,Rural,2,Rejected
HL101770,40,Private Employee,Contract,45200,5.4,9000,5601000,15,7149000,1548000,Apartment,Urban,0,Rejected
HL101771,46,Self Employed,Self Employed,38700,17.3,2300,2525000,25,3101000,576000,Apartment,Rural,2,Approved
HL101772,33,Private Employee,Permanent,47600,1.9,5500,5183000,10,7389000,2206000,Apartment,Urban,3,Approved
HL101773,55,Business Owner,Business,86000,16.1,7200,8381000,20,11035000,2654000,Builder Floor,Urban,1,Approved
HL101774,35,Private Employee,Permanent,51300,1.2,0,3927000,20,6274000,2347000,Apartment,Urban,1,Approved
HL101775,30,Private Employee,Permanent,23400,5.3,2600,1657000,15,2395000,738000,Apartment,Semi Urban,1,Rejected
HL101776,29,Self Employed,Self Employed,38700,1.3,10400,1834000,20,2734000,900000,Independent House,Rural,1,Approved
HL101777,22,Private Employee,Permanent,27300,0.2,0,2749000,20,3138000,389000,Apartment,Urban,0,Rejected
HL101778,52,Government Employee,Permanent,57400,10.1,6800,8313000,20,9844000,1531000,Builder Floor,Urban,1,Approved
HL101779,50,Private Employee,Contract,67900,11.1,7800,3830000,30,4571000,741000,Independent House,Rural,2,Rejected
HL101780,43,Salaried,Permanent,60800,14.6,8700,6404000,20,9500000,3096000,Apartment,Semi Urban,1,Approved
HL101781,30,Self Employed,Self Employed,38000,5.6,1600,2985000,10,3482000,497000,Apartment,Urban,1,Rejected
HL101782,54,Salaried,Contract,60500,16.8,400,4510000,15,5275000,765000,Plot,Rural,4,Approved
HL101783,35,Salaried,Permanent,43800,11.9,400,5457000,20,6274000,817000,Villa,Urban,1,Approved
HL101784,36,Salaried,Permanent,32500,9.1,7400,3042000,15,5435000,2393000,Independent House,Urban,0,Approved
HL101785,51,Business Owner,Business,94600,19.1,3900,7139000,25,9021000,1882000,Apartment,Urban,0,Approved
HL101786,44,Government Employee,Permanent,74400,4.2,6000,4539000,10,6153000,1614000,Builder Floor,Semi Urban,1,Approved
HL101787,58,Self Employed,Self Employed,83000,33.2,23900,10525000,10,12080000,1555000,Plot,Urban,2,Rejected
HL101788,40,Business Owner,Business,51500,15.6,3200,2966000,15,4218000,1252000,Villa,Rural,0,Approved
HL101789,34,Salaried,Permanent,92100,6.9,13600,12499000,25,13558000,1059000,Independent House,Urban,3,Rejected
HL101790,32,Self Employed,Self Employed,43400,8.8,8900,4555000,20,5307000,752000,Builder Floor,Rural,3,Rejected
HL101791,22,Government Employee,Permanent,69100,0.4,13900,5125000,20,6112000,987000,Villa,Urban,1,Rejected
HL101792,35,Salaried,Permanent,43000,14.0,600,5505000,15,7220000,1715000,Independent House,Urban,2,Approved
HL101793,48,Self Employed,Self Employed,49000,13.3,3100,3488000,30,4135000,647000,Builder Floor,Urban,2,Approved
HL101794,43,Professional,Permanent,21000,9.5,3000,2398000,25,3644000,1246000,Builder Floor,Urban,3,Approved
HL101795,38,Government Employee,Permanent,44900,10.3,12300,6027000,15,8148000,2121000,Plot,Urban,1,Rejected
HL101796,29,Private Employee,Permanent,56400,8.0,3300,5208000,25,6236000,1028000,Plot,Rural,2,Rejected
HL101797,40,Government Employee,Permanent,42800,5.5,3400,4752000,30,6787000,2035000,Independent House,Semi Urban,0,Approved
HL101798,47,Private Employee,Permanent,119400,15.1,18300,13950000,15,17191000,3241000,Independent House,Semi Urban,0,Approved
HL101799,42,Private Employee,Permanent,32100,6.5,5400,2259000,15,2731000,472000,Apartment,Urban,3,Rejected
HL101800,40,Private Employee,Permanent,42000,8.2,7300,1779000,20,2511000,732000,Independent House,Rural,1,Rejected
HL101801,31,Private Employee,Permanent,36100,2.2,1900,2835000,15,2984000,149000,Apartment,Urban,1,Rejected
HL101802,46,Salaried,Permanent,42000,15.6,3300,3352000,25,4648000,1296000,Apartment,Semi Urban,1,Approved
HL101803,22,Self Employed,Self Employed,86200,0.5,11800,9099000,20,10870000,1771000,Builder Floor,Semi Urban,3,Rejected
HL101804,41,Self Employed,Self Employed,105400,15.8,23300,11500000,15,13737000,2237000,Apartment,Urban,1,Approved
HL101805,61,Self Employed,Self Employed,39500,37.8,4000,3708000,15,5948000,2240000,Plot,Urban,0,Approved
HL101806,24,Salaried,Permanent,39100,3.0,4600,3019000,20,3671000,652000,Apartment,Rural,2,Rejected
HL101807,36,Private Employee,Permanent,32200,4.8,1200,1923000,10,2734000,811000,Apartment,Urban,1,Approved
HL101808,38,Government Employee,Permanent,92600,10.4,24900,6339000,15,8367000,2028000,Apartment,Semi Urban,1,Approved
HL101809,34,Salaried,Permanent,89700,13.0,11900,9104000,5,12149000,3045000,Independent House,Rural,2,Approved
HL101810,47,Salaried,Permanent,51700,5.8,10700,4811000,25,6013000,1202000,Independent House,Urban,4,Rejected
HL101811,42,Private Employee,Permanent,28900,10.5,3500,2652000,10,3298000,646000,Apartment,Urban,2,Rejected
HL101812,39,Self Employed,Self Employed,30100,4.3,3800,1907000,10,2899000,992000,Villa,Urban,0,Rejected
HL101813,45,Salaried,Permanent,58500,24.0,0,6556000,25,9292000,2736000,Independent House,Semi Urban,1,Approved
HL101814,38,Business Owner,Business,86700,17.0,0,7418000,10,9047000,1629000,Apartment,Urban,3,Approved
HL101815,65,Private Employee,Permanent,21400,30.1,4700,2725000,20,3155000,430000,Apartment,Urban,1,Rejected
HL101816,39,Self Employed,Self Employed,46900,12.2,5900,3290000,15,3980000,690000,Apartment,Urban,2,Rejected
HL101817,40,Private Employee,Permanent,112200,4.9,15300,5083000,25,7246000,2163000,Apartment,Rural,1,Approved
HL101818,23,Private Employee,Permanent,49100,2.0,1000,3850000,10,5614000,1764000,Apartment,Rural,3,Approved
HL101819,33,Private Employee,Contract,105900,4.4,5100,9906000,10,13467000,3561000,Villa,Semi Urban,1,Approved
HL101820,48,Professional,Permanent,83400,7.5,17100,8459000,15,9302000,843000,Villa,Rural,4,Rejected
HL101821,26,Private Employee,Permanent,33300,4.9,8600,2176000,30,3023000,847000,Builder Floor,Semi Urban,1,Rejected
HL101822,22,Private Employee,Permanent,47500,0.3,3300,4328000,25,6405000,2077000,Plot,Rural,2,Rejected
HL101823,38,Private Employee,Permanent,51100,4.9,8900,5414000,15,7067000,1653000,Independent House,Urban,0,Rejected
HL101824,50,Self Employed,Self Employed,35300,23.9,4800,3968000,15,6384000,2416000,Apartment,Urban,2,Approved
HL101825,38,Salaried,Permanent,35000,2.9,3900,2234000,10,2522000,288000,Apartment,Rural,1,Rejected
HL101826,35,Private Employee,Permanent,106700,9.7,28600,9473000,15,13063000,3590000,Villa,Urban,0,Rejected
HL101827,22,Private Employee,Permanent,34900,0.5,2900,3465000,15,4022000,557000,Apartment,Urban,1,Approved
HL101828,42,Professional,Contract,101200,16.3,22200,9707000,25,13961000,4254000,Apartment,Semi Urban,0,Approved
HL101829,44,Private Employee,Permanent,44500,14.7,6700,4466000,5,6109000,1643000,Builder Floor,Semi Urban,4,Approved
HL101830,22,Private Employee,Permanent,53600,1.0,6400,4460000,25,7014000,2554000,Apartment,Urban,3,Approved
HL101831,48,Professional,Permanent,80200,14.6,18400,4877000,5,6590000,1713000,Apartment,Urban,2,Approved
HL101832,45,Private Employee,Permanent,41400,8.2,5900,3317000,25,4083000,766000,Builder Floor,Urban,1,Approved
HL101833,48,Salaried,Permanent,70000,12.6,7900,4915000,15,5999000,1084000,Apartment,Urban,1,Approved
HL101834,43,Salaried,Permanent,21600,13.9,5000,2906000,10,3632000,726000,Apartment,Urban,1,Rejected
HL101835,44,Salaried,Permanent,66000,23.0,14500,5986000,25,7292000,1306000,Apartment,Urban,1,Approved
HL101836,43,Salaried,Permanent,18000,15.9,3900,975000,15,1451000,476000,Independent House,Semi Urban,2,Rejected
HL101837,46,Private Employee,Permanent,48900,6.1,0,3884000,25,5729000,1845000,Builder Floor,Urban,3,Approved
HL101838,22,Self Employed,Self Employed,79600,1.0,12400,6339000,25,7045000,706000,Villa,Urban,0,Approved
HL101839,24,Self Employed,Self Employed,71700,2.8,9800,8807000,30,11336000,2529000,Independent House,Semi Urban,0,Approved
HL101840,31,Salaried,Permanent,30200,2.3,3500,2647000,25,3416000,769000,Apartment,Urban,0,Rejected
HL101841,37,Private Employee,Permanent,32000,2.9,5400,4774000,15,5666000,892000,Apartment,Urban,1,Rejected
HL101842,41,Salaried,Permanent,39700,3.1,5600,4470000,15,6001000,1531000,Independent House,Urban,0,Approved
HL101843,41,Professional,Permanent,67700,8.9,11800,5430000,20,8188000,2758000,Apartment,Semi Urban,1,Approved
HL101844,48,Salaried,Contract,21700,12.5,2100,1995000,15,2815000,820000,Apartment,Urban,0,Rejected
HL101845,48,Private Employee,Permanent,53900,7.4,12900,5495000,20,8174000,2679000,Villa,Urban,0,Approved
HL101846,30,Government Employee,Permanent,59200,1.2,10800,6532000,15,7800000,1268000,Builder Floor,Semi Urban,2,Rejected
HL101847,40,Private Employee,Permanent,47700,3.5,7800,2630000,20,3384000,754000,Builder Floor,Semi Urban,4,Approved
HL101848,30,Government Employee,Permanent,65200,6.6,10400,8321000,15,9891000,1570000,Plot,Semi Urban,0,Approved
HL101849,36,Self Employed,Self Employed,59900,5.6,12700,3994000,10,5250000,1256000,Independent House,Rural,1,Rejected
HL101850,41,Salaried,Permanent,42500,4.1,8600,3260000,30,4326000,1066000,Plot,Semi Urban,1,Rejected
HL101851,22,Professional,Permanent,26100,0.5,2900,2250000,25,3199000,949000,Builder Floor,Urban,3,Approved
HL101852,60,Private Employee,Permanent,57500,22.4,11500,5877000,15,8707000,2830000,Apartment,Urban,2,Rejected
HL101853,43,Self Employed,Self Employed,35300,13.6,4700,3055000,10,4215000,1160000,Independent House,Urban,2,Approved
HL101854,33,Business Owner,Business,52200,5.9,14300,5281000,25,6222000,941000,Apartment,Urban,2,Rejected
HL101855,55,Professional,Permanent,77300,14.8,16100,5977000,15,6730000,753000,Builder Floor,Urban,4,Rejected
HL101856,35,Salaried,Contract,102500,14.0,7200,9356000,20,12671000,3315000,Builder Floor,Urban,0,Approved
HL101857,39,Government Employee,Permanent,50600,3.5,15500,2787000,25,4223000,1436000,Plot,Semi Urban,0,Approved
HL101858,34,Salaried,Permanent,69500,5.1,0,7990000,15,10217000,2227000,Apartment,Semi Urban,1,Approved
HL101859,53,Salaried,Permanent,28300,2.4,4800,2939000,15,3258000,319000,Builder Floor,Urban,2,Rejected
HL101860,37,Private Employee,Permanent,60500,5.7,3900,6676000,10,10887000,4211000,Apartment,Urban,0,Approved
HL101861,39,Professional,Permanent,60600,9.5,16400,6795000,15,9172000,2377000,Apartment,Urban,3,Approved
HL101862,49,Professional,Permanent,108300,22.9,15200,13176000,20,17194000,4018000,Independent House,Urban,2,Approved
HL101863,43,Private Employee,Permanent,42500,1.7,2400,6629000,10,7590000,961000,Plot,Urban,4,Rejected
HL101864,38,Private Employee,Contract,48600,8.8,4800,3982000,30,5114000,1132000,Builder Floor,Urban,4,Rejected
HL101865,48,Business Owner,Business,109100,27.0,6900,11012000,25,15188000,4176000,Apartment,Urban,2,Approved
HL101866,61,Professional,Permanent,59800,26.1,5700,2770000,15,3744000,974000,Apartment,Rural,3,Approved
HL101867,41,Salaried,Permanent,32900,3.2,3100,2496000,20,2992000,496000,Independent House,Urban,2,Rejected
HL101868,39,Private Employee,Permanent,170800,6.4,10200,13801000,15,17591000,3790000,Apartment,Semi Urban,1,Approved
HL101869,40,Business Owner,Business,41700,12.7,5900,5226000,15,6302000,1076000,Builder Floor,Urban,2,Approved
HL101870,50,Government Employee,Permanent,50000,8.2,7600,5388000,20,8329000,2941000,Apartment,Urban,4,Rejected
HL101871,33,Private Employee,Permanent,63300,6.7,2600,4799000,10,6775000,1976000,Apartment,Urban,2,Approved
HL101872,35,Professional,Permanent,70300,7.5,0,6749000,15,8211000,1462000,Independent House,Rural,2,Approved
HL101873,24,Professional,Permanent,57200,1.3,8300,5181000,10,5932000,751000,Villa,Urban,1,Rejected
HL101874,27,Professional,Contract,57300,0.9,9300,3523000,10,4649000,1126000,Builder Floor,Urban,3,Rejected
HL101875,33,Self Employed,Self Employed,48700,3.1,8700,2540000,20,3100000,560000,Apartment,Rural,1,Approved
HL101876,37,Salaried,Permanent,32800,16.0,5400,3765000,30,4628000,863000,Apartment,Urban,2,Approved
HL101877,54,Government Employee,Permanent,135400,11.1,33300,15559000,20,17867000,2308000,Builder Floor,Urban,2,Rejected
HL101878,43,Private Employee,Permanent,49100,8.2,9800,3988000,30,4632000,644000,Independent House,Semi Urban,2,Rejected
HL101879,30,Private Employee,Permanent,70900,3.3,23700,4414000,20,5755000,1341000,Apartment,Urban,0,Rejected
HL101880,31,Private Employee,Permanent,46600,8.0,17200,3845000,15,4798000,953000,Apartment,Rural,2,Rejected
HL101881,50,Private Employee,Contract,46200,11.2,0,4427000,25,7629000,3202000,Builder Floor,Urban,1,Approved
HL101882,48,Government Employee,Permanent,41900,12.1,0,2337000,10,3191000,854000,Villa,Semi Urban,1,Approved
HL101883,38,Self Employed,Self Employed,27000,8.8,3200,3691000,10,4232000,541000,Apartment,Urban,0,Rejected
HL101884,34,Government Employee,Permanent,47900,11.2,7700,5497000,30,6089000,592000,Apartment,Semi Urban,2,Rejected
HL101885,48,Government Employee,Permanent,42900,12.2,4900,3632000,20,4854000,1222000,Apartment,Semi Urban,0,Approved
HL101886,29,Salaried,Contract,91800,3.9,16200,5540000,30,6825000,1285000,Apartment,Semi Urban,1,Approved
HL101887,42,Salaried,Contract,31600,6.2,3100,2770000,10,4113000,1343000,Apartment,Rural,3,Rejected
HL101888,58,Business Owner,Business,52200,21.2,3400,4467000,25,5897000,1430000,Apartment,Semi Urban,1,Approved
HL101889,40,Private Employee,Permanent,36200,13.1,2800,4140000,15,4411000,271000,Apartment,Urban,3,Rejected
HL101890,31,Salaried,Permanent,103700,7.2,10800,15158000,15,17594000,2436000,Apartment,Urban,2,Rejected
HL101891,42,Self Employed,Self Employed,36600,21.0,6900,5128000,25,6149000,1021000,Independent House,Urban,0,Approved
HL101892,34,Private Employee,Permanent,69800,3.2,5700,8096000,15,10873000,2777000,Independent House,Urban,2,Approved
HL101893,25,Salaried,Permanent,83800,1.9,8100,12046000,20,13939000,1893000,Plot,Urban,1,Rejected
HL101894,44,Government Employee,Permanent,48200,8.9,8000,3004000,25,3913000,909000,Apartment,Semi Urban,4,Rejected
HL101895,48,Salaried,Permanent,29200,27.0,3000,3587000,25,4044000,457000,Builder Floor,Semi Urban,1,Rejected
HL101896,35,Private Employee,Permanent,29300,10.4,6100,1932000,5,2479000,547000,Builder Floor,Rural,3,Rejected
HL101897,35,Salaried,Permanent,79800,1.5,3700,10197000,10,13589000,3392000,Builder Floor,Urban,2,Rejected
HL101898,29,Salaried,Permanent,30700,2.2,900,2103000,30,3172000,1069000,Apartment,Semi Urban,3,Approved
HL101899,37,Salaried,Permanent,64600,5.6,9300,3679000,20,4838000,1159000,Apartment,Semi Urban,0,Approved
HL101900,33,Private Employee,Permanent,57000,1.5,8700,4394000,20,5198000,804000,Villa,Rural,2,Approved
HL101901,29,Salaried,Contract,64200,3.9,3300,5857000,10,8867000,3010000,Apartment,Semi Urban,0,Rejected
HL101902,55,Business Owner,Business,83700,10.4,19000,8802000,5,11077000,2275000,Apartment,Urban,3,Rejected
HL101903,42,Salaried,Permanent,35600,21.0,9800,4078000,30,5679000,1601000,Apartment,Urban,1,Rejected
HL101904,43,Private Employee,Permanent,34900,12.5,2400,1800000,20,2171000,371000,Independent House,Rural,1,Approved
HL101905,46,Private Employee,Permanent,74700,8.5,17900,4961000,25,6420000,1459000,Plot,Semi Urban,2,Rejected
HL101906,45,Private Employee,Contract,40800,4.9,0,4158000,15,4926000,768000,Apartment,Semi Urban,1,Rejected
HL101907,34,Salaried,Contract,18000,5.7,3700,1421000,15,1884000,463000,Builder Floor,Semi Urban,2,Rejected
HL101908,40,Business Owner,Business,90700,19.0,4700,8517000,20,11901000,3384000,Plot,Semi Urban,2,Approved
HL101909,36,Business Owner,Business,42500,5.9,8400,5456000,25,6657000,1201000,Apartment,Semi Urban,0,Rejected
HL101910,42,Salaried,Permanent,66900,9.2,2900,6064000,15,7358000,1294000,Independent House,Rural,2,Approved
HL101911,41,Salaried,Permanent,101400,18.9,11600,6967000,15,9271000,2304000,Apartment,Rural,1,Approved
HL101912,35,Professional,Contract,62800,7.8,3500,7260000,20,8581000,1321000,Builder Floor,Urban,2,Rejected
HL101913,26,Private Employee,Permanent,84800,4.0,8700,13375000,5,14838000,1463000,Plot,Urban,1,Rejected
HL101914,39,Salaried,Permanent,58100,10.7,15500,6558000,15,8724000,2166000,Villa,Urban,1,Approved
HL101915,36,Salaried,Permanent,110700,8.6,12300,14285000,20,18114000,3829000,Villa,Urban,3,Approved
HL101916,22,Private Employee,Permanent,33600,0.1,9700,2580000,5,3264000,684000,Apartment,Semi Urban,3,Rejected
HL101917,43,Self Employed,Self Employed,54000,4.0,4800,5461000,20,7397000,1936000,Builder Floor,Semi Urban,4,Approved
HL101918,47,Private Employee,Permanent,73300,13.4,17500,5059000,10,6958000,1899000,Builder Floor,Urban,2,Approved
HL101919,61,Professional,Permanent,57200,8.8,0,7170000,25,9043000,1873000,Plot,Urban,0,Approved
HL101920,34,Private Employee,Permanent,91000,5.7,8800,13593000,25,15628000,2035000,Independent House,Urban,1,Approved
HL101921,33,Government Employee,Permanent,42400,2.0,3300,5321000,25,6403000,1082000,Apartment,Semi Urban,0,Rejected
HL101922,28,Private Employee,Permanent,137500,6.7,33400,8115000,20,11068000,2953000,Apartment,Semi Urban,2,Approved
HL101923,40,Government Employee,Permanent,133700,4.6,18000,17110000,20,22247000,5137000,Apartment,Urban,0,Approved
HL101924,40,Salaried,Permanent,61500,3.9,0,4656000,15,5651000,995000,Independent House,Urban,4,Approved
HL101925,31,Salaried,Permanent,69500,1.3,1100,6621000,15,7857000,1236000,Plot,Semi Urban,0,Approved
HL101926,36,Government Employee,Permanent,88000,10.8,3400,9717000,10,13300000,3583000,Builder Floor,Urban,0,Approved
HL101927,22,Self Employed,Self Employed,31800,0.4,6200,2881000,25,3612000,731000,Apartment,Semi Urban,3,Rejected
HL101928,46,Salaried,Permanent,30000,23.2,5500,1846000,5,2565000,719000,Apartment,Rural,1,Approved
HL101929,31,Private Employee,Contract,95400,3.0,9200,10242000,15,14432000,4190000,Apartment,Urban,0,Approved
HL101930,38,Private Employee,Permanent,61300,3.0,4700,7348000,20,9128000,1780000,Builder Floor,Urban,2,Rejected
HL101931,25,Private Employee,Permanent,48900,1.7,8700,4849000,20,6887000,2038000,Plot,Urban,4,Approved
HL101932,33,Self Employed,Self Employed,54400,12.0,1600,5655000,15,7354000,1699000,Independent House,Urban,1,Approved
HL101933,35,Business Owner,Business,23100,1.4,3600,2691000,15,3547000,856000,Independent House,Urban,1,Rejected
HL101934,38,Self Employed,Self Employed,49700,9.3,7400,5770000,20,6074000,304000,Independent House,Urban,1,Rejected
HL101935,42,Salaried,Permanent,38600,12.3,3800,2901000,30,3382000,481000,Apartment,Urban,2,Rejected
HL101936,51,Private Employee,Permanent,81900,30.0,12400,8273000,20,9695000,1422000,Apartment,Semi Urban,1,Approved
HL101937,45,Private Employee,Permanent,84800,5.5,10900,10613000,15,13176000,2563000,Apartment,Urban,2,Rejected
HL101938,47,Salaried,Permanent,70200,2.4,11200,5245000,25,6804000,1559000,Apartment,Semi Urban,1,Rejected
HL101939,51,Salaried,Permanent,64700,9.6,900,4721000,10,6151000,1430000,Independent House,Urban,3,Approved
HL101940,43,Salaried,Permanent,27600,17.3,4700,3655000,15,4827000,1172000,Apartment,Urban,2,Approved
HL101941,38,Private Employee,Permanent,70700,7.8,14300,10028000,10,12012000,1984000,Plot,Urban,2,Rejected
HL101942,47,Government Employee,Permanent,68300,16.4,9900,7153000,15,9870000,2717000,Independent House,Urban,2,Rejected
HL101943,48,Salaried,Permanent,94900,5.0,16000,9761000,20,15366000,5605000,Independent House,Urban,1,Rejected
HL101944,44,Business Owner,Business,175700,8.6,19500,20207000,20,25000000,4793000,Builder Floor,Semi Urban,1,Rejected
HL101945,25,Professional,Contract,29100,1.9,5600,2498000,25,2999000,501000,Apartment,Rural,2,Rejected
HL101946,30,Salaried,Permanent,45500,1.0,5700,4018000,20,4813000,795000,Villa,Urban,0,Approved
HL101947,36,Professional,Permanent,44600,7.0,1300,5056000,15,6539000,1483000,Apartment,Urban,0,Approved
HL101948,45,Salaried,Contract,58500,8.3,10900,8424000,20,10247000,1823000,Plot,Urban,1,Rejected
HL101949,38,Professional,Permanent,62700,17.0,0,7608000,25,8284000,676000,Independent House,Semi Urban,0,Approved
HL101950,48,Professional,Permanent,56100,12.0,8000,4185000,20,4668000,483000,Apartment,Urban,1,Rejected
HL101951,50,Salaried,Contract,86000,29.0,7700,10536000,15,15086000,4550000,Apartment,Urban,2,Approved
HL101952,49,Self Employed,Self Employed,33000,17.6,2800,2619000,20,3866000,1247000,Villa,Rural,3,Approved
HL101953,49,Professional,Permanent,39000,11.3,5200,2294000,20,3519000,1225000,Villa,Rural,1,Approved
HL101954,29,Professional,Permanent,39300,8.0,2500,4757000,15,6244000,1487000,Villa,Semi Urban,3,Rejected
HL101955,42,Professional,Permanent,53000,3.4,8500,7068000,25,8225000,1157000,Independent House,Urban,0,Rejected
HL101956,33,Private Employee,Contract,31200,3.8,3900,4219000,15,5177000,958000,Villa,Urban,4,Rejected
HL101957,23,Salaried,Contract,53000,1.6,3700,8489000,5,9440000,951000,Independent House,Urban,2,Rejected
HL101958,35,Business Owner,Business,62900,0.7,14300,4175000,25,4627000,452000,Apartment,Semi Urban,1,Rejected
HL101959,50,Private Employee,Permanent,38000,12.6,5200,4033000,25,5309000,1276000,Independent House,Semi Urban,2,Rejected
HL101960,42,Private Employee,Permanent,80300,9.0,13700,7129000,20,9675000,2546000,Independent House,Urban,1,Approved
HL101961,56,Government Employee,Permanent,50100,18.7,11700,3934000,20,6312000,2378000,Plot,Rural,1,Approved
HL101962,40,Private Employee,Permanent,87400,7.1,20300,11789000,30,14986000,3197000,Independent House,Urban,1,Approved
HL101963,60,Salaried,Permanent,49600,31.0,8300,6372000,15,7171000,799000,Independent House,Semi Urban,4,Rejected
HL101964,40,Self Employed,Self Employed,53600,4.5,5100,6821000,15,8637000,1816000,Builder Floor,Urban,3,Rejected
HL101965,38,Salaried,Permanent,42100,14.8,200,5498000,20,6850000,1352000,Builder Floor,Urban,2,Rejected
HL101966,26,Self Employed,Self Employed,54000,0.9,7400,4919000,15,6004000,1085000,Apartment,Urban,3,Rejected
HL101967,48,Business Owner,Business,93300,15.3,19400,7484000,20,9945000,2461000,Builder Floor,Semi Urban,0,Approved
HL101968,33,Private Employee,Permanent,45000,12.0,6700,3647000,30,4158000,511000,Apartment,Urban,2,Rejected
HL101969,32,Private Employee,Permanent,68400,2.4,0,8762000,15,11386000,2624000,Builder Floor,Urban,1,Approved
HL101970,50,Government Employee,Permanent,35700,7.8,6800,3330000,10,4575000,1245000,Apartment,Semi Urban,1,Approved
HL101971,48,Professional,Permanent,87700,24.1,17100,7314000,15,10975000,3661000,Independent House,Semi Urban,3,Approved
HL101972,48,Self Employed,Self Employed,41700,13.7,4000,2902000,20,3843000,941000,Builder Floor,Semi Urban,3,Approved
HL101973,35,Government Employee,Permanent,75500,1.3,15000,6592000,25,9464000,2872000,Apartment,Semi Urban,3,Approved
HL101974,38,Salaried,Permanent,55700,8.9,9500,5038000,30,6178000,1140000,Plot,Semi Urban,2,Rejected
HL101975,37,Salaried,Permanent,107400,11.3,7000,13785000,20,17138000,3353000,Independent House,Semi Urban,1,Approved
HL101976,45,Private Employee,Permanent,32200,22.0,7100,3675000,30,5468000,1793000,Apartment,Urban,2,Approved
HL101977,52,Professional,Permanent,32100,17.2,600,3854000,15,4332000,478000,Builder Floor,Urban,0,Rejected
HL101978,41,Self Employed,Self Employed,41100,12.9,4700,5481000,15,6748000,1267000,Independent House,Urban,3,Rejected
HL101979,56,Salaried,Permanent,29100,35.0,3100,1957000,15,2838000,881000,Builder Floor,Urban,0,Approved
HL101980,46,Business Owner,Business,36300,20.8,2000,2632000,25,3303000,671000,Builder Floor,Urban,3,Approved
HL101981,36,Government Employee,Permanent,68100,5.5,9800,7970000,10,9927000,1957000,Apartment,Urban,2,Rejected
HL101982,45,Business Owner,Business,67600,9.7,15200,8435000,10,10527000,2092000,Apartment,Urban,0,Rejected
HL101983,53,Salaried,Permanent,43700,31.4,9600,2518000,15,3268000,750000,Apartment,Semi Urban,0,Approved
HL101984,56,Private Employee,Permanent,45500,19.2,8100,2778000,15,4008000,1230000,Independent House,Semi Urban,1,Approved
HL101985,49,Professional,Permanent,47600,13.8,0,3978000,20,5634000,1656000,Apartment,Semi Urban,1,Approved
HL101986,38,Salaried,Permanent,113900,6.1,1500,5706000,25,7324000,1618000,Apartment,Rural,3,Approved
HL101987,36,Self Employed,Self Employed,38900,14.3,5200,3352000,10,4839000,1487000,Plot,Urban,0,Approved
HL101988,43,Professional,Contract,34400,5.1,4000,3376000,20,4486000,1110000,Apartment,Urban,1,Rejected
HL101989,53,Salaried,Contract,77500,10.1,6200,9697000,10,13633000,3936000,Villa,Urban,1,Approved
HL101990,42,Salaried,Contract,49200,20.0,13400,4801000,15,5568000,767000,Independent House,Urban,0,Approved
HL101991,42,Self Employed,Self Employed,135600,19.9,17400,8513000,15,13283000,4770000,Apartment,Urban,1,Approved
HL101992,38,Government Employee,Permanent,40600,17.0,6600,1859000,20,2439000,580000,Apartment,Rural,3,Approved
HL101993,35,Salaried,Permanent,79300,6.1,15800,7013000,20,7382000,369000,Apartment,Urban,2,Rejected
HL101994,37,Private Employee,Permanent,88200,5.8,11000,9032000,20,13955000,4923000,Independent House,Urban,3,Approved
HL101995,39,Self Employed,Self Employed,42800,7.0,14000,4222000,25,5416000,1194000,Apartment,Urban,1,Rejected
HL101996,53,Government Employee,Permanent,36800,3.4,1600,3018000,10,3719000,701000,Plot,Urban,1,Approved
HL101997,36,Government Employee,Permanent,71800,0.9,5100,9159000,25,11055000,1896000,Plot,Semi Urban,0,Approved
HL101998,38,Business Owner,Business,87700,9.4,3900,9202000,20,12355000,3153000,Apartment,Semi Urban,2,Approved
HL101999,30,Private Employee,Permanent,28700,3.1,7000,1961000,10,2304000,343000,Builder Floor,Semi Urban,0,Rejected
