Application_ID,Age,Occupation,Employment_Type,Monthly_Income,Employment_Business_Duration,Existing_Monthly_EMI,Loan_Amount,Loan_Tenure,Loan_Purpose,Number_of_Dependents,Monthly_Household_Expenses,Monthly_Savings_Surplus,Residence_Type,Employment_Business_Stability,Loan_Approval
PL100000,41,Private Employee,Contract,37400,8.6,6100,119000,3,Medical,1,18100,13400,Owned,Unstable,Rejected
PL100001,26,Self Employed,Self Employed,57300,2.3,0,410000,3,Emergency,2,34400,23500,Owned,Stable,Approved
PL100002,42,Private Employee,Permanent,23200,7.3,6100,58000,5,Home Renovation,1,13000,4900,Rented,Stable,Rejected
PL100003,38,Government Employee,Permanent,16500,18.0,4600,58000,3,Medical,1,8200,3600,Owned,Moderate,Rejected
PL100004,24,Government Employee,Permanent,32300,1.2,3900,259000,1,Wedding,0,7600,21100,Family Owned,Moderate,Approved
PL100005,43,Private Employee,Permanent,40000,6.4,4100,139000,1,Debt Consolidation,2,4800,31000,Rented,Unstable,Approved
PL100006,38,Salaried,Contract,42800,5.3,11200,109000,3,Travel,2,23100,9600,Family Owned,Stable,Rejected
PL100007,26,Salaried,Permanent,30600,3.1,8200,118000,1,Emergency,2,16800,5800,Rented,Moderate,Rejected
PL100008,33,Private Employee,Contract,34100,7.7,0,409000,4,Debt Consolidation,1,11500,21800,Owned,Moderate,Rejected
PL100009,44,Salaried,Permanent,27900,9.0,6100,241000,1,Home Renovation,3,9000,13100,Owned,Moderate,Rejected
PL100010,36,Self Employed,Self Employed,41300,16.0,10600,79000,5,Wedding,1,12900,18800,Owned,Stable,Approved
PL100011,30,Salaried,Permanent,35100,4.2,2800,344000,2,Consumer Purchase,1,12700,19100,Rented,Very Stable,Approved
PL100012,37,Self Employed,Self Employed,22900,10.6,1200,213000,4,Home Renovation,2,8000,14200,Owned,Very Stable,Approved
PL100013,29,Self Employed,Self Employed,62500,8.0,12800,534000,2,Wedding,0,29900,20400,Family Owned,Very Stable,Approved
PL100014,33,Professional,Contract,44800,4.6,15400,263000,2,Medical,0,16200,14500,Owned,Moderate,Rejected
PL100015,35,Private Employee,Contract,21000,1.2,5900,187000,4,Debt Consolidation,2,5300,9200,Owned,Moderate,Rejected
PL100016,49,Salaried,Contract,22300,11.0,4800,140000,4,Travel,0,12000,6700,Owned,Stable,Rejected
PL100017,28,Private Employee,Permanent,26100,5.9,3400,102000,2,Debt Consolidation,1,11500,10700,Owned,Very Stable,Approved
PL100018,46,Business Owner,Business,110500,17.9,16100,1156000,3,Wedding,2,64700,28600,Family Owned,Very Stable,Approved
PL100019,21,Salaried,Contract,14000,1.0,1900,116000,1,Travel,2,6600,5200,Rented,Very Stable,Rejected
PL100020,34,Government Employee,Permanent,103300,10.4,11700,249000,2,Medical,1,39300,50900,Owned,Moderate,Approved
PL100021,38,Salaried,Permanent,29000,6.8,2200,241000,2,Consumer Purchase,1,8500,17400,Owned,Stable,Rejected
PL100022,42,Salaried,Permanent,22600,6.2,4800,57000,2,Emergency,2,15300,1400,Family Owned,Stable,Approved
PL100023,39,Private Employee,Contract,58700,1.6,300,541000,5,Debt Consolidation,1,26800,31400,Family Owned,Unstable,Approved
PL100024,21,Self Employed,Self Employed,28900,0.9,6500,274000,1,Consumer Purchase,1,11300,12600,Rented,Moderate,Rejected
PL100025,46,Self Employed,Self Employed,76400,10.5,6900,608000,2,Other Personal,0,21400,50100,Owned,Moderate,Rejected
PL100026,26,Business Owner,Business,31600,2.9,6000,95000,1,Medical,0,6700,18600,Family Owned,Moderate,Rejected
PL100027,27,Salaried,Permanent,38800,1.2,2500,402000,4,Wedding,0,13800,23700,Owned,Unstable,Rejected
PL100028,21,Self Employed,Self Employed,33200,0.2,0,164000,2,Home Renovation,1,21300,11400,Rented,Very Stable,Rejected
PL100029,40,Salaried,Contract,67300,6.4,19200,108000,2,Consumer Purchase,1,38100,7700,Owned,Moderate,Rejected
PL100030,39,Self Employed,Self Employed,24000,11.5,5700,262000,3,Consumer Purchase,0,3600,16000,Family Owned,Stable,Rejected
PL100031,31,Self Employed,Self Employed,27800,4.3,3000,210000,2,Debt Consolidation,3,8200,17600,Family Owned,Moderate,Rejected
PL100032,25,Salaried,Permanent,31500,0.9,10900,273000,5,Consumer Purchase,2,10800,11900,Rented,Moderate,Rejected
PL100033,37,Self Employed,Self Employed,32000,3.4,9800,267000,1,Home Renovation,3,12700,7400,Family Owned,Very Stable,Rejected
PL100034,21,Salaried,Permanent,71200,0.1,14100,708000,2,Medical,2,34700,23000,Rented,Moderate,Approved
PL100035,60,Professional,Permanent,45300,3.2,0,245000,2,Emergency,0,9900,37600,Rented,Very Stable,Approved
PL100036,36,Self Employed,Self Employed,30400,2.9,200,327000,2,Wedding,2,16100,14700,Owned,Very Stable,Rejected
PL100037,47,Private Employee,Permanent,30100,10.7,4800,341000,3,Wedding,1,11100,14200,Rented,Moderate,Rejected
PL100038,41,Self Employed,Self Employed,20400,11.2,5000,55000,2,Other Personal,1,9200,6300,Owned,Stable,Rejected
PL100039,33,Self Employed,Self Employed,32200,13.0,10000,344000,1,Debt Consolidation,3,15200,7300,Rented,Unstable,Rejected
PL100040,29,Private Employee,Permanent,46100,2.7,7700,145000,1,Medical,2,17500,21200,Owned,Unstable,Approved
PL100041,44,Salaried,Permanent,25300,13.1,5600,163000,1,Debt Consolidation,2,11400,10100,Family Owned,Stable,Approved
PL100042,35,Self Employed,Self Employed,21500,5.2,5600,235000,2,Consumer Purchase,0,8500,8100,Owned,Moderate,Rejected
PL100043,44,Professional,Permanent,49900,9.9,0,483000,2,Wedding,0,24100,26100,Owned,Unstable,Rejected
PL100044,34,Salaried,Permanent,50500,5.3,4200,453000,4,Travel,1,23700,22500,Owned,Moderate,Approved
PL100045,51,Government Employee,Permanent,20200,8.1,3700,91000,4,Home Renovation,1,10600,6200,Owned,Very Stable,Approved
PL100046,39,Government Employee,Permanent,23500,12.4,4700,160000,3,Medical,3,15000,2600,Family Owned,Unstable,Rejected
PL100047,28,Government Employee,Permanent,61600,6.0,2000,205000,2,Medical,0,21300,38300,Rented,Moderate,Approved
PL100048,44,Private Employee,Permanent,24600,8.7,5200,294000,2,Wedding,1,12000,7800,Rented,Stable,Rejected
PL100049,38,Self Employed,Self Employed,45900,14.0,10100,102000,2,Wedding,2,17300,18800,Family Owned,Very Stable,Rejected
PL100050,30,Government Employee,Permanent,21500,8.0,3500,208000,3,Emergency,4,9500,7700,Family Owned,Stable,Rejected
PL100051,32,Private Employee,Contract,29600,1.7,6100,120000,5,Wedding,0,11200,11800,Owned,Stable,Rejected
PL100052,28,Private Employee,Permanent,111600,5.2,19600,841000,4,Medical,3,47500,46100,Rented,Stable,Approved
PL100053,28,Professional,Permanent,16800,0.6,3200,163000,2,Other Personal,3,4400,9100,Owned,Stable,Rejected
PL100054,41,Private Employee,Permanent,21300,15.6,2500,62000,4,Consumer Purchase,2,6700,13800,Owned,Stable,Approved
PL100055,48,Private Employee,Permanent,18800,8.5,1200,134000,2,Debt Consolidation,0,12700,5400,Rented,Moderate,Rejected
PL100056,39,Professional,Permanent,41100,1.8,4900,439000,1,Consumer Purchase,2,31400,4500,Owned,Moderate,Rejected
PL100057,34,Professional,Permanent,14000,4.7,2400,66000,1,Consumer Purchase,2,7000,4300,Family Owned,Stable,Rejected
PL100058,33,Salaried,Contract,69900,5.1,0,298000,3,Travel,0,21900,45100,Family Owned,Stable,Approved
PL100059,37,Business Owner,Business,30000,6.8,700,214000,3,Emergency,3,16200,13300,Owned,Stable,Rejected
PL100060,39,Professional,Contract,21400,9.6,1400,238000,3,Debt Consolidation,4,14900,5700,Owned,Very Stable,Rejected
PL100061,26,Business Owner,Business,54300,4.8,0,162000,3,Other Personal,2,18500,37700,Family Owned,Moderate,Approved
PL100062,33,Business Owner,Business,30000,6.8,4100,208000,4,Medical,1,12000,14200,Rented,Moderate,Approved
PL100063,38,Professional,Permanent,61800,11.6,0,123000,3,Consumer Purchase,2,26000,32200,Rented,Stable,Approved
PL100064,27,Salaried,Contract,35900,0.6,6500,62000,1,Wedding,1,17700,12100,Owned,Stable,Rejected
PL100065,49,Government Employee,Permanent,27900,20.4,2900,303000,4,Wedding,2,11200,14800,Owned,Moderate,Rejected
PL100066,59,Self Employed,Self Employed,42600,11.8,6800,218000,3,Medical,0,19300,15700,Family Owned,Moderate,Approved
PL100067,45,Salaried,Permanent,46600,22.9,11800,488000,2,Debt Consolidation,1,21600,12300,Family Owned,Stable,Approved
PL100068,27,Salaried,Contract,35200,5.7,7700,121000,2,Other Personal,4,6000,22200,Owned,Stable,Approved
PL100069,40,Salaried,Permanent,23100,3.8,400,83000,4,Medical,0,7200,16000,Family Owned,Very Stable,Approved
PL100070,41,Private Employee,Permanent,79900,1.0,3800,368000,4,Travel,3,18200,57700,Rented,Stable,Approved
PL100071,28,Self Employed,Self Employed,31400,2.0,1800,333000,4,Travel,1,14700,16200,Rented,Stable,Rejected
PL100072,29,Professional,Permanent,24900,2.6,10300,224000,1,Wedding,1,8100,6300,Rented,Stable,Rejected
PL100073,28,Salaried,Contract,51900,4.2,0,426000,2,Medical,4,16100,37800,Rented,Unstable,Approved
PL100074,31,Salaried,Permanent,44100,2.1,4800,191000,3,Consumer Purchase,1,14300,24900,Owned,Very Stable,Approved
PL100075,24,Government Employee,Permanent,44500,1.8,11100,226000,2,Other Personal,4,16200,16700,Rented,Moderate,Approved
PL100076,30,Salaried,Contract,26200,5.1,3400,98000,1,Medical,2,11700,10600,Owned,Stable,Rejected
PL100077,41,Salaried,Permanent,19000,5.6,2100,45000,1,Wedding,1,8000,9700,Rented,Moderate,Rejected
PL100078,27,Salaried,Permanent,42200,2.0,11800,184000,2,Consumer Purchase,1,21100,10100,Rented,Stable,Approved
PL100079,44,Government Employee,Permanent,28600,2.7,0,218000,2,Travel,0,15600,14000,Rented,Unstable,Rejected
PL100080,26,Salaried,Permanent,34200,1.3,6500,381000,1,Other Personal,2,4900,24200,Rented,Stable,Rejected
PL100081,41,Salaried,Permanent,67700,8.1,4400,228000,5,Home Renovation,1,37300,23200,Owned,Moderate,Rejected
PL100082,40,Self Employed,Self Employed,62200,14.3,10100,357000,1,Wedding,2,19500,30900,Rented,Unstable,Approved
PL100083,35,Professional,Permanent,20200,3.5,5100,194000,3,Home Renovation,3,7300,7400,Rented,Stable,Rejected
PL100084,32,Private Employee,Permanent,61900,6.6,5000,418000,2,Home Renovation,1,40500,14700,Family Owned,Stable,Approved
PL100085,36,Salaried,Permanent,55000,4.3,7000,268000,5,Home Renovation,1,19500,27100,Family Owned,Stable,Rejected
PL100086,42,Private Employee,Permanent,30600,3.1,7500,306000,3,Home Renovation,4,14000,9200,Rented,Very Stable,Rejected
PL100087,26,Private Employee,Contract,57400,2.1,0,138000,1,Consumer Purchase,1,19900,34700,Family Owned,Moderate,Approved
PL100088,35,Professional,Contract,25800,8.5,5500,44000,4,Medical,3,11600,8600,Family Owned,Stable,Approved
PL100089,31,Business Owner,Business,34000,7.8,2800,265000,2,Travel,2,21400,10800,Family Owned,Stable,Approved
PL100090,36,Professional,Permanent,51700,13.0,12100,285000,1,Home Renovation,0,18400,23200,Family Owned,Unstable,Approved
PL100091,32,Self Employed,Self Employed,24700,1.6,3000,204000,3,Emergency,0,9000,13700,Owned,Unstable,Rejected
PL100092,42,Government Employee,Permanent,20200,8.2,1800,50000,2,Debt Consolidation,2,12600,5400,Owned,Stable,Approved
PL100093,22,Salaried,Permanent,41400,2.0,6500,292000,2,Travel,3,13600,18800,Owned,Moderate,Approved
PL100094,33,Private Employee,Permanent,27400,7.6,7100,199000,3,Consumer Purchase,0,15200,4900,Owned,Stable,Approved
PL100095,35,Private Employee,Permanent,42300,14.3,4100,466000,2,Other Personal,0,17200,19000,Rented,Very Stable,Approved
PL100096,27,Self Employed,Self Employed,29100,7.0,2600,311000,3,Debt Consolidation,1,11600,14500,Family Owned,Stable,Approved
PL100097,21,Government Employee,Permanent,14000,0.1,3600,162000,4,Other Personal,1,7800,2800,Owned,Stable,Rejected
PL100098,43,Business Owner,Business,27900,1.1,3600,277000,3,Home Renovation,1,10400,13100,Family Owned,Unstable,Rejected
PL100099,31,Business Owner,Business,52500,2.3,5500,467000,4,Home Renovation,1,27800,21300,Owned,Unstable,Approved
PL100100,27,Self Employed,Self Employed,32600,1.8,3600,220000,4,Medical,0,14400,16800,Owned,Stable,Approved
PL100101,36,Salaried,Permanent,29700,0.9,7000,229000,3,Home Renovation,1,6900,18500,Owned,Very Stable,Approved
PL100102,29,Self Employed,Self Employed,21900,8.7,4800,147000,3,Home Renovation,1,10300,5900,Family Owned,Stable,Rejected
PL100103,29,Professional,Permanent,50900,8.8,2300,166000,5,Medical,3,21700,30300,Rented,Moderate,Approved
PL100104,33,Professional,Permanent,16900,5.6,1400,188000,5,Travel,1,3600,12200,Rented,Unstable,Rejected
PL100105,32,Salaried,Permanent,31200,12.0,7200,127000,5,Wedding,4,10100,13700,Family Owned,Stable,Approved
PL100106,47,Private Employee,Permanent,73300,6.7,13900,434000,5,Home Renovation,2,36700,21600,Owned,Stable,Approved
PL100107,38,Salaried,Contract,22600,10.1,0,81000,2,Wedding,2,9400,12800,Family Owned,Stable,Rejected
PL100108,27,Salaried,Permanent,44100,3.2,7100,126000,1,Debt Consolidation,3,8600,27100,Family Owned,Stable,Approved
PL100109,47,Self Employed,Self Employed,29200,3.6,3600,192000,2,Travel,0,20000,5400,Rented,Moderate,Rejected
PL100110,32,Self Employed,Self Employed,17300,8.8,4300,61000,1,Travel,2,8800,4500,Owned,Very Stable,Rejected
PL100111,50,Salaried,Permanent,50700,6.2,15200,547000,2,Consumer Purchase,1,9600,25400,Family Owned,Stable,Rejected
PL100112,26,Professional,Permanent,14000,1.0,1400,104000,1,Debt Consolidation,4,4500,8200,Owned,Moderate,Rejected
PL100113,30,Private Employee,Permanent,32100,1.0,12900,285000,3,Medical,3,18100,1900,Owned,Very Stable,Rejected
PL100114,21,Private Employee,Contract,103300,1.0,0,996000,1,Emergency,2,54700,48200,Rented,Stable,Approved
PL100115,30,Salaried,Permanent,32100,5.3,4000,244000,5,Medical,1,17400,10300,Family Owned,Very Stable,Approved
PL100116,60,Salaried,Permanent,16300,9.1,2300,47000,4,Home Renovation,1,1600,12500,Owned,Unstable,Approved
PL100117,33,Salaried,Permanent,24600,0.3,5100,253000,2,Medical,2,14100,6100,Owned,Unstable,Rejected
PL100118,40,Private Employee,Contract,48300,4.4,11300,550000,4,Travel,2,24900,11700,Rented,Moderate,Approved
PL100119,29,Professional,Permanent,32200,1.5,8200,120000,2,Wedding,2,22700,1700,Owned,Moderate,Rejected
PL100120,34,Government Employee,Permanent,19300,4.4,4200,94000,1,Medical,3,7300,8000,Family Owned,Stable,Rejected
PL100121,36,Private Employee,Permanent,28900,3.5,5000,160000,1,Home Renovation,1,12500,12000,Rented,Moderate,Approved
PL100122,43,Salaried,Permanent,32600,22.1,3900,100000,2,Emergency,0,21600,7300,Owned,Stable,Approved
PL100123,32,Salaried,Permanent,50700,6.9,1200,121000,3,Other Personal,3,25500,24300,Family Owned,Stable,Approved
PL100124,44,Government Employee,Permanent,26800,12.6,3000,77000,5,Home Renovation,1,4500,19100,Rented,Stable,Approved
PL100125,28,Salaried,Permanent,35800,2.9,4400,166000,2,Other Personal,2,18700,12200,Family Owned,Stable,Rejected
PL100126,34,Salaried,Permanent,21000,6.5,200,75000,4,Wedding,0,6200,15500,Rented,Stable,Approved
PL100127,32,Business Owner,Business,42600,6.8,9300,317000,1,Debt Consolidation,2,17100,16100,Owned,Very Stable,Rejected
PL100128,38,Salaried,Permanent,20500,1.6,1300,164000,4,Wedding,0,10200,8200,Family Owned,Unstable,Approved
PL100129,38,Self Employed,Self Employed,29700,3.7,5900,244000,2,Home Renovation,0,11600,13600,Rented,Unstable,Rejected
PL100130,49,Private Employee,Permanent,23600,9.2,4100,273000,2,Consumer Purchase,0,9700,9500,Owned,Very Stable,Rejected
PL100131,44,Salaried,Permanent,45300,4.6,800,382000,3,Travel,2,24200,20000,Owned,Moderate,Approved
PL100132,36,Business Owner,Business,39400,1.0,1700,224000,4,Other Personal,0,14100,23200,Owned,Stable,Approved
PL100133,30,Private Employee,Contract,37600,6.6,2800,171000,3,Home Renovation,3,21400,13700,Rented,Moderate,Approved
PL100134,32,Private Employee,Permanent,74800,0.4,6800,139000,2,Home Renovation,2,42300,28000,Rented,Moderate,Approved
PL100135,30,Salaried,Permanent,45500,8.5,12900,209000,4,Wedding,0,24900,6700,Owned,Moderate,Rejected
PL100136,34,Government Employee,Permanent,45000,4.3,7300,328000,4,Wedding,2,24000,13500,Owned,Stable,Rejected
PL100137,47,Self Employed,Self Employed,47500,13.7,3200,186000,3,Consumer Purchase,1,32000,11100,Rented,Unstable,Approved
PL100138,45,Business Owner,Business,28000,4.1,5900,304000,3,Debt Consolidation,3,19000,3700,Rented,Stable,Rejected
PL100139,48,Government Employee,Permanent,28900,16.8,8500,186000,1,Travel,1,9500,10000,Rented,Stable,Rejected
PL100140,26,Business Owner,Business,30200,2.2,2700,292000,3,Medical,0,3000,25600,Family Owned,Moderate,Approved
PL100141,43,Business Owner,Business,16200,2.8,2200,148000,1,Wedding,2,5900,8200,Owned,Stable,Rejected
PL100142,27,Salaried,Permanent,17500,2.7,1400,131000,5,Wedding,3,11700,4500,Rented,Very Stable,Rejected
PL100143,39,Salaried,Permanent,35700,14.8,7100,125000,2,Consumer Purchase,2,14600,13200,Family Owned,Moderate,Rejected
PL100144,33,Self Employed,Self Employed,56100,1.9,10600,164000,3,Debt Consolidation,3,29700,15000,Rented,Unstable,Rejected
PL100145,39,Salaried,Permanent,29000,4.2,4800,265000,2,Consumer Purchase,0,13200,11000,Rented,Moderate,Rejected
PL100146,46,Private Employee,Permanent,16800,26.0,2500,45000,3,Travel,1,5800,8600,Rented,Stable,Approved
PL100147,33,Government Employee,Permanent,20600,4.1,300,123000,2,Emergency,3,12000,8900,Family Owned,Stable,Rejected
PL100148,29,Salaried,Permanent,15000,6.2,0,113000,4,Consumer Purchase,0,7500,8100,Family Owned,Very Stable,Approved
PL100149,30,Private Employee,Contract,70800,7.6,9700,143000,3,Home Renovation,0,37300,25800,Owned,Stable,Approved
PL100150,46,Business Owner,Business,30700,13.2,800,50000,1,Emergency,3,22300,7000,Family Owned,Very Stable,Approved
PL100151,38,Private Employee,Permanent,39700,4.7,6500,155000,2,Other Personal,3,12900,22400,Owned,Very Stable,Approved
PL100152,26,Professional,Permanent,52100,1.5,0,544000,5,Wedding,3,23500,29600,Owned,Stable,Approved
PL100153,38,Professional,Permanent,25800,5.5,2200,64000,1,Consumer Purchase,3,7800,15700,Rented,Stable,Approved
PL100154,42,Salaried,Permanent,30400,1.2,2800,75000,5,Wedding,1,13500,13500,Rented,Moderate,Approved
PL100155,60,Private Employee,Permanent,32400,21.4,0,276000,4,Medical,1,9500,22300,Owned,Moderate,Approved
PL100156,25,Government Employee,Permanent,50700,5.0,2600,347000,4,Consumer Purchase,1,17600,32000,Family Owned,Stable,Approved
PL100157,36,Salaried,Permanent,35100,8.2,5800,206000,4,Medical,2,16800,13200,Rented,Moderate,Rejected
PL100158,29,Salaried,Permanent,38200,0.3,11300,330000,3,Wedding,0,21900,4500,Owned,Moderate,Rejected
PL100159,46,Private Employee,Permanent,24600,12.8,7200,91000,1,Consumer Purchase,2,11200,6700,Family Owned,Unstable,Approved
PL100160,30,Private Employee,Permanent,22700,0.6,3700,150000,3,Consumer Purchase,2,8300,10300,Rented,Moderate,Approved
PL100161,30,Private Employee,Permanent,42300,6.2,7200,400000,3,Debt Consolidation,3,19500,15600,Rented,Moderate,Rejected
PL100162,38,Government Employee,Permanent,38400,7.6,8800,280000,1,Home Renovation,1,16400,15300,Owned,Stable,Rejected
PL100163,31,Business Owner,Business,25900,1.8,1000,276000,5,Other Personal,1,7200,17000,Family Owned,Moderate,Approved
PL100164,47,Business Owner,Business,27700,8.8,0,176000,4,Emergency,2,14100,13700,Owned,Unstable,Approved
PL100165,54,Private Employee,Permanent,36800,3.1,1900,282000,3,Wedding,1,15600,19700,Rented,Stable,Approved
PL100166,25,Salaried,Permanent,23700,5.0,2400,235000,3,Medical,2,7800,13200,Rented,Stable,Rejected
PL100167,42,Government Employee,Permanent,21300,9.2,4100,87000,5,Wedding,2,10000,7600,Owned,Moderate,Rejected
PL100168,45,Self Employed,Self Employed,14800,3.4,300,120000,1,Emergency,4,2100,11300,Family Owned,Unstable,Rejected
PL100169,30,Salaried,Contract,45300,3.7,8300,407000,3,Debt Consolidation,1,8200,28900,Family Owned,Stable,Rejected
PL100170,41,Salaried,Permanent,28500,5.3,3100,61000,2,Emergency,2,14300,11700,Owned,Very Stable,Rejected
PL100171,46,Self Employed,Self Employed,26200,6.2,1000,43000,1,Consumer Purchase,1,4600,20000,Owned,Moderate,Approved
PL100172,29,Professional,Permanent,36000,9.0,8900,359000,1,Home Renovation,1,27800,300,Rented,Stable,Rejected
PL100173,29,Salaried,Permanent,32900,1.5,7600,315000,5,Consumer Purchase,0,14300,10400,Rented,Moderate,Approved
PL100174,33,Salaried,Contract,21200,0.9,3700,168000,3,Debt Consolidation,2,5300,12500,Family Owned,Moderate,Rejected
PL100175,35,Private Employee,Permanent,28000,0.9,7600,147000,4,Wedding,2,9300,10300,Rented,Stable,Approved
PL100176,31,Professional,Permanent,41400,2.4,5800,306000,4,Home Renovation,0,18300,16300,Family Owned,Moderate,Approved
PL100177,53,Business Owner,Business,33800,33.0,4000,195000,1,Wedding,2,14200,14800,Family Owned,Very Stable,Approved
PL100178,37,Salaried,Permanent,50600,4.4,5500,343000,4,Medical,0,11300,32100,Rented,Moderate,Approved
PL100179,30,Salaried,Contract,43400,3.8,1000,150000,2,Debt Consolidation,1,19800,21500,Owned,Moderate,Approved
PL100180,41,Private Employee,Permanent,39900,13.8,5100,189000,2,Debt Consolidation,0,6300,29600,Family Owned,Moderate,Approved
PL100181,30,Government Employee,Permanent,16100,3.3,1800,30000,4,Wedding,0,9900,4800,Family Owned,Very Stable,Rejected
PL100182,28,Salaried,Permanent,67700,6.6,5000,247000,4,Emergency,1,21600,38400,Owned,Stable,Approved
PL100183,38,Government Employee,Permanent,35000,4.8,1500,266000,4,Travel,1,12500,22100,Owned,Moderate,Approved
PL100184,22,Salaried,Contract,44300,0.3,9400,126000,3,Debt Consolidation,3,24500,12400,Rented,Moderate,Rejected
PL100185,33,Salaried,Permanent,66700,12.0,12800,549000,2,Emergency,0,33500,21200,Owned,Stable,Approved
PL100186,26,Self Employed,Self Employed,37500,3.5,7600,245000,1,Debt Consolidation,1,20800,8900,Rented,Moderate,Rejected
PL100187,39,Government Employee,Permanent,14100,17.9,800,138000,5,Home Renovation,2,7500,5300,Owned,Unstable,Rejected
PL100188,33,Salaried,Permanent,14000,6.2,3200,58000,1,Medical,2,6300,5300,Rented,Moderate,Approved
PL100189,33,Private Employee,Contract,15700,2.6,2900,169000,4,Other Personal,0,3800,8600,Owned,Very Stable,Rejected
PL100190,22,Self Employed,Self Employed,19200,1.0,1400,131000,2,Home Renovation,2,3500,14100,Family Owned,Stable,Approved
PL100191,45,Salaried,Contract,54600,15.5,8500,82000,1,Medical,1,23200,19500,Owned,Very Stable,Approved
PL100192,32,Private Employee,Permanent,43800,8.0,0,229000,1,Other Personal,2,17400,27900,Rented,Stable,Approved
PL100193,32,Salaried,Permanent,37400,6.1,11100,245000,1,Consumer Purchase,0,19000,6600,Rented,Stable,Approved
PL100194,21,Government Employee,Permanent,29800,0.5,4300,212000,1,Debt Consolidation,0,9100,14600,Owned,Moderate,Rejected
PL100195,46,Business Owner,Business,67200,25.5,2600,171000,3,Home Renovation,1,18900,44500,Rented,Unstable,Approved
PL100196,32,Business Owner,Business,30600,2.3,7000,67000,4,Emergency,2,12100,12100,Owned,Stable,Rejected
PL100197,32,Private Employee,Permanent,16900,2.3,200,106000,1,Medical,2,6000,10800,Family Owned,Stable,Rejected
PL100198,49,Professional,Permanent,27500,6.2,4300,82000,2,Wedding,2,5600,17700,Family Owned,Moderate,Approved
PL100199,27,Private Employee,Permanent,45200,1.4,8200,168000,1,Wedding,4,19000,18900,Rented,Stable,Approved
PL100200,36,Government Employee,Permanent,41700,0.5,8300,472000,2,Wedding,2,30800,3000,Owned,Very Stable,Rejected
PL100201,44,Government Employee,Permanent,14000,9.5,1400,80000,3,Wedding,1,6000,7100,Owned,Stable,Rejected
PL100202,36,Private Employee,Permanent,29100,14.3,3300,207000,4,Consumer Purchase,1,16800,9900,Rented,Very Stable,Approved
PL100203,35,Salaried,Permanent,66400,11.7,17900,495000,1,Home Renovation,0,42700,4300,Rented,Moderate,Approved
PL100204,39,Private Employee,Contract,23200,2.9,3900,161000,1,Medical,2,10100,10000,Rented,Stable,Rejected
PL100205,39,Salaried,Permanent,22000,3.8,4400,259000,1,Consumer Purchase,1,10900,6500,Family Owned,Moderate,Rejected
PL100206,33,Salaried,Permanent,33600,7.4,1500,216000,2,Consumer Purchase,2,11700,20700,Rented,Very Stable,Approved
PL100207,40,Private Employee,Permanent,62500,14.9,10200,348000,4,Medical,4,16300,35600,Family Owned,Unstable,Approved
PL100208,44,Salaried,Contract,18500,4.8,2200,84000,2,Emergency,0,5800,11500,Owned,Very Stable,Approved
PL100209,33,Government Employee,Permanent,38400,2.6,0,347000,4,Debt Consolidation,3,24000,12900,Rented,Stable,Approved
PL100210,42,Private Employee,Permanent,27700,1.9,2300,154000,2,Home Renovation,1,10100,15800,Family Owned,Moderate,Approved
PL100211,55,Private Employee,Permanent,15600,30.4,1900,157000,1,Travel,2,6300,7600,Rented,Stable,Approved
PL100212,43,Government Employee,Permanent,31000,15.2,6400,114000,2,Consumer Purchase,3,9600,15200,Owned,Unstable,Approved
PL100213,35,Government Employee,Permanent,27200,3.8,0,48000,1,Consumer Purchase,2,12000,14200,Family Owned,Stable,Approved
PL100214,27,Business Owner,Business,34000,3.6,8500,331000,5,Wedding,2,18500,5800,Owned,Moderate,Rejected
PL100215,31,Private Employee,Permanent,24600,4.5,8900,38000,4,Other Personal,2,16700,-800,Owned,Unstable,Rejected
PL100216,28,Business Owner,Business,30300,3.9,4900,294000,2,Wedding,0,4500,19900,Rented,Moderate,Rejected
PL100217,32,Government Employee,Permanent,23400,3.4,1800,219000,5,Wedding,4,8900,14100,Owned,Very Stable,Rejected
PL100218,47,Government Employee,Permanent,60500,27.0,5500,555000,5,Emergency,2,30900,24900,Owned,Very Stable,Approved
PL100219,46,Self Employed,Self Employed,18900,14.8,0,87000,2,Emergency,2,10100,9400,Family Owned,Moderate,Approved
PL100220,52,Self Employed,Self Employed,32600,23.8,3000,205000,1,Medical,2,18600,10000,Rented,Unstable,Rejected
PL100221,28,Professional,Permanent,26000,2.5,0,213000,5,Consumer Purchase,2,9000,17700,Rented,Stable,Rejected
PL100222,34,Government Employee,Permanent,27400,3.3,3200,85000,3,Consumer Purchase,3,5000,20700,Owned,Stable,Approved
PL100223,21,Self Employed,Self Employed,30000,0.3,14300,282000,1,Wedding,4,18500,-2500,Owned,Unstable,Approved
PL100224,44,Self Employed,Self Employed,23700,13.3,5000,170000,5,Home Renovation,3,11500,7800,Family Owned,Stable,Rejected
PL100225,52,Salaried,Permanent,14000,15.0,1000,72000,2,Consumer Purchase,0,6000,7000,Owned,Moderate,Rejected
PL100226,26,Salaried,Permanent,61400,2.4,0,161000,2,Debt Consolidation,1,31800,28500,Rented,Stable,Approved
PL100227,54,Salaried,Permanent,25700,24.9,2400,66000,2,Home Renovation,2,10800,12600,Rented,Stable,Approved
PL100228,38,Salaried,Permanent,49800,7.1,11300,189000,2,Debt Consolidation,2,25400,14600,Rented,Stable,Rejected
PL100229,43,Professional,Permanent,21300,4.4,3000,254000,2,Medical,2,2900,15100,Owned,Unstable,Rejected
PL100230,25,Self Employed,Self Employed,47500,4.2,9600,284000,2,Debt Consolidation,1,24800,15000,Family Owned,Very Stable,Rejected
PL100231,41,Salaried,Permanent,25000,15.2,7500,189000,5,Debt Consolidation,2,13700,3500,Family Owned,Unstable,Approved
PL100232,46,Private Employee,Permanent,31800,12.4,7000,256000,1,Debt Consolidation,4,14900,9900,Family Owned,Stable,Rejected
PL100233,29,Salaried,Permanent,17900,9.0,3200,143000,5,Debt Consolidation,3,6100,8800,Owned,Stable,Approved
PL100234,39,Private Employee,Permanent,17200,14.3,1900,116000,1,Home Renovation,2,7100,7700,Rented,Unstable,Approved
PL100235,38,Government Employee,Permanent,22600,7.2,700,209000,3,Medical,2,12800,8100,Owned,Very Stable,Approved
PL100236,36,Professional,Permanent,52000,16.0,9800,499000,1,Other Personal,0,26700,16200,Family Owned,Moderate,Approved
PL100237,48,Private Employee,Permanent,52600,28.0,13100,445000,1,Consumer Purchase,0,25500,15400,Rented,Moderate,Approved
PL100238,35,Private Employee,Permanent,37400,1.1,0,133000,1,Debt Consolidation,2,19100,17800,Family Owned,Stable,Approved
PL100239,42,Self Employed,Self Employed,67500,17.1,16700,600000,1,Medical,2,33800,17500,Rented,Stable,Approved
PL100240,45,Professional,Permanent,30700,9.5,7200,240000,4,Debt Consolidation,1,10500,11500,Family Owned,Stable,Approved
PL100241,21,Private Employee,Permanent,23800,0.3,0,86000,2,Home Renovation,2,9900,12900,Owned,Stable,Rejected
PL100242,35,Private Employee,Permanent,26500,15.0,3400,220000,2,Home Renovation,2,15200,7000,Family Owned,Stable,Approved
PL100243,30,Professional,Permanent,41300,6.3,7100,99000,2,Emergency,0,17600,16300,Family Owned,Stable,Approved
PL100244,32,Salaried,Permanent,28000,4.1,3000,183000,2,Other Personal,2,7400,17400,Rented,Stable,Approved
PL100245,29,Professional,Permanent,60900,5.5,18000,387000,3,Medical,2,18800,25000,Owned,Stable,Rejected
PL100246,31,Business Owner,Business,25800,4.4,7000,179000,3,Travel,0,7900,10100,Rented,Moderate,Rejected
PL100247,21,Salaried,Permanent,51000,1.0,4600,504000,1,Medical,2,13000,36800,Family Owned,Moderate,Approved
PL100248,30,Salaried,Permanent,40700,2.4,3200,193000,2,Debt Consolidation,0,11900,25500,Owned,Moderate,Approved
PL100249,25,Self Employed,Self Employed,44300,1.3,7900,311000,2,Home Renovation,4,30000,7000,Family Owned,Moderate,Approved
PL100250,28,Government Employee,Permanent,20300,1.2,3700,157000,4,Emergency,0,8100,9800,Owned,Stable,Rejected
PL100251,41,Government Employee,Permanent,14000,20.1,800,84000,2,Consumer Purchase,2,9000,4100,Owned,Very Stable,Rejected
PL100252,47,Salaried,Permanent,34200,16.9,2400,407000,1,Travel,1,19500,10900,Owned,Stable,Approved
PL100253,39,Professional,Permanent,25000,18.9,200,252000,1,Emergency,2,6400,17400,Owned,Moderate,Rejected
PL100254,39,Self Employed,Self Employed,38100,4.4,5200,417000,2,Home Renovation,1,13700,21500,Owned,Stable,Rejected
PL100255,28,Private Employee,Permanent,40300,3.1,3200,103000,5,Medical,2,11900,24500,Rented,Stable,Rejected
PL100256,28,Private Employee,Contract,25200,3.6,800,143000,3,Consumer Purchase,0,12700,11100,Family Owned,Unstable,Approved
PL100257,35,Private Employee,Permanent,22400,11.3,3200,201000,3,Travel,2,9700,9600,Rented,Very Stable,Rejected
PL100258,35,Private Employee,Contract,33000,0.7,9400,292000,4,Travel,4,6800,17200,Family Owned,Moderate,Rejected
PL100259,41,Salaried,Permanent,14000,8.6,0,112000,2,Medical,0,5300,9500,Family Owned,Unstable,Rejected
PL100260,39,Private Employee,Permanent,26900,19.0,3100,190000,1,Wedding,3,11600,12000,Family Owned,Stable,Approved
PL100261,39,Business Owner,Business,30800,17.0,2500,328000,2,Home Renovation,2,14200,14600,Rented,Stable,Approved
PL100262,52,Salaried,Permanent,40100,32.0,3900,425000,1,Other Personal,1,10800,25000,Owned,Moderate,Approved
PL100263,35,Salaried,Permanent,21500,1.6,4000,188000,2,Wedding,2,7400,10400,Rented,Unstable,Approved
PL100264,41,Government Employee,Permanent,31000,14.5,2300,255000,2,Travel,2,13400,15600,Owned,Moderate,Approved
PL100265,49,Professional,Contract,45800,12.7,4900,327000,1,Wedding,2,20100,21000,Rented,Stable,Approved
PL100266,38,Private Employee,Permanent,37700,5.2,4500,118000,2,Home Renovation,0,10700,24800,Rented,Stable,Approved
PL100267,34,Private Employee,Permanent,46300,1.9,9900,96000,4,Medical,2,18800,19800,Owned,Stable,Approved
PL100268,25,Government Employee,Permanent,20700,2.7,1200,56000,3,Home Renovation,2,7500,11300,Family Owned,Stable,Approved
PL100269,24,Salaried,Permanent,25700,4.0,4800,232000,2,Wedding,3,13600,7200,Owned,Stable,Rejected
PL100270,42,Self Employed,Self Employed,36100,11.2,7100,101000,1,Medical,1,13700,14300,Owned,Very Stable,Approved
PL100271,37,Self Employed,Self Employed,21000,7.0,3900,228000,2,Medical,2,10400,7800,Rented,Stable,Rejected
PL100272,42,Salaried,Permanent,27500,9.3,400,211000,3,Home Renovation,1,14700,11700,Owned,Very Stable,Rejected
PL100273,33,Professional,Permanent,50300,11.7,8200,427000,1,Wedding,2,25600,18500,Rented,Moderate,Approved
PL100274,29,Private Employee,Permanent,34500,1.9,6200,163000,2,Debt Consolidation,2,18700,11100,Rented,Stable,Rejected
PL100275,26,Business Owner,Business,42800,2.3,3100,203000,3,Debt Consolidation,1,16500,21700,Owned,Unstable,Approved
PL100276,37,Professional,Permanent,66200,10.1,14900,657000,2,Travel,4,16600,31400,Rented,Unstable,Approved
PL100277,31,Self Employed,Self Employed,27000,5.4,4500,315000,3,Emergency,4,6800,14100,Rented,Stable,Rejected
PL100278,30,Professional,Permanent,64000,1.2,9600,356000,4,Medical,4,31200,25200,Rented,Moderate,Approved
PL100279,53,Government Employee,Permanent,28000,15.4,4100,295000,2,Debt Consolidation,3,19600,4900,Rented,Moderate,Rejected
PL100280,46,Business Owner,Business,16900,9.9,3100,186000,3,Other Personal,3,5600,8500,Family Owned,Stable,Rejected
PL100281,31,Self Employed,Self Employed,36000,2.9,2200,105000,5,Wedding,0,22100,13000,Rented,Moderate,Approved
PL100282,44,Self Employed,Self Employed,26600,16.0,2200,211000,3,Wedding,1,6000,17900,Rented,Very Stable,Approved
PL100283,31,Salaried,Permanent,17100,6.9,3000,88000,5,Consumer Purchase,4,7400,6600,Rented,Stable,Rejected
PL100284,42,Private Employee,Permanent,24100,21.7,5800,44000,3,Consumer Purchase,2,4900,15200,Owned,Stable,Approved
PL100285,42,Salaried,Permanent,22800,5.7,2900,195000,5,Consumer Purchase,2,7300,13000,Rented,Moderate,Approved
PL100286,21,Government Employee,Permanent,42600,0.3,2600,396000,3,Travel,1,11300,26500,Rented,Unstable,Approved
PL100287,34,Salaried,Permanent,69700,1.8,10200,544000,5,Wedding,2,39600,21900,Owned,Moderate,Rejected
PL100288,37,Government Employee,Permanent,37600,1.4,7900,258000,1,Other Personal,1,25700,6000,Rented,Stable,Approved
PL100289,30,Private Employee,Permanent,39000,2.6,7100,443000,5,Debt Consolidation,2,6800,24100,Family Owned,Moderate,Rejected
PL100290,31,Government Employee,Permanent,22700,2.6,6400,73000,5,Travel,3,6700,10600,Family Owned,Moderate,Rejected
PL100291,33,Private Employee,Permanent,24000,2.4,5500,279000,1,Consumer Purchase,1,17800,800,Family Owned,Stable,Rejected
PL100292,33,Government Employee,Permanent,39700,5.3,9400,298000,5,Debt Consolidation,3,26500,3300,Owned,Moderate,Approved
PL100293,26,Salaried,Contract,39800,0.4,7100,440000,1,Debt Consolidation,3,19800,12400,Rented,Stable,Rejected
PL100294,33,Business Owner,Business,54300,9.6,9000,590000,5,Wedding,0,20500,25400,Rented,Very Stable,Rejected
PL100295,26,Private Employee,Permanent,27500,2.5,0,59000,2,Home Renovation,3,7800,19100,Owned,Moderate,Approved
PL100296,38,Salaried,Permanent,24400,4.9,3600,205000,3,Debt Consolidation,2,8700,11900,Owned,Unstable,Approved
PL100297,23,Self Employed,Self Employed,91600,0.5,16800,742000,2,Wedding,2,29800,47800,Rented,Very Stable,Approved
PL100298,24,Self Employed,Self Employed,48200,0.2,3100,259000,5,Emergency,2,26900,18800,Family Owned,Stable,Approved
PL100299,50,Government Employee,Permanent,46100,7.6,3900,237000,3,Travel,0,17400,25700,Owned,Very Stable,Approved
PL100300,47,Private Employee,Contract,18900,4.4,2700,140000,5,Home Renovation,3,8400,7400,Rented,Moderate,Approved
PL100301,47,Private Employee,Permanent,36100,4.0,0,295000,1,Emergency,1,28200,7700,Family Owned,Stable,Rejected
PL100302,39,Salaried,Permanent,55200,6.8,14000,175000,2,Medical,1,22600,19700,Family Owned,Moderate,Approved
PL100303,42,Salaried,Contract,45800,18.9,0,485000,3,Wedding,2,18700,27500,Family Owned,Stable,Approved
PL100304,58,Salaried,Permanent,49400,8.5,500,336000,2,Home Renovation,0,28800,21500,Family Owned,Stable,Approved
PL100305,21,Private Employee,Permanent,29000,0.6,5200,155000,3,Emergency,4,15400,8600,Rented,Very Stable,Rejected
PL100306,39,Salaried,Permanent,20700,11.0,6100,212000,1,Consumer Purchase,1,9900,4000,Rented,Stable,Rejected
PL100307,48,Salaried,Permanent,25600,6.8,5600,272000,1,Travel,1,4500,15900,Rented,Very Stable,Approved
PL100308,25,Private Employee,Contract,39100,0.9,9700,82000,1,Medical,2,27900,0,Owned,Stable,Approved
PL100309,31,Government Employee,Permanent,26400,2.2,4000,173000,3,Consumer Purchase,1,13900,8500,Rented,Moderate,Rejected
PL100310,27,Salaried,Permanent,47900,5.1,5400,424000,3,Consumer Purchase,2,25000,19600,Rented,Moderate,Approved
PL100311,25,Private Employee,Permanent,34700,5.0,1500,171000,1,Medical,2,20900,12000,Family Owned,Stable,Approved
PL100312,21,Self Employed,Self Employed,31300,0.5,5200,257000,2,Travel,0,18000,7200,Family Owned,Stable,Approved
PL100313,38,Self Employed,Self Employed,31400,7.9,9200,114000,3,Debt Consolidation,2,12300,10100,Owned,Stable,Approved
PL100314,44,Salaried,Permanent,15500,10.8,0,65000,2,Debt Consolidation,1,10800,5000,Owned,Moderate,Rejected
PL100315,39,Salaried,Permanent,19200,19.0,3300,157000,3,Travel,1,6500,9100,Owned,Very Stable,Rejected
PL100316,32,Salaried,Contract,55100,1.5,8700,285000,3,Emergency,2,7500,39400,Rented,Unstable,Approved
PL100317,35,Self Employed,Self Employed,29300,4.9,10200,240000,1,Consumer Purchase,2,11100,8700,Owned,Unstable,Rejected
PL100318,34,Government Employee,Permanent,26700,14.0,5600,141000,3,Emergency,2,6300,13500,Rented,Stable,Approved
PL100319,48,Private Employee,Permanent,18300,19.3,2800,70000,4,Medical,1,8500,7200,Owned,Moderate,Rejected
PL100320,31,Self Employed,Self Employed,41100,3.3,10400,100000,4,Consumer Purchase,1,13100,17600,Rented,Stable,Approved
PL100321,42,Private Employee,Contract,14000,14.3,1400,161000,1,Home Renovation,2,6300,6000,Family Owned,Moderate,Rejected
PL100322,60,Salaried,Permanent,39900,26.4,11300,433000,5,Consumer Purchase,2,15100,14400,Family Owned,Unstable,Rejected
PL100323,37,Business Owner,Business,14000,3.8,0,127000,2,Debt Consolidation,4,6400,8400,Owned,Stable,Approved
PL100324,21,Government Employee,Permanent,32100,0.6,2700,191000,2,Consumer Purchase,2,9900,18600,Family Owned,Very Stable,Rejected
PL100325,57,Salaried,Permanent,48600,12.1,6700,368000,3,Other Personal,2,16500,26600,Family Owned,Moderate,Approved
PL100326,25,Business Owner,Business,28300,1.9,9100,172000,3,Medical,2,5500,12000,Rented,Unstable,Rejected
PL100327,45,Self Employed,Self Employed,31300,7.7,600,352000,4,Consumer Purchase,2,14600,14500,Rented,Moderate,Rejected
PL100328,43,Salaried,Permanent,54500,14.8,11500,280000,3,Home Renovation,2,29000,14500,Family Owned,Very Stable,Rejected
PL100329,32,Self Employed,Self Employed,16300,12.0,2700,114000,4,Consumer Purchase,3,8400,4100,Owned,Stable,Rejected
PL100330,26,Private Employee,Contract,28800,4.2,500,173000,3,Medical,0,9300,18700,Family Owned,Unstable,Approved
PL100331,49,Salaried,Permanent,23500,6.4,2500,212000,1,Home Renovation,0,11000,9700,Family Owned,Moderate,Approved
PL100332,33,Government Employee,Permanent,29900,4.7,5800,138000,1,Home Renovation,4,9900,15100,Rented,Very Stable,Approved
PL100333,23,Private Employee,Permanent,30800,0.4,2600,322000,1,Debt Consolidation,0,10800,15800,Rented,Unstable,Rejected
PL100334,44,Private Employee,Permanent,49900,8.1,8500,193000,3,Consumer Purchase,2,6600,34500,Rented,Moderate,Approved
PL100335,39,Private Employee,Permanent,16800,19.0,2700,153000,2,Travel,3,7600,6400,Rented,Very Stable,Rejected
PL100336,21,Salaried,Permanent,39300,0.7,5900,281000,1,Medical,1,17000,15200,Family Owned,Stable,Approved
PL100337,43,Private Employee,Contract,67900,4.7,15700,447000,2,Wedding,1,32000,18800,Owned,Stable,Approved
PL100338,37,Salaried,Permanent,25200,4.2,0,232000,2,Consumer Purchase,0,18700,6400,Owned,Stable,Rejected
PL100339,42,Private Employee,Permanent,36100,14.8,0,406000,2,Home Renovation,3,9100,29000,Rented,Unstable,Approved
PL100340,57,Private Employee,Permanent,21300,7.3,0,136000,2,Home Renovation,1,12800,7900,Rented,Stable,Approved
PL100341,26,Salaried,Contract,72900,3.4,9100,305000,5,Other Personal,1,35600,27300,Rented,Stable,Approved
PL100342,37,Private Employee,Permanent,14000,2.0,1100,53000,3,Home Renovation,3,4700,9000,Rented,Unstable,Approved
PL100343,35,Self Employed,Self Employed,29900,1.9,5200,56000,2,Emergency,1,16300,8500,Rented,Unstable,Rejected
PL100344,42,Government Employee,Permanent,32100,6.7,4000,109000,3,Travel,1,13600,14200,Family Owned,Moderate,Approved
PL100345,30,Government Employee,Permanent,14000,4.4,800,146000,2,Medical,1,6500,7300,Rented,Moderate,Rejected
PL100346,39,Private Employee,Contract,16900,2.8,3600,84000,3,Medical,2,5200,7400,Family Owned,Moderate,Rejected
PL100347,48,Salaried,Permanent,23400,9.3,3800,220000,3,Medical,2,8900,11300,Owned,Stable,Rejected
PL100348,53,Private Employee,Permanent,27000,8.2,1400,210000,3,Travel,4,6800,17000,Owned,Moderate,Approved
PL100349,40,Salaried,Permanent,34100,19.3,3600,323000,1,Other Personal,1,18000,11000,Family Owned,Stable,Approved
PL100350,24,Self Employed,Self Employed,14000,0.7,2000,69000,2,Debt Consolidation,2,9600,2600,Rented,Stable,Rejected
PL100351,45,Professional,Permanent,45000,16.7,17700,492000,1,Consumer Purchase,1,15400,10700,Family Owned,Moderate,Approved
PL100352,21,Salaried,Permanent,27100,0.3,4900,120000,4,Travel,3,12800,9000,Owned,Moderate,Rejected
PL100353,21,Private Employee,Permanent,34400,0.2,500,161000,3,Wedding,3,11700,21300,Owned,Unstable,Approved
PL100354,28,Salaried,Permanent,28000,5.8,7000,268000,5,Consumer Purchase,0,5100,16000,Rented,Moderate,Approved
PL100355,26,Salaried,Permanent,21800,2.4,4800,84000,5,Home Renovation,0,8200,10100,Rented,Moderate,Rejected
PL100356,37,Private Employee,Permanent,45200,14.1,11200,432000,3,Wedding,0,18800,12500,Rented,Moderate,Rejected
PL100357,44,Salaried,Contract,56300,4.0,0,460000,4,Debt Consolidation,0,31800,23000,Family Owned,Moderate,Approved
PL100358,39,Business Owner,Business,59100,10.3,5200,531000,3,Home Renovation,1,31100,22900,Owned,Stable,Rejected
PL100359,21,Professional,Permanent,39600,0.3,0,288000,2,Emergency,4,18200,20500,Rented,Stable,Approved
PL100360,22,Self Employed,Self Employed,19300,0.1,4800,151000,2,Wedding,3,9500,5200,Owned,Stable,Rejected
PL100361,34,Self Employed,Self Employed,26700,4.4,1800,186000,1,Medical,0,4700,21000,Family Owned,Moderate,Approved
PL100362,35,Business Owner,Business,22300,12.8,0,150000,1,Travel,4,18600,3200,Owned,Moderate,Rejected
PL100363,43,Government Employee,Permanent,26000,10.1,6800,61000,2,Emergency,2,4500,13800,Owned,Stable,Approved
PL100364,42,Professional,Permanent,17500,12.1,3800,39000,3,Home Renovation,0,11000,3300,Rented,Moderate,Rejected
PL100365,40,Salaried,Contract,60600,8.5,2800,96000,5,Wedding,3,16600,42400,Rented,Moderate,Approved
PL100366,27,Private Employee,Permanent,32500,1.3,5600,186000,3,Home Renovation,2,13800,13700,Rented,Moderate,Rejected
PL100367,21,Private Employee,Contract,23100,0.4,4200,255000,3,Other Personal,4,13900,5100,Rented,Stable,Rejected
PL100368,24,Government Employee,Permanent,41500,1.1,2900,390000,4,Medical,4,27400,12700,Owned,Stable,Rejected
PL100369,47,Business Owner,Business,26500,3.0,8300,41000,3,Consumer Purchase,1,10900,6700,Owned,Moderate,Rejected
PL100370,58,Salaried,Permanent,32400,11.6,7100,80000,3,Medical,3,10700,15200,Family Owned,Stable,Approved
PL100371,21,Salaried,Permanent,21600,0.3,1100,143000,1,Consumer Purchase,2,6000,15300,Family Owned,Moderate,Rejected
PL100372,22,Private Employee,Contract,20800,1.3,1100,59000,1,Consumer Purchase,1,7400,12800,Owned,Moderate,Approved
PL100373,49,Professional,Permanent,50700,7.4,6400,361000,2,Emergency,4,16200,29500,Owned,Moderate,Approved
PL100374,36,Self Employed,Self Employed,42700,4.6,3400,72000,2,Consumer Purchase,0,27100,11300,Rented,Stable,Approved
PL100375,43,Self Employed,Self Employed,57400,2.7,8800,551000,2,Home Renovation,3,16200,32700,Owned,Stable,Approved
PL100376,24,Private Employee,Contract,27900,2.8,1600,253000,5,Travel,0,6300,18500,Owned,Stable,Approved
PL100377,34,Private Employee,Contract,31400,7.1,6400,375000,2,Debt Consolidation,2,10300,14200,Owned,Moderate,Rejected
PL100378,52,Self Employed,Self Employed,40500,21.6,5400,246000,2,Debt Consolidation,2,27500,7800,Rented,Moderate,Approved
PL100379,34,Business Owner,Business,24500,6.3,1700,42000,4,Other Personal,0,7700,15400,Family Owned,Very Stable,Approved
PL100380,35,Salaried,Permanent,18400,2.8,4200,158000,2,Travel,0,9200,5400,Owned,Unstable,Rejected
PL100381,42,Salaried,Permanent,39900,12.0,4700,362000,3,Medical,2,21100,14600,Rented,Stable,Approved
PL100382,49,Private Employee,Permanent,25900,5.0,6600,219000,3,Debt Consolidation,1,6700,12600,Owned,Moderate,Rejected
PL100383,40,Professional,Contract,29100,15.8,1400,269000,3,Consumer Purchase,4,12400,14100,Rented,Stable,Rejected
PL100384,39,Business Owner,Business,62100,8.7,16800,731000,3,Emergency,2,26900,18100,Owned,Moderate,Rejected
PL100385,29,Self Employed,Self Employed,25100,0.6,3400,72000,1,Home Renovation,1,12500,9200,Rented,Stable,Approved
PL100386,42,Government Employee,Permanent,37600,15.6,5800,146000,2,Home Renovation,1,20300,8900,Family Owned,Unstable,Rejected
PL100387,40,Private Employee,Permanent,31300,3.3,7700,258000,3,Consumer Purchase,3,10300,14900,Rented,Unstable,Rejected
PL100388,42,Private Employee,Permanent,33900,12.6,0,110000,1,Medical,4,12600,22900,Family Owned,Stable,Approved
PL100389,44,Private Employee,Permanent,15100,1.6,4000,61000,1,Debt Consolidation,1,6200,4800,Rented,Very Stable,Approved
PL100390,45,Private Employee,Permanent,40500,18.9,14100,227000,2,Other Personal,1,32100,-5300,Owned,Moderate,Rejected
PL100391,40,Private Employee,Permanent,66100,10.7,0,435000,1,Home Renovation,2,15200,52500,Family Owned,Moderate,Approved
PL100392,29,Business Owner,Business,59400,1.3,12500,131000,4,Debt Consolidation,0,23600,25400,Rented,Stable,Approved
PL100393,43,Government Employee,Permanent,30000,3.2,100,285000,1,Debt Consolidation,2,13400,18400,Owned,Stable,Approved
PL100394,45,Salaried,Permanent,76900,3.8,10700,845000,1,Debt Consolidation,0,22800,47000,Rented,Stable,Rejected
PL100395,38,Salaried,Permanent,55100,18.0,9900,219000,3,Travel,4,28700,17200,Family Owned,Stable,Approved
PL100396,32,Self Employed,Self Employed,30500,5.0,6300,248000,3,Consumer Purchase,0,9000,15000,Family Owned,Very Stable,Approved
PL100397,39,Business Owner,Business,66300,3.7,6400,724000,4,Wedding,1,27300,34800,Owned,Unstable,Rejected
PL100398,30,Government Employee,Permanent,30600,3.6,1100,124000,2,Debt Consolidation,2,7900,21900,Rented,Moderate,Approved
PL100399,28,Salaried,Contract,39800,7.2,11900,312000,1,Emergency,3,9800,18000,Family Owned,Moderate,Approved
PL100400,36,Professional,Contract,62700,4.8,0,241000,5,Emergency,0,22800,35700,Rented,Stable,Approved
PL100401,36,Professional,Permanent,25500,6.6,3300,48000,2,Home Renovation,2,9000,12400,Owned,Stable,Rejected
PL100402,28,Professional,Permanent,31000,2.0,5100,370000,2,Debt Consolidation,0,13400,14100,Rented,Very Stable,Rejected
PL100403,41,Professional,Permanent,15700,1.6,2800,154000,1,Emergency,1,7100,6000,Rented,Moderate,Approved
PL100404,39,Self Employed,Self Employed,25000,7.3,7900,241000,1,Travel,2,16100,900,Family Owned,Moderate,Rejected
PL100405,26,Business Owner,Business,41300,1.8,0,134000,4,Emergency,0,13300,27200,Family Owned,Stable,Approved
PL100406,41,Salaried,Permanent,32600,9.2,3800,185000,3,Wedding,1,4200,24800,Rented,Stable,Approved
PL100407,31,Professional,Permanent,43300,11.0,4200,406000,5,Other Personal,0,9000,29500,Family Owned,Stable,Approved
PL100408,46,Self Employed,Self Employed,14000,13.2,1900,68000,2,Home Renovation,0,4900,7500,Owned,Moderate,Approved
PL100409,26,Salaried,Permanent,38100,3.9,7700,148000,3,Other Personal,3,9500,20000,Owned,Moderate,Approved
PL100410,35,Business Owner,Business,22400,7.9,9500,76000,2,Home Renovation,2,10500,2100,Owned,Very Stable,Rejected
PL100411,36,Salaried,Contract,48300,2.1,10800,236000,5,Wedding,0,7200,28000,Family Owned,Stable,Approved
PL100412,36,Private Employee,Permanent,20900,2.9,5500,81000,1,Debt Consolidation,4,5200,9800,Family Owned,Moderate,Rejected
PL100413,52,Salaried,Permanent,49100,16.4,11700,329000,5,Travel,2,12400,24200,Owned,Moderate,Approved
PL100414,43,Self Employed,Self Employed,17100,1.6,5000,154000,2,Travel,2,5400,6500,Rented,Moderate,Rejected
PL100415,38,Professional,Contract,37500,2.5,0,381000,1,Medical,2,11500,27200,Family Owned,Stable,Approved
PL100416,36,Private Employee,Permanent,32600,6.8,6400,168000,1,Debt Consolidation,4,13400,12200,Owned,Moderate,Rejected
PL100417,44,Salaried,Permanent,35800,9.8,0,273000,4,Debt Consolidation,1,16200,21200,Family Owned,Stable,Approved
PL100418,24,Private Employee,Permanent,29500,0.2,10100,182000,3,Other Personal,0,11700,8000,Family Owned,Stable,Rejected
PL100419,43,Self Employed,Self Employed,46300,9.8,8100,355000,4,Home Renovation,2,19000,19800,Rented,Very Stable,Approved
PL100420,32,Self Employed,Self Employed,36700,2.2,6000,241000,4,Debt Consolidation,2,14600,15500,Rented,Unstable,Approved
PL100421,25,Salaried,Permanent,34900,3.6,6500,82000,3,Other Personal,0,8000,20100,Family Owned,Stable,Approved
PL100422,37,Salaried,Contract,33600,3.4,0,70000,1,Debt Consolidation,0,16300,18000,Rented,Moderate,Approved
PL100423,32,Self Employed,Self Employed,19800,5.1,0,47000,1,Other Personal,3,7100,12300,Owned,Stable,Rejected
PL100424,43,Government Employee,Permanent,36900,7.2,3900,209000,5,Medical,0,3900,31200,Rented,Stable,Approved
PL100425,33,Self Employed,Self Employed,22000,8.9,1500,121000,5,Travel,1,6800,13700,Owned,Moderate,Approved
PL100426,44,Self Employed,Self Employed,50700,4.2,5700,583000,3,Medical,2,13100,32400,Rented,Unstable,Approved
PL100427,40,Private Employee,Permanent,28400,2.3,2600,44000,4,Debt Consolidation,2,11800,13800,Rented,Stable,Approved
PL100428,31,Private Employee,Permanent,31300,3.8,5400,61000,5,Debt Consolidation,0,15200,11400,Owned,Moderate,Approved
PL100429,29,Salaried,Permanent,49300,8.8,9000,376000,1,Wedding,1,13800,28600,Owned,Stable,Approved
PL100430,42,Professional,Permanent,26000,22.0,4800,291000,1,Home Renovation,4,10500,11600,Rented,Moderate,Rejected
PL100431,39,Private Employee,Permanent,26600,12.4,3000,140000,4,Wedding,2,14800,8600,Family Owned,Stable,Approved
PL100432,32,Private Employee,Contract,32600,8.7,7000,242000,1,Home Renovation,2,10200,16700,Rented,Moderate,Approved
PL100433,43,Business Owner,Business,51700,3.2,2300,459000,2,Wedding,2,22800,25000,Owned,Moderate,Approved
PL100434,29,Salaried,Permanent,47400,0.7,14700,411000,2,Medical,0,19400,12500,Owned,Moderate,Rejected
PL100435,35,Salaried,Contract,39900,2.1,6300,288000,2,Home Renovation,1,17000,17400,Owned,Very Stable,Rejected
PL100436,28,Private Employee,Permanent,16600,2.1,1200,179000,3,Home Renovation,3,7700,8600,Owned,Moderate,Approved
PL100437,33,Salaried,Permanent,50600,2.5,8300,572000,3,Travel,2,24100,17100,Owned,Stable,Approved
PL100438,39,Salaried,Permanent,21500,10.4,1000,216000,2,Home Renovation,1,8700,11500,Family Owned,Moderate,Approved
PL100439,23,Salaried,Permanent,34600,0.7,1400,396000,1,Consumer Purchase,1,9400,23600,Rented,Unstable,Rejected
PL100440,41,Private Employee,Permanent,65100,1.0,10700,344000,4,Other Personal,0,26800,31100,Owned,Very Stable,Rejected
PL100441,40,Private Employee,Permanent,23900,7.8,1300,166000,2,Medical,2,10500,11500,Owned,Stable,Rejected
PL100442,45,Business Owner,Business,48700,25.0,14200,417000,2,Medical,0,15100,19300,Owned,Moderate,Approved
PL100443,47,Private Employee,Permanent,30000,27.0,1600,108000,1,Debt Consolidation,0,11200,18200,Rented,Unstable,Approved
PL100444,42,Self Employed,Self Employed,16400,11.5,3400,34000,2,Consumer Purchase,2,6700,5900,Family Owned,Moderate,Rejected
PL100445,42,Government Employee,Permanent,47900,6.8,2800,162000,3,Emergency,2,25100,21000,Rented,Moderate,Approved
PL100446,25,Government Employee,Permanent,29200,2.9,6500,89000,2,Medical,0,21700,2400,Rented,Very Stable,Rejected
PL100447,41,Business Owner,Business,25600,6.1,5500,220000,3,Emergency,1,10900,7400,Owned,Stable,Approved
PL100448,47,Professional,Permanent,48800,13.0,0,379000,3,Home Renovation,3,24100,26000,Owned,Unstable,Approved
PL100449,47,Salaried,Contract,38300,3.5,8600,455000,1,Debt Consolidation,3,19300,12800,Owned,Unstable,Approved
PL100450,40,Private Employee,Permanent,24000,3.3,4400,208000,5,Debt Consolidation,3,10800,9100,Rented,Stable,Rejected
PL100451,46,Salaried,Permanent,17300,26.0,3100,89000,3,Debt Consolidation,3,3800,10400,Rented,Unstable,Rejected
PL100452,53,Salaried,Permanent,30500,12.8,4200,329000,2,Medical,1,7800,18400,Owned,Very Stable,Rejected
PL100453,32,Private Employee,Contract,28100,8.6,3100,261000,5,Travel,1,10300,13300,Family Owned,Very Stable,Approved
PL100454,46,Salaried,Permanent,33200,9.0,0,101000,2,Other Personal,4,9400,25400,Rented,Moderate,Approved
PL100455,43,Professional,Contract,38500,8.6,5000,205000,5,Consumer Purchase,1,11700,21300,Owned,Unstable,Rejected
PL100456,28,Professional,Contract,50500,6.8,6600,468000,1,Home Renovation,1,11900,33400,Rented,Unstable,Approved
PL100457,40,Government Employee,Permanent,51000,17.3,5800,596000,2,Debt Consolidation,2,25800,21200,Family Owned,Very Stable,Approved
PL100458,42,Private Employee,Permanent,134300,14.6,5000,528000,1,Wedding,2,17900,110200,Rented,Moderate,Approved
PL100459,30,Salaried,Permanent,39000,7.9,10100,465000,3,Travel,1,20300,7900,Family Owned,Stable,Approved
PL100460,27,Salaried,Permanent,21300,3.0,3500,96000,4,Emergency,2,12800,5400,Rented,Stable,Rejected
PL100461,42,Salaried,Permanent,35300,22.0,3100,265000,1,Medical,1,18400,15600,Rented,Moderate,Approved
PL100462,36,Salaried,Permanent,27100,6.8,0,150000,3,Consumer Purchase,1,7700,19800,Rented,Unstable,Approved
PL100463,31,Salaried,Permanent,20400,5.0,1100,173000,1,Wedding,3,9500,9200,Owned,Unstable,Rejected
PL100464,22,Salaried,Permanent,27400,0.7,2800,167000,1,Other Personal,2,13200,10900,Family Owned,Stable,Approved
PL100465,37,Salaried,Permanent,88500,17.0,22600,367000,3,Consumer Purchase,2,18300,50100,Owned,Moderate,Approved
PL100466,32,Salaried,Permanent,29000,3.3,4000,109000,5,Consumer Purchase,1,16700,8600,Family Owned,Moderate,Rejected
PL100467,25,Self Employed,Self Employed,60600,1.8,6000,269000,1,Debt Consolidation,1,25600,27200,Family Owned,Moderate,Approved
PL100468,40,Self Employed,Self Employed,52700,10.7,10600,600000,2,Medical,3,29600,14300,Owned,Moderate,Approved
PL100469,39,Salaried,Permanent,37900,4.3,7900,208000,2,Other Personal,3,7700,22000,Rented,Very Stable,Rejected
PL100470,27,Salaried,Permanent,52500,5.4,7600,552000,1,Debt Consolidation,0,28900,16600,Family Owned,Stable,Approved
PL100471,27,Private Employee,Permanent,40600,0.2,8800,215000,4,Debt Consolidation,0,21900,8300,Family Owned,Moderate,Rejected
PL100472,27,Self Employed,Self Employed,18700,1.1,3800,170000,2,Consumer Purchase,2,14200,900,Owned,Stable,Rejected
PL100473,39,Salaried,Permanent,41900,11.7,9300,167000,1,Consumer Purchase,2,13200,18400,Rented,Moderate,Approved
PL100474,42,Private Employee,Permanent,34200,4.0,4700,198000,1,Other Personal,0,3400,25800,Owned,Very Stable,Approved
PL100475,21,Salaried,Contract,15600,0.1,900,138000,1,Home Renovation,2,8200,6400,Family Owned,Moderate,Rejected
PL100476,32,Salaried,Permanent,35100,4.1,3800,263000,3,Debt Consolidation,3,10100,20400,Owned,Stable,Approved
PL100477,34,Salaried,Permanent,32400,4.2,6900,236000,5,Wedding,3,17800,8200,Family Owned,Moderate,Rejected
PL100478,60,Government Employee,Permanent,36600,28.8,10300,295000,1,Home Renovation,2,9600,16000,Family Owned,Stable,Approved
PL100479,35,Self Employed,Self Employed,108300,12.3,24900,718000,1,Consumer Purchase,3,56100,28100,Rented,Stable,Rejected
PL100480,30,Private Employee,Permanent,69800,2.5,9400,593000,2,Medical,0,25100,35800,Rented,Stable,Approved
PL100481,46,Self Employed,Self Employed,36200,11.2,8400,146000,5,Debt Consolidation,1,18700,9700,Rented,Stable,Approved
PL100482,24,Business Owner,Business,52000,1.4,3900,373000,4,Home Renovation,0,24500,22600,Owned,Very Stable,Approved
PL100483,22,Private Employee,Contract,27300,0.7,7100,268000,2,Consumer Purchase,3,14200,5300,Rented,Moderate,Rejected
PL100484,42,Private Employee,Permanent,24500,3.6,7600,109000,5,Wedding,0,13000,3700,Rented,Stable,Approved
PL100485,40,Salaried,Permanent,46700,6.0,11200,490000,3,Medical,3,22900,14000,Owned,Very Stable,Rejected
PL100486,27,Self Employed,Self Employed,28400,2.5,1100,45000,3,Home Renovation,4,7300,19500,Owned,Moderate,Approved
PL100487,40,Salaried,Permanent,38400,20.0,1700,253000,2,Consumer Purchase,2,23600,14400,Owned,Unstable,Rejected
PL100488,33,Self Employed,Self Employed,24400,1.9,5900,199000,4,Debt Consolidation,2,10300,8000,Family Owned,Stable,Rejected
PL100489,26,Self Employed,Self Employed,34000,1.4,6500,174000,5,Consumer Purchase,0,16700,10100,Owned,Stable,Rejected
PL100490,47,Salaried,Permanent,44800,11.9,2900,231000,4,Home Renovation,1,16700,26000,Rented,Moderate,Approved
PL100491,30,Self Employed,Self Employed,53800,1.2,4100,121000,2,Debt Consolidation,3,29100,19400,Family Owned,Moderate,Approved
PL100492,37,Private Employee,Permanent,25700,5.7,4900,165000,1,Wedding,3,11600,8400,Owned,Moderate,Approved
PL100493,49,Private Employee,Permanent,72100,29.0,3300,798000,1,Medical,2,35200,34700,Rented,Stable,Approved
PL100494,43,Business Owner,Business,38800,3.3,7000,292000,2,Medical,3,11600,21100,Rented,Moderate,Approved
PL100495,29,Salaried,Permanent,33800,2.2,9400,351000,4,Home Renovation,0,18600,5300,Family Owned,Stable,Rejected
PL100496,48,Private Employee,Contract,38100,5.8,6100,390000,4,Debt Consolidation,3,17400,14600,Rented,Moderate,Rejected
PL100497,33,Salaried,Permanent,35200,1.8,11400,339000,5,Consumer Purchase,4,6900,15700,Owned,Moderate,Rejected
PL100498,27,Self Employed,Self Employed,37800,2.1,7600,313000,1,Home Renovation,2,12100,16400,Family Owned,Very Stable,Approved
PL100499,35,Professional,Contract,39200,0.7,5900,86000,3,Medical,3,18500,13400,Family Owned,Stable,Approved
PL100500,28,Salaried,Permanent,34000,1.5,7800,314000,3,Travel,1,18100,7900,Owned,Unstable,Rejected
PL100501,26,Salaried,Permanent,63600,4.8,15800,663000,5,Emergency,2,33600,10700,Rented,Very Stable,Rejected
PL100502,28,Private Employee,Contract,33500,1.3,2200,196000,2,Debt Consolidation,1,9300,22800,Rented,Stable,Approved
PL100503,58,Self Employed,Self Employed,17000,14.2,2100,158000,5,Debt Consolidation,2,7500,7200,Owned,Stable,Rejected
PL100504,42,Business Owner,Business,71500,14.6,3200,297000,5,Medical,2,20600,51000,Rented,Stable,Approved
PL100505,21,Self Employed,Self Employed,39000,0.4,0,187000,3,Home Renovation,0,15100,23700,Owned,Stable,Rejected
PL100506,43,Self Employed,Self Employed,17800,5.6,2300,64000,5,Consumer Purchase,1,5500,9400,Rented,Very Stable,Rejected
PL100507,44,Business Owner,Business,21700,12.2,4000,34000,2,Other Personal,0,10400,8800,Rented,Moderate,Rejected
PL100508,26,Private Employee,Permanent,30000,2.3,3300,232000,2,Consumer Purchase,2,17200,8200,Rented,Moderate,Rejected
PL100509,32,Private Employee,Permanent,40300,10.4,6800,422000,1,Wedding,2,26000,7300,Rented,Stable,Rejected
PL100510,21,Salaried,Permanent,14000,0.6,1500,74000,2,Debt Consolidation,0,6400,6000,Rented,Unstable,Rejected
PL100511,32,Salaried,Permanent,14000,7.5,800,96000,5,Consumer Purchase,2,5000,8000,Owned,Very Stable,Approved
PL100512,21,Professional,Permanent,34200,0.4,6000,288000,1,Medical,0,6000,21500,Family Owned,Stable,Rejected
PL100513,37,Salaried,Permanent,60800,9.6,2300,335000,4,Wedding,1,30500,27600,Family Owned,Stable,Approved
PL100514,49,Salaried,Permanent,60300,29.0,7800,425000,3,Debt Consolidation,3,35100,18200,Owned,Very Stable,Approved
PL100515,43,Salaried,Contract,21000,8.1,1000,251000,3,Wedding,1,12900,6800,Owned,Stable,Rejected
PL100516,40,Private Employee,Permanent,42700,8.5,3400,321000,4,Consumer Purchase,3,15300,25600,Rented,Moderate,Approved
PL100517,38,Salaried,Permanent,42400,13.1,2700,310000,2,Emergency,1,17100,22000,Owned,Unstable,Approved
PL100518,50,Self Employed,Self Employed,36400,14.9,10800,193000,2,Home Renovation,3,17200,7800,Owned,Stable,Approved
PL100519,45,Business Owner,Business,56900,11.1,8700,368000,2,Wedding,2,24400,24300,Family Owned,Stable,Approved
PL100520,21,Government Employee,Permanent,23300,0.4,1600,166000,3,Consumer Purchase,1,6100,15900,Family Owned,Stable,Approved
PL100521,35,Private Employee,Contract,39000,4.5,3400,193000,3,Consumer Purchase,0,9200,26900,Rented,Unstable,Rejected
PL100522,26,Salaried,Contract,79000,3.5,17200,869000,1,Wedding,3,44100,18000,Owned,Moderate,Approved
PL100523,46,Salaried,Permanent,28300,9.1,4400,140000,3,Travel,1,17200,5600,Rented,Moderate,Rejected
PL100524,40,Self Employed,Self Employed,26600,10.0,5500,189000,1,Debt Consolidation,2,8900,11700,Owned,Moderate,Rejected
PL100525,28,Self Employed,Self Employed,46300,1.1,8800,99000,4,Medical,1,25800,12100,Rented,Moderate,Rejected
PL100526,49,Self Employed,Self Employed,38900,14.3,9300,395000,3,Other Personal,0,18900,9500,Owned,Unstable,Rejected
PL100527,40,Self Employed,Self Employed,14500,18.6,0,121000,1,Debt Consolidation,2,5700,9400,Rented,Moderate,Approved
PL100528,60,Government Employee,Permanent,52800,2.8,7200,207000,2,Other Personal,2,23500,24300,Family Owned,Stable,Rejected
PL100529,29,Self Employed,Self Employed,19000,3.0,0,144000,2,Emergency,1,11000,7300,Owned,Very Stable,Approved
PL100530,33,Government Employee,Permanent,47800,2.1,15500,112000,1,Consumer Purchase,0,16200,15000,Rented,Very Stable,Approved
PL100531,23,Salaried,Permanent,31200,0.9,3700,138000,4,Emergency,2,12400,14600,Rented,Very Stable,Approved
PL100532,31,Salaried,Contract,32500,3.2,8600,217000,2,Emergency,4,9800,12700,Owned,Stable,Rejected
PL100533,29,Government Employee,Permanent,34100,1.7,7100,110000,2,Wedding,1,6900,19300,Rented,Stable,Approved
PL100534,39,Salaried,Permanent,22300,5.7,1700,168000,4,Consumer Purchase,2,12200,8900,Rented,Stable,Rejected
PL100535,29,Private Employee,Permanent,57000,8.4,15700,450000,2,Consumer Purchase,0,15000,28100,Rented,Moderate,Approved
PL100536,32,Private Employee,Permanent,34700,9.0,4200,86000,5,Other Personal,3,15800,14600,Owned,Moderate,Approved
PL100537,31,Government Employee,Permanent,28400,10.7,7200,168000,5,Medical,1,14600,5900,Owned,Very Stable,Approved
PL100538,33,Private Employee,Contract,69800,3.0,4900,536000,3,Consumer Purchase,1,27000,37200,Rented,Stable,Approved
PL100539,40,Government Employee,Permanent,31800,13.1,5900,206000,2,Medical,0,15800,9800,Rented,Very Stable,Rejected
PL100540,21,Professional,Permanent,22400,0.3,2900,250000,2,Debt Consolidation,3,7600,11900,Owned,Stable,Rejected
PL100541,41,Professional,Permanent,48100,12.9,7800,539000,3,Wedding,0,32200,7200,Family Owned,Unstable,Rejected
PL100542,35,Private Employee,Permanent,25400,0.3,1600,142000,2,Medical,1,8300,15400,Family Owned,Moderate,Rejected
PL100543,30,Salaried,Permanent,70300,4.0,0,327000,3,Emergency,4,53300,17800,Owned,Moderate,Rejected
PL100544,35,Salaried,Permanent,28600,7.5,200,251000,1,Medical,0,7200,22500,Family Owned,Stable,Approved
PL100545,39,Private Employee,Permanent,25900,5.6,7100,230000,1,Wedding,3,7600,11100,Rented,Stable,Rejected
PL100546,44,Government Employee,Permanent,23200,6.3,700,81000,1,Emergency,1,8000,15200,Family Owned,Very Stable,Rejected
PL100547,33,Business Owner,Business,33200,4.2,3200,269000,3,Wedding,0,17500,13200,Family Owned,Stable,Approved
PL100548,48,Private Employee,Permanent,27600,1.3,2800,324000,2,Wedding,0,9800,15200,Owned,Very Stable,Approved
PL100549,50,Government Employee,Permanent,30400,5.8,7100,308000,2,Emergency,1,21000,2500,Family Owned,Moderate,Rejected
PL100550,36,Private Employee,Permanent,17600,2.4,5100,45000,2,Consumer Purchase,1,7200,5200,Family Owned,Moderate,Rejected
PL100551,52,Self Employed,Self Employed,38200,27.4,10900,132000,4,Emergency,1,19500,9000,Owned,Moderate,Rejected
PL100552,23,Salaried,Permanent,43000,1.4,0,261000,3,Debt Consolidation,1,17300,25000,Owned,Very Stable,Approved
PL100553,26,Self Employed,Self Employed,50600,5.0,0,347000,1,Travel,1,15700,36200,Owned,Stable,Approved
PL100554,44,Salaried,Contract,25300,0.7,1100,100000,4,Consumer Purchase,3,7400,16300,Rented,Moderate,Rejected
PL100555,51,Private Employee,Permanent,38800,6.9,8300,311000,1,Consumer Purchase,4,18600,12100,Rented,Very Stable,Approved
PL100556,26,Private Employee,Permanent,51200,3.9,9600,225000,5,Debt Consolidation,0,22300,21000,Owned,Stable,Approved
PL100557,43,Private Employee,Permanent,39100,4.2,10200,251000,3,Debt Consolidation,1,3900,25600,Owned,Very Stable,Approved
PL100558,49,Salaried,Permanent,24600,20.6,500,204000,2,Travel,0,12500,11100,Rented,Unstable,Rejected
PL100559,29,Private Employee,Permanent,47400,2.1,2800,266000,2,Consumer Purchase,2,18800,25400,Owned,Unstable,Approved
PL100560,26,Salaried,Permanent,60500,6.0,10600,421000,5,Home Renovation,3,35600,12500,Rented,Stable,Rejected
PL100561,37,Salaried,Permanent,35100,3.1,2300,155000,1,Consumer Purchase,0,13200,19700,Rented,Very Stable,Approved
PL100562,28,Business Owner,Business,38800,8.0,9400,98000,1,Other Personal,2,17500,13200,Owned,Very Stable,Approved
PL100563,21,Self Employed,Self Employed,20500,0.5,0,145000,2,Debt Consolidation,0,9000,11900,Rented,Very Stable,Approved
PL100564,43,Private Employee,Contract,26600,6.1,9200,257000,3,Debt Consolidation,4,8400,9700,Family Owned,Stable,Rejected
PL100565,35,Self Employed,Self Employed,50500,11.7,6300,259000,5,Other Personal,1,21900,23300,Rented,Stable,Approved
PL100566,30,Self Employed,Self Employed,33200,2.6,0,123000,3,Medical,2,14300,17800,Rented,Moderate,Approved
PL100567,42,Salaried,Permanent,22100,7.8,7600,66000,5,Consumer Purchase,1,12900,2200,Owned,Stable,Approved
PL100568,35,Salaried,Permanent,61700,10.6,1400,394000,4,Home Renovation,1,20200,37200,Family Owned,Moderate,Rejected
PL100569,45,Salaried,Contract,52700,12.3,11600,277000,2,Home Renovation,1,15600,24500,Owned,Moderate,Approved
PL100570,40,Business Owner,Business,28900,6.4,2700,286000,4,Wedding,1,16900,9900,Family Owned,Moderate,Approved
PL100571,26,Private Employee,Permanent,105400,0.9,0,889000,3,Travel,2,64000,35700,Owned,Stable,Approved
PL100572,45,Private Employee,Contract,26500,7.1,2500,318000,1,Emergency,2,7500,17100,Rented,Unstable,Rejected
PL100573,45,Business Owner,Business,16000,2.0,4100,172000,1,Home Renovation,3,6000,5900,Owned,Moderate,Rejected
PL100574,34,Salaried,Permanent,30700,12.3,5700,146000,5,Travel,2,16200,8700,Owned,Stable,Approved
PL100575,51,Salaried,Permanent,16500,2.9,0,130000,3,Debt Consolidation,2,3400,12700,Owned,Moderate,Approved
PL100576,38,Salaried,Permanent,41400,6.3,8000,394000,3,Medical,3,14300,16200,Owned,Stable,Approved
PL100577,41,Salaried,Permanent,62200,13.5,6600,489000,2,Emergency,1,24400,30800,Owned,Stable,Approved
PL100578,35,Government Employee,Permanent,23100,2.7,5400,163000,2,Other Personal,4,9500,8600,Family Owned,Moderate,Rejected
PL100579,21,Salaried,Contract,27300,0.2,0,226000,5,Emergency,2,12100,16400,Family Owned,Very Stable,Approved
PL100580,44,Private Employee,Permanent,26200,24.0,0,85000,4,Other Personal,1,7900,18900,Owned,Very Stable,Approved
PL100581,36,Private Employee,Permanent,28000,3.4,0,173000,4,Medical,0,15400,14100,Rented,Stable,Approved
PL100582,24,Private Employee,Permanent,31100,1.3,7600,200000,3,Consumer Purchase,3,12300,11000,Rented,Stable,Rejected
PL100583,40,Government Employee,Permanent,24300,0.7,4000,39000,2,Medical,1,7800,11800,Owned,Moderate,Rejected
PL100584,39,Self Employed,Self Employed,43500,5.5,16800,204000,5,Wedding,2,22400,4900,Owned,Unstable,Rejected
PL100585,37,Self Employed,Self Employed,20300,9.6,1500,49000,1,Medical,0,11000,8800,Family Owned,Moderate,Approved
PL100586,34,Salaried,Permanent,37000,7.7,1800,358000,1,Home Renovation,2,17100,18300,Owned,Moderate,Rejected
PL100587,36,Salaried,Permanent,47800,4.6,0,557000,3,Travel,1,30100,15800,Rented,Stable,Approved
PL100588,32,Government Employee,Permanent,21100,3.5,5300,219000,1,Debt Consolidation,1,5300,10100,Owned,Moderate,Rejected
PL100589,37,Private Employee,Permanent,16100,9.5,2900,81000,3,Home Renovation,2,7900,5500,Family Owned,Moderate,Rejected
PL100590,31,Salaried,Permanent,18700,2.4,3400,71000,1,Home Renovation,1,5800,9800,Family Owned,Very Stable,Approved
PL100591,29,Government Employee,Permanent,27400,0.8,4700,188000,2,Other Personal,2,16800,5800,Family Owned,Stable,Rejected
PL100592,31,Self Employed,Self Employed,18700,3.3,5700,221000,1,Other Personal,1,9100,3600,Rented,Stable,Rejected
PL100593,44,Private Employee,Permanent,64700,13.8,3200,429000,3,Consumer Purchase,3,36600,23300,Rented,Unstable,Approved
PL100594,32,Business Owner,Business,32500,5.1,8800,66000,3,Medical,2,20100,3300,Owned,Very Stable,Rejected
PL100595,36,Salaried,Permanent,24000,16.0,4500,95000,1,Travel,1,12200,7300,Owned,Very Stable,Approved
PL100596,22,Private Employee,Permanent,23200,0.7,2000,100000,1,Home Renovation,1,8700,12700,Owned,Stable,Approved
PL100597,38,Self Employed,Self Employed,47700,17.6,5700,392000,3,Home Renovation,1,11600,29000,Family Owned,Moderate,Approved
PL100598,43,Government Employee,Permanent,53700,7.9,3800,556000,2,Medical,4,20900,29900,Owned,Stable,Approved
PL100599,40,Private Employee,Permanent,26900,13.1,5700,106000,2,Travel,1,9800,10600,Family Owned,Stable,Approved
PL100600,29,Private Employee,Permanent,36200,6.3,10000,236000,2,Consumer Purchase,0,14200,11100,Family Owned,Stable,Approved
PL100601,38,Salaried,Permanent,41200,12.7,9700,423000,5,Debt Consolidation,0,21700,9200,Owned,Very Stable,Approved
PL100602,30,Private Employee,Contract,40400,3.0,11100,153000,3,Consumer Purchase,2,15100,14900,Rented,Unstable,Approved
PL100603,38,Salaried,Permanent,44500,2.1,5900,199000,1,Wedding,0,25700,15000,Owned,Moderate,Approved
PL100604,28,Government Employee,Permanent,53000,2.4,2900,615000,5,Medical,0,22600,26000,Owned,Stable,Approved
PL100605,45,Salaried,Permanent,43700,9.5,6700,335000,2,Consumer Purchase,2,13700,24500,Rented,Moderate,Approved
PL100606,47,Government Employee,Permanent,26300,6.8,600,270000,1,Medical,2,13300,11700,Rented,Stable,Approved
PL100607,34,Self Employed,Self Employed,28600,3.7,4500,179000,4,Home Renovation,2,9900,15100,Owned,Very Stable,Approved
PL100608,29,Private Employee,Permanent,16800,1.8,3100,44000,2,Home Renovation,3,8300,5400,Rented,Moderate,Rejected
PL100609,22,Self Employed,Self Employed,35800,0.3,6700,413000,4,Other Personal,1,13700,14100,Owned,Unstable,Rejected
PL100610,56,Self Employed,Self Employed,34700,20.9,0,217000,5,Emergency,3,9400,26600,Rented,Moderate,Approved
PL100611,39,Salaried,Permanent,26500,0.8,3800,227000,3,Debt Consolidation,2,14700,7500,Family Owned,Very Stable,Approved
PL100612,33,Salaried,Permanent,37600,1.9,300,422000,4,Travel,3,8000,28500,Rented,Unstable,Approved
PL100613,31,Salaried,Permanent,27000,3.1,1600,237000,4,Consumer Purchase,4,14600,11000,Rented,Stable,Rejected
PL100614,26,Private Employee,Contract,22600,1.8,3700,133000,4,Emergency,1,12800,5700,Rented,Moderate,Rejected
PL100615,43,Government Employee,Permanent,57300,11.3,8400,92000,5,Emergency,2,29900,18600,Owned,Unstable,Rejected
PL100616,39,Salaried,Permanent,25700,6.6,0,137000,1,Wedding,3,15200,10300,Rented,Stable,Approved
PL100617,30,Private Employee,Permanent,31600,4.6,3400,249000,3,Home Renovation,0,14000,15400,Owned,Stable,Approved
PL100618,39,Private Employee,Permanent,44400,9.2,5000,275000,2,Debt Consolidation,0,29900,7200,Rented,Very Stable,Rejected
PL100619,41,Self Employed,Self Employed,20800,17.3,2300,178000,2,Medical,1,9200,8700,Family Owned,Moderate,Rejected
PL100620,38,Salaried,Permanent,35700,8.1,3800,116000,1,Wedding,0,10000,22400,Owned,Moderate,Approved
PL100621,51,Salaried,Permanent,21700,7.9,6500,72000,3,Home Renovation,1,9000,6600,Owned,Moderate,Rejected
PL100622,32,Self Employed,Self Employed,43200,12.0,0,169000,3,Consumer Purchase,3,14000,29300,Family Owned,Moderate,Approved
PL100623,22,Self Employed,Self Employed,87100,1.5,8500,762000,1,Other Personal,3,48400,25900,Owned,Stable,Approved
PL100624,39,Salaried,Permanent,51100,17.2,0,190000,2,Wedding,0,23800,27100,Rented,Stable,Approved
PL100625,33,Government Employee,Permanent,57900,5.6,5500,685000,2,Travel,3,21400,28400,Owned,Stable,Rejected
PL100626,35,Salaried,Permanent,42100,5.3,10100,174000,2,Wedding,0,25100,9600,Family Owned,Stable,Rejected
PL100627,40,Professional,Permanent,71900,7.4,31200,437000,1,Travel,1,32400,9100,Rented,Stable,Rejected
PL100628,26,Private Employee,Contract,14000,0.6,2900,104000,4,Emergency,2,7400,3400,Family Owned,Moderate,Rejected
PL100629,22,Salaried,Permanent,38100,0.4,5500,360000,2,Emergency,1,13100,21600,Owned,Stable,Approved
PL100630,42,Private Employee,Contract,50900,5.4,11300,372000,2,Medical,1,32200,10000,Family Owned,Very Stable,Approved
PL100631,37,Salaried,Permanent,29200,3.1,2300,196000,1,Home Renovation,1,3500,24400,Rented,Unstable,Rejected
PL100632,49,Private Employee,Contract,44200,2.6,9000,266000,1,Other Personal,1,21000,15700,Owned,Unstable,Approved
PL100633,43,Business Owner,Business,25700,13.1,4500,53000,3,Debt Consolidation,0,14700,6100,Rented,Very Stable,Rejected
PL100634,37,Private Employee,Permanent,62400,3.8,16300,160000,1,Emergency,2,26300,21500,Rented,Stable,Approved
PL100635,24,Private Employee,Permanent,33000,0.8,4500,329000,2,Wedding,1,13000,14900,Rented,Moderate,Approved
PL100636,53,Salaried,Permanent,29600,11.1,5300,148000,3,Debt Consolidation,2,20200,5000,Rented,Very Stable,Rejected
PL100637,21,Private Employee,Permanent,24300,0.3,2400,150000,2,Other Personal,0,13800,8300,Owned,Very Stable,Approved
PL100638,35,Salaried,Contract,34300,5.5,4900,268000,5,Wedding,2,13500,17200,Owned,Stable,Approved
PL100639,25,Private Employee,Contract,65400,1.9,9900,99000,3,Wedding,2,19600,36800,Owned,Stable,Approved
PL100640,35,Private Employee,Contract,55800,4.7,10800,586000,1,Home Renovation,0,18600,27000,Rented,Stable,Approved
PL100641,37,Salaried,Permanent,22800,10.2,3500,164000,3,Consumer Purchase,2,4600,14100,Owned,Stable,Approved
PL100642,28,Professional,Permanent,34900,7.1,4200,204000,2,Home Renovation,2,17900,11200,Rented,Very Stable,Approved
PL100643,25,Salaried,Permanent,41200,1.1,3000,78000,2,Wedding,3,9400,27500,Owned,Stable,Approved
PL100644,31,Government Employee,Permanent,30300,6.3,3700,296000,1,Home Renovation,3,15700,8400,Owned,Stable,Rejected
PL100645,36,Business Owner,Business,36400,11.9,3500,107000,5,Debt Consolidation,2,16900,15900,Family Owned,Moderate,Approved
PL100646,40,Professional,Permanent,57000,10.2,7900,588000,2,Consumer Purchase,1,12700,36600,Owned,Stable,Approved
PL100647,39,Professional,Contract,31700,2.2,700,199000,4,Travel,2,20800,9100,Rented,Stable,Rejected
PL100648,31,Self Employed,Self Employed,40900,8.5,12200,133000,2,Medical,2,22700,7800,Rented,Stable,Rejected
PL100649,28,Salaried,Permanent,54100,3.6,4000,131000,3,Home Renovation,3,20200,31700,Family Owned,Stable,Approved
PL100650,48,Salaried,Permanent,46600,14.5,13900,246000,5,Other Personal,2,10800,22100,Rented,Moderate,Approved
PL100651,22,Government Employee,Permanent,35800,0.5,1000,246000,3,Debt Consolidation,2,7800,27700,Family Owned,Stable,Approved
PL100652,42,Self Employed,Self Employed,63600,4.8,20500,728000,2,Home Renovation,2,29200,13600,Rented,Stable,Approved
PL100653,28,Professional,Contract,24100,4.0,5200,82000,2,Medical,2,13000,6500,Owned,Unstable,Approved
PL100654,37,Business Owner,Business,15900,11.6,500,69000,4,Consumer Purchase,1,6700,8600,Owned,Unstable,Rejected
PL100655,47,Business Owner,Business,38800,8.4,6600,161000,2,Travel,2,12700,20400,Rented,Very Stable,Approved
PL100656,35,Government Employee,Permanent,78600,2.9,14700,288000,2,Wedding,3,18800,43400,Rented,Very Stable,Approved
PL100657,40,Salaried,Permanent,89000,4.7,26200,153000,1,Debt Consolidation,1,55800,12400,Family Owned,Unstable,Rejected
PL100658,36,Private Employee,Permanent,22500,2.6,2900,235000,5,Consumer Purchase,2,10900,8500,Rented,Moderate,Rejected
PL100659,37,Private Employee,Permanent,26100,2.7,6300,146000,1,Debt Consolidation,2,8000,10800,Rented,Moderate,Approved
PL100660,36,Private Employee,Permanent,15500,3.9,2100,82000,3,Consumer Purchase,2,6200,6600,Family Owned,Stable,Rejected
PL100661,39,Salaried,Contract,35400,5.0,0,306000,3,Medical,2,21800,14100,Family Owned,Stable,Approved
PL100662,30,Private Employee,Permanent,45900,3.0,8700,227000,1,Debt Consolidation,1,19800,17800,Family Owned,Very Stable,Approved
PL100663,31,Salaried,Permanent,21700,3.7,2400,219000,2,Other Personal,0,10700,7900,Owned,Stable,Rejected
PL100664,29,Salaried,Permanent,27500,4.2,4200,117000,3,Medical,1,17700,6300,Owned,Moderate,Rejected
PL100665,43,Private Employee,Permanent,61300,6.9,13800,379000,3,Home Renovation,1,37100,10700,Rented,Very Stable,Approved
PL100666,56,Private Employee,Permanent,80400,8.2,23600,306000,3,Home Renovation,2,46400,12200,Family Owned,Very Stable,Approved
PL100667,45,Self Employed,Self Employed,48900,3.8,2800,518000,2,Travel,2,22300,22800,Family Owned,Moderate,Approved
PL100668,42,Government Employee,Permanent,26200,5.5,2500,244000,2,Wedding,3,13600,9900,Family Owned,Moderate,Rejected
PL100669,29,Professional,Permanent,73700,1.4,7400,564000,4,Home Renovation,1,44700,23200,Rented,Moderate,Approved
PL100670,21,Salaried,Permanent,42400,0.6,7400,305000,5,Other Personal,2,21100,16500,Owned,Stable,Rejected
PL100671,21,Professional,Contract,28100,0.7,4000,141000,1,Wedding,1,12400,11000,Family Owned,Very Stable,Rejected
PL100672,21,Self Employed,Self Employed,25300,1.0,3200,210000,5,Other Personal,0,8800,13100,Family Owned,Very Stable,Approved
PL100673,35,Government Employee,Permanent,14000,0.9,1200,67000,3,Medical,2,7200,4600,Owned,Moderate,Rejected
PL100674,28,Self Employed,Self Employed,72400,3.6,2800,214000,5,Debt Consolidation,2,13000,57500,Owned,Very Stable,Approved
PL100675,38,Private Employee,Permanent,106700,12.9,6500,498000,4,Emergency,3,27600,66700,Family Owned,Stable,Approved
PL100676,40,Self Employed,Self Employed,32800,4.8,2800,219000,4,Home Renovation,2,18700,10400,Family Owned,Very Stable,Rejected
PL100677,31,Salaried,Permanent,44200,0.3,9000,171000,1,Consumer Purchase,3,27900,7200,Rented,Moderate,Rejected
PL100678,28,Government Employee,Permanent,32300,5.6,1900,323000,5,Emergency,4,14800,14800,Rented,Moderate,Approved
PL100679,47,Government Employee,Permanent,36500,10.1,11800,267000,2,Consumer Purchase,1,19800,5600,Family Owned,Stable,Rejected
PL100680,40,Private Employee,Permanent,20400,4.4,0,186000,4,Travel,1,13000,8000,Rented,Unstable,Rejected
PL100681,36,Self Employed,Self Employed,40700,15.1,3900,365000,3,Home Renovation,0,8100,28400,Owned,Stable,Approved
PL100682,37,Salaried,Contract,78100,3.8,11200,329000,2,Medical,3,9900,55500,Rented,Unstable,Approved
PL100683,43,Self Employed,Self Employed,32700,20.6,5500,241000,2,Medical,4,9400,16300,Family Owned,Stable,Approved
PL100684,31,Private Employee,Permanent,28500,0.9,4700,308000,2,Travel,4,7800,15900,Family Owned,Stable,Rejected
PL100685,44,Private Employee,Permanent,54400,2.9,7000,97000,2,Consumer Purchase,1,19300,27000,Family Owned,Stable,Approved
PL100686,41,Government Employee,Permanent,24500,11.0,5100,87000,2,Medical,1,21500,-2500,Family Owned,Moderate,Rejected
PL100687,49,Salaried,Permanent,29100,25.7,400,73000,2,Home Renovation,0,4800,24700,Rented,Stable,Approved
PL100688,50,Private Employee,Contract,28300,7.8,7200,69000,2,Wedding,2,7600,12900,Owned,Unstable,Rejected
PL100689,42,Government Employee,Permanent,26500,6.5,600,84000,3,Medical,1,16300,8100,Rented,Moderate,Approved
PL100690,46,Private Employee,Contract,22400,9.5,1600,261000,1,Medical,0,14900,5400,Family Owned,Moderate,Rejected
PL100691,36,Private Employee,Permanent,47700,14.1,6000,285000,2,Home Renovation,0,22500,18100,Family Owned,Moderate,Rejected
PL100692,42,Salaried,Permanent,65200,22.0,14500,701000,3,Travel,0,7700,39000,Family Owned,Moderate,Approved
PL100693,24,Professional,Permanent,48500,1.6,9100,386000,3,Home Renovation,1,15700,26800,Owned,Stable,Rejected
PL100694,47,Salaried,Permanent,84000,9.0,22700,388000,5,Medical,1,27100,31800,Family Owned,Stable,Approved
PL100695,37,Business Owner,Business,48600,5.2,5100,538000,2,Emergency,2,19400,23800,Owned,Unstable,Rejected
PL100696,26,Private Employee,Contract,34500,0.9,6900,330000,4,Consumer Purchase,2,12900,15300,Rented,Unstable,Approved
PL100697,43,Private Employee,Permanent,30200,11.1,1300,221000,2,Home Renovation,2,22400,7600,Owned,Moderate,Approved
PL100698,46,Private Employee,Permanent,35100,9.4,7300,204000,2,Medical,1,17900,10400,Family Owned,Stable,Approved
PL100699,37,Self Employed,Self Employed,51500,9.1,9300,193000,3,Travel,0,21000,23300,Owned,Stable,Approved
PL100700,33,Salaried,Permanent,38000,4.5,3800,324000,1,Debt Consolidation,1,16300,16500,Owned,Very Stable,Rejected
PL100701,21,Business Owner,Business,57600,0.5,4800,690000,2,Home Renovation,2,9400,42200,Owned,Moderate,Rejected
PL100702,35,Government Employee,Permanent,23600,6.3,6100,70000,3,Emergency,1,4200,13700,Owned,Unstable,Approved
PL100703,50,Private Employee,Permanent,29800,19.4,5100,260000,3,Other Personal,0,21600,2600,Owned,Very Stable,Approved
PL100704,30,Self Employed,Self Employed,40800,4.9,11100,363000,3,Other Personal,1,14300,14100,Family Owned,Stable,Approved
PL100705,31,Salaried,Permanent,22100,0.6,2900,187000,2,Wedding,0,2600,16000,Owned,Stable,Approved
PL100706,46,Business Owner,Business,40900,3.6,9200,92000,1,Emergency,4,21900,8900,Rented,Stable,Rejected
PL100707,22,Professional,Permanent,14000,0.3,4400,75000,1,Consumer Purchase,1,8700,500,Family Owned,Very Stable,Rejected
PL100708,30,Salaried,Permanent,45700,1.3,9700,361000,5,Wedding,3,31000,4500,Owned,Stable,Rejected
PL100709,42,Government Employee,Permanent,26400,3.5,7300,127000,1,Emergency,0,11100,6600,Rented,Moderate,Approved
PL100710,42,Professional,Permanent,29800,11.8,8100,293000,1,Home Renovation,1,13400,7000,Rented,Unstable,Rejected
PL100711,25,Business Owner,Business,24500,2.7,5900,256000,3,Wedding,1,10800,7900,Family Owned,Moderate,Rejected
PL100712,43,Self Employed,Self Employed,33100,15.7,5400,374000,5,Emergency,1,13600,13400,Owned,Very Stable,Approved
PL100713,43,Government Employee,Permanent,22400,1.5,6300,166000,3,Wedding,1,8700,7300,Owned,Stable,Rejected
PL100714,29,Private Employee,Permanent,22200,6.9,4000,191000,2,Debt Consolidation,2,3400,14200,Family Owned,Stable,Rejected
PL100715,35,Private Employee,Permanent,38800,1.1,5300,403000,3,Consumer Purchase,4,11700,22900,Family Owned,Moderate,Rejected
PL100716,44,Self Employed,Self Employed,14000,3.3,1900,154000,3,Wedding,3,5400,6200,Owned,Stable,Approved
PL100717,33,Self Employed,Self Employed,27200,1.4,5200,163000,2,Wedding,2,4800,16600,Owned,Moderate,Approved
PL100718,21,Business Owner,Business,45100,0.3,7700,385000,4,Other Personal,2,9400,29100,Rented,Stable,Approved
PL100719,42,Self Employed,Self Employed,24200,16.1,400,89000,3,Consumer Purchase,1,7000,17300,Rented,Stable,Approved
PL100720,47,Self Employed,Self Employed,51300,6.3,17900,501000,4,Consumer Purchase,2,26800,7100,Rented,Stable,Rejected
PL100721,38,Government Employee,Permanent,17900,8.0,2500,203000,3,Consumer Purchase,3,6000,9300,Family Owned,Very Stable,Approved
PL100722,32,Salaried,Permanent,19500,2.1,3700,82000,3,Consumer Purchase,3,7200,8700,Owned,Stable,Approved
PL100723,35,Salaried,Permanent,14900,2.9,4400,118000,1,Medical,2,5000,5100,Owned,Stable,Rejected
PL100724,27,Salaried,Contract,15800,4.6,500,43000,4,Medical,2,6800,7900,Rented,Stable,Approved
PL100725,21,Salaried,Permanent,20800,1.0,4700,238000,3,Home Renovation,2,7900,8700,Family Owned,Very Stable,Rejected
PL100726,43,Salaried,Contract,42800,11.6,2600,248000,3,Consumer Purchase,0,14300,26600,Rented,Stable,Approved
PL100727,44,Business Owner,Business,19100,8.0,2900,77000,4,Wedding,2,13300,2800,Family Owned,Moderate,Rejected
PL100728,43,Salaried,Permanent,27900,17.3,7500,311000,5,Travel,0,7700,13500,Rented,Moderate,Approved
PL100729,36,Salaried,Contract,17100,11.3,4200,54000,3,Emergency,0,6800,6600,Owned,Unstable,Rejected
PL100730,48,Self Employed,Self Employed,36700,12.8,3300,133000,5,Other Personal,1,13000,20300,Rented,Stable,Approved
PL100731,36,Private Employee,Contract,21800,2.6,0,150000,2,Travel,3,10600,11700,Family Owned,Moderate,Approved
PL100732,36,Business Owner,Business,55000,0.7,0,436000,2,Wedding,1,30400,25100,Family Owned,Very Stable,Approved
PL100733,21,Private Employee,Permanent,36600,0.2,11100,137000,3,Emergency,2,16900,8900,Family Owned,Unstable,Rejected
PL100734,33,Private Employee,Permanent,15600,8.7,0,51000,1,Debt Consolidation,0,6100,9200,Rented,Stable,Rejected
PL100735,21,Salaried,Permanent,14000,0.5,1900,165000,3,Wedding,4,4900,7900,Owned,Stable,Rejected
PL100736,47,Self Employed,Self Employed,31100,7.9,1800,79000,1,Home Renovation,0,12900,15400,Rented,Very Stable,Rejected
PL100737,36,Government Employee,Permanent,20200,4.8,0,32000,4,Consumer Purchase,1,4500,15000,Rented,Stable,Approved
PL100738,47,Private Employee,Contract,35800,3.1,2200,81000,3,Emergency,1,18600,15600,Owned,Stable,Approved
PL100739,25,Business Owner,Business,36500,1.0,3800,256000,1,Wedding,4,23700,9700,Owned,Stable,Rejected
PL100740,35,Private Employee,Permanent,41100,2.4,9000,295000,2,Travel,0,37000,-2800,Owned,Unstable,Rejected
PL100741,31,Professional,Contract,48200,0.8,8100,437000,5,Wedding,1,24700,12100,Owned,Stable,Rejected
PL100742,21,Private Employee,Permanent,26700,0.2,1700,105000,4,Medical,2,4600,20900,Family Owned,Moderate,Approved
PL100743,47,Private Employee,Permanent,52300,4.7,0,213000,2,Wedding,0,32700,19700,Owned,Stable,Approved
PL100744,44,Salaried,Permanent,17300,5.2,4400,135000,3,Home Renovation,2,7100,6500,Family Owned,Unstable,Rejected
PL100745,37,Salaried,Permanent,45500,10.1,4400,289000,4,Travel,0,20900,18500,Owned,Moderate,Rejected
PL100746,41,Self Employed,Self Employed,28400,7.8,2000,94000,2,Medical,1,10300,16700,Owned,Stable,Rejected
PL100747,28,Government Employee,Permanent,58400,3.3,14700,230000,5,Home Renovation,1,34200,8300,Rented,Stable,Rejected
PL100748,24,Salaried,Permanent,69700,1.5,5900,411000,4,Emergency,3,23000,38500,Family Owned,Moderate,Approved
PL100749,28,Business Owner,Business,55400,6.0,7300,450000,2,Debt Consolidation,2,21400,29100,Family Owned,Moderate,Approved
PL100750,28,Private Employee,Contract,55400,3.4,11600,231000,3,Home Renovation,2,13600,30900,Rented,Moderate,Approved
PL100751,33,Private Employee,Permanent,32900,13.0,6200,229000,5,Medical,1,12600,14900,Owned,Very Stable,Approved
PL100752,37,Business Owner,Business,14000,5.1,800,168000,3,Debt Consolidation,1,6900,5800,Family Owned,Very Stable,Rejected
PL100753,33,Private Employee,Permanent,57400,6.5,2900,498000,5,Home Renovation,2,29600,26700,Rented,Stable,Approved
PL100754,50,Salaried,Permanent,34700,30.0,6500,275000,5,Wedding,1,16600,11600,Rented,Moderate,Approved
PL100755,21,Professional,Permanent,49300,0.2,3100,344000,2,Medical,0,10200,36600,Owned,Moderate,Approved
PL100756,41,Private Employee,Permanent,29200,9.4,4800,345000,3,Medical,0,5900,17700,Owned,Stable,Rejected
PL100757,28,Self Employed,Self Employed,43200,2.5,1700,223000,2,Other Personal,1,22100,19900,Owned,Stable,Rejected
PL100758,32,Salaried,Permanent,57400,5.9,12100,389000,2,Debt Consolidation,2,43400,3900,Rented,Moderate,Rejected
PL100759,50,Salaried,Permanent,24000,11.2,6800,131000,3,Home Renovation,1,7900,9000,Owned,Very Stable,Rejected
PL100760,30,Salaried,Permanent,42600,8.4,8000,128000,4,Debt Consolidation,4,22700,11700,Rented,Moderate,Approved
PL100761,30,Private Employee,Permanent,32900,9.3,6300,347000,3,Consumer Purchase,0,13200,14500,Rented,Stable,Approved
PL100762,30,Government Employee,Permanent,39100,2.7,300,148000,2,Medical,0,20200,16700,Rented,Moderate,Approved
PL100763,33,Salaried,Permanent,37500,6.1,0,347000,1,Wedding,0,16400,22400,Family Owned,Moderate,Rejected
PL100764,35,Self Employed,Self Employed,57500,8.1,4900,242000,5,Consumer Purchase,1,25400,25300,Family Owned,Very Stable,Approved
PL100765,34,Private Employee,Contract,24600,3.8,800,291000,1,Emergency,0,8400,16300,Owned,Moderate,Rejected
PL100766,21,Private Employee,Permanent,35000,0.5,5300,73000,2,Consumer Purchase,3,14700,16700,Family Owned,Stable,Approved
PL100767,27,Salaried,Contract,34500,5.4,9000,320000,3,Other Personal,1,15800,8800,Owned,Very Stable,Rejected
PL100768,44,Private Employee,Permanent,37300,12.6,0,274000,1,Emergency,0,11100,26900,Rented,Very Stable,Approved
PL100769,43,Private Employee,Permanent,18800,9.6,3400,178000,2,Medical,1,9800,5500,Family Owned,Very Stable,Rejected
PL100770,37,Salaried,Contract,39400,6.5,5700,198000,3,Consumer Purchase,4,14300,19700,Family Owned,Stable,Approved
PL100771,31,Professional,Permanent,57000,10.9,10400,621000,2,Consumer Purchase,2,47400,-3400,Owned,Very Stable,Rejected
PL100772,35,Business Owner,Business,27400,5.1,7900,156000,4,Consumer Purchase,3,15100,3500,Owned,Unstable,Rejected
PL100773,28,Private Employee,Permanent,17700,5.0,1600,157000,2,Medical,0,9700,6000,Family Owned,Stable,Rejected
PL100774,46,Salaried,Contract,45000,6.6,7800,320000,5,Debt Consolidation,3,17100,18700,Owned,Moderate,Approved
PL100775,45,Salaried,Permanent,24100,0.9,2600,103000,2,Debt Consolidation,2,12200,8600,Rented,Very Stable,Approved
PL100776,37,Business Owner,Business,17200,3.9,5100,175000,3,Medical,0,8600,3500,Rented,Moderate,Rejected
PL100777,29,Salaried,Permanent,33100,3.0,3900,274000,2,Debt Consolidation,2,5900,22700,Owned,Very Stable,Approved
PL100778,39,Business Owner,Business,18300,8.8,3300,91000,5,Debt Consolidation,2,8500,6500,Rented,Stable,Approved
PL100779,40,Salaried,Permanent,17600,19.5,1700,100000,3,Other Personal,1,12700,3300,Owned,Very Stable,Approved
PL100780,36,Private Employee,Permanent,47800,5.8,6900,81000,3,Wedding,0,7500,33300,Owned,Moderate,Approved
PL100781,27,Private Employee,Permanent,33100,3.3,6300,127000,5,Debt Consolidation,1,21500,4000,Owned,Stable,Approved
PL100782,44,Salaried,Permanent,18300,18.5,2300,184000,3,Home Renovation,2,11100,4800,Rented,Stable,Rejected
PL100783,41,Professional,Permanent,25800,15.3,1400,294000,3,Wedding,2,6400,17200,Family Owned,Moderate,Approved
PL100784,26,Professional,Permanent,100900,3.9,5400,800000,2,Wedding,1,29800,68000,Family Owned,Very Stable,Approved
PL100785,36,Private Employee,Permanent,31100,6.5,10000,93000,1,Consumer Purchase,2,16400,2800,Rented,Stable,Approved
PL100786,27,Private Employee,Permanent,30400,3.4,3500,274000,5,Consumer Purchase,1,4100,21400,Owned,Very Stable,Approved
PL100787,32,Business Owner,Business,19500,8.1,6000,135000,1,Travel,3,9300,3600,Owned,Unstable,Rejected
PL100788,33,Professional,Permanent,33100,2.0,6100,175000,5,Consumer Purchase,1,18300,7500,Owned,Stable,Rejected
PL100789,24,Business Owner,Business,18700,1.4,4100,139000,4,Debt Consolidation,2,10100,4500,Owned,Unstable,Rejected
PL100790,27,Salaried,Permanent,16200,1.9,1500,94000,2,Wedding,4,5900,9000,Family Owned,Moderate,Rejected
PL100791,46,Government Employee,Permanent,36200,3.1,9000,143000,1,Home Renovation,1,16100,12000,Family Owned,Stable,Rejected
PL100792,21,Business Owner,Business,17600,0.3,3800,78000,5,Emergency,2,8100,5700,Family Owned,Moderate,Rejected
PL100793,41,Self Employed,Self Employed,36400,17.7,11500,99000,5,Emergency,2,16000,7100,Family Owned,Very Stable,Rejected
PL100794,37,Private Employee,Contract,73300,13.1,5000,506000,2,Consumer Purchase,3,32500,33200,Rented,Stable,Approved
PL100795,44,Private Employee,Permanent,42900,3.6,7700,184000,4,Consumer Purchase,2,27400,7600,Owned,Stable,Approved
PL100796,23,Business Owner,Business,16300,1.1,5100,135000,3,Home Renovation,1,5600,5900,Rented,Stable,Rejected
PL100797,39,Professional,Permanent,22700,0.7,1500,122000,2,Travel,3,15000,5900,Rented,Moderate,Rejected
PL100798,45,Professional,Permanent,19500,20.6,1300,189000,2,Home Renovation,1,13600,4200,Family Owned,Stable,Approved
PL100799,59,Government Employee,Permanent,31600,25.4,6400,163000,2,Home Renovation,0,9100,15200,Owned,Stable,Approved
PL100800,39,Government Employee,Permanent,39900,9.5,5100,447000,1,Medical,1,12600,23100,Family Owned,Moderate,Rejected
PL100801,38,Business Owner,Business,17000,11.9,2800,124000,3,Consumer Purchase,3,2000,11600,Owned,Unstable,Rejected
PL100802,32,Private Employee,Permanent,33400,4.4,2000,253000,5,Medical,1,6000,26500,Rented,Very Stable,Approved
PL100803,48,Salaried,Permanent,55100,4.7,8200,379000,3,Home Renovation,0,15800,30500,Rented,Stable,Approved
PL100804,28,Self Employed,Self Employed,33800,3.8,8000,341000,3,Other Personal,0,11300,14700,Rented,Very Stable,Approved
PL100805,33,Self Employed,Self Employed,25400,10.9,3600,275000,2,Consumer Purchase,0,12000,9600,Rented,Moderate,Approved
PL100806,21,Government Employee,Permanent,53100,0.4,13800,262000,3,Home Renovation,2,16500,24300,Family Owned,Moderate,Approved
PL100807,21,Private Employee,Contract,58000,0.2,0,450000,2,Wedding,0,20100,36600,Owned,Stable,Approved
PL100808,29,Salaried,Permanent,33900,2.6,6500,145000,2,Debt Consolidation,1,22700,4300,Rented,Moderate,Rejected
PL100809,34,Salaried,Contract,28900,10.3,5200,284000,3,Emergency,2,18100,5800,Rented,Moderate,Rejected
PL100810,36,Private Employee,Permanent,36700,7.9,5100,96000,1,Wedding,3,17100,15200,Rented,Moderate,Rejected
PL100811,21,Salaried,Permanent,64700,0.2,20800,734000,1,Travel,1,47300,-2800,Owned,Stable,Rejected
PL100812,42,Salaried,Permanent,22000,18.1,3400,107000,5,Wedding,2,8100,10400,Family Owned,Stable,Approved
PL100813,21,Self Employed,Self Employed,39300,0.2,3600,326000,5,Home Renovation,2,14200,20800,Rented,Unstable,Rejected
PL100814,25,Salaried,Permanent,63300,0.7,11300,726000,1,Emergency,1,33900,16700,Owned,Moderate,Rejected
PL100815,33,Salaried,Permanent,53400,3.5,0,81000,2,Home Renovation,3,27600,28000,Owned,Moderate,Approved
PL100816,37,Private Employee,Permanent,14000,4.3,1400,43000,2,Other Personal,2,6200,5800,Family Owned,Moderate,Approved
PL100817,32,Salaried,Permanent,34300,11.4,2000,134000,5,Consumer Purchase,0,11300,20900,Owned,Unstable,Approved
PL100818,34,Government Employee,Permanent,46000,5.9,0,105000,2,Wedding,0,18900,26400,Rented,Stable,Approved
PL100819,21,Business Owner,Business,47000,0.1,3400,483000,3,Other Personal,1,21400,21100,Family Owned,Unstable,Approved
PL100820,42,Private Employee,Contract,64200,13.4,12500,533000,5,Wedding,1,18100,32100,Owned,Unstable,Approved
PL100821,24,Salaried,Permanent,19400,1.8,2700,116000,4,Wedding,2,6500,9400,Family Owned,Stable,Approved
PL100822,38,Private Employee,Permanent,27600,3.1,7200,94000,4,Travel,2,9100,11900,Rented,Stable,Approved
PL100823,45,Salaried,Permanent,40400,2.3,3700,472000,3,Other Personal,1,13900,22000,Family Owned,Stable,Rejected
PL100824,28,Salaried,Permanent,37600,6.7,2000,203000,3,Other Personal,1,13000,23200,Family Owned,Stable,Approved
PL100825,30,Professional,Permanent,77600,1.8,12800,191000,2,Medical,0,28600,35100,Family Owned,Stable,Approved
PL100826,43,Salaried,Permanent,19800,15.3,4500,150000,1,Debt Consolidation,2,4900,9900,Family Owned,Stable,Rejected
PL100827,36,Government Employee,Permanent,53800,6.0,9000,142000,1,Medical,0,18200,26700,Owned,Stable,Approved
PL100828,41,Government Employee,Permanent,40000,1.9,5100,149000,1,Consumer Purchase,3,19500,17200,Owned,Stable,Rejected
PL100829,39,Government Employee,Permanent,28600,12.2,6000,169000,2,Medical,2,14300,8400,Owned,Very Stable,Rejected
PL100830,36,Government Employee,Permanent,37100,6.5,4200,62000,2,Travel,0,16600,16900,Rented,Stable,Rejected
PL100831,33,Salaried,Permanent,38900,0.7,8500,331000,3,Other Personal,4,13400,18200,Family Owned,Stable,Approved
PL100832,36,Government Employee,Permanent,14100,4.2,900,135000,1,Debt Consolidation,1,4700,9000,Owned,Moderate,Approved
PL100833,45,Salaried,Permanent,33900,2.3,4000,293000,5,Consumer Purchase,3,9400,20100,Owned,Very Stable,Approved
PL100834,40,Business Owner,Business,42600,11.5,4900,478000,4,Wedding,2,18400,19300,Owned,Stable,Approved
PL100835,24,Self Employed,Self Employed,52000,0.9,15500,191000,2,Wedding,0,26300,9700,Family Owned,Stable,Approved
PL100836,22,Private Employee,Permanent,35700,0.3,6800,410000,5,Consumer Purchase,3,22000,6800,Rented,Stable,Rejected
PL100837,40,Professional,Contract,41600,4.7,0,76000,3,Debt Consolidation,3,22500,20500,Owned,Very Stable,Approved
PL100838,21,Business Owner,Business,40200,0.3,12700,222000,5,Medical,3,21600,7000,Rented,Stable,Approved
PL100839,21,Private Employee,Permanent,37900,0.3,8700,231000,2,Medical,0,17400,12200,Owned,Stable,Rejected
PL100840,26,Self Employed,Self Employed,34300,2.8,9900,196000,3,Medical,2,16400,8200,Family Owned,Stable,Approved
PL100841,41,Salaried,Contract,36900,3.4,9200,372000,2,Wedding,2,13700,13400,Rented,Moderate,Approved
PL100842,44,Business Owner,Business,47600,5.1,2500,418000,4,Medical,2,13300,31800,Owned,Stable,Approved
PL100843,34,Professional,Permanent,23300,13.0,1700,145000,2,Wedding,3,12300,9300,Owned,Moderate,Approved
PL100844,28,Private Employee,Permanent,25200,4.0,900,200000,3,Debt Consolidation,2,17100,7500,Rented,Stable,Rejected
PL100845,33,Private Employee,Permanent,29200,1.8,4500,56000,1,Home Renovation,2,10000,14400,Owned,Moderate,Approved
PL100846,60,Business Owner,Business,28600,15.2,0,94000,4,Other Personal,2,10900,18500,Owned,Moderate,Approved
PL100847,43,Salaried,Permanent,23000,6.3,4000,91000,1,Home Renovation,2,9700,9700,Owned,Stable,Approved
PL100848,28,Self Employed,Self Employed,34700,0.5,5300,312000,5,Debt Consolidation,0,19900,8600,Family Owned,Stable,Approved
PL100849,33,Salaried,Permanent,36900,7.9,2400,303000,2,Wedding,1,15900,18100,Rented,Stable,Approved
PL100850,22,Salaried,Permanent,63100,0.8,20600,414000,1,Home Renovation,1,31500,11900,Owned,Stable,Rejected
PL100851,35,Private Employee,Permanent,23500,6.4,5200,221000,1,Medical,1,12000,5400,Family Owned,Stable,Rejected
PL100852,30,Salaried,Permanent,29300,7.1,0,254000,3,Emergency,2,11100,18500,Rented,Moderate,Approved
PL100853,34,Self Employed,Self Employed,84800,6.2,18000,807000,5,Debt Consolidation,4,39100,25300,Family Owned,Very Stable,Approved
PL100854,22,Private Employee,Contract,22100,2.0,2300,95000,2,Medical,2,5900,14000,Owned,Very Stable,Approved
PL100855,39,Self Employed,Self Employed,42100,3.9,5200,249000,2,Consumer Purchase,1,29000,11800,Rented,Very Stable,Approved
PL100856,38,Private Employee,Contract,19000,3.3,4500,82000,2,Consumer Purchase,0,10300,3900,Family Owned,Moderate,Rejected
PL100857,45,Self Employed,Self Employed,36900,12.9,5200,386000,2,Medical,0,23700,9100,Owned,Unstable,Approved
PL100858,24,Self Employed,Self Employed,31300,2.7,3400,108000,1,Travel,0,14500,12700,Rented,Stable,Approved
PL100859,29,Self Employed,Self Employed,43500,2.3,1100,88000,3,Debt Consolidation,2,17000,25000,Family Owned,Stable,Approved
PL100860,43,Professional,Permanent,30300,18.6,4500,340000,3,Consumer Purchase,0,5900,20900,Family Owned,Very Stable,Approved
PL100861,40,Private Employee,Permanent,44600,3.2,4100,205000,4,Home Renovation,2,16500,21600,Owned,Very Stable,Approved
PL100862,39,Private Employee,Permanent,40500,0.4,7900,277000,3,Home Renovation,0,17200,12500,Rented,Moderate,Rejected
PL100863,40,Private Employee,Permanent,81300,9.7,14600,736000,1,Emergency,1,28200,36700,Family Owned,Stable,Approved
PL100864,42,Government Employee,Permanent,22700,2.6,8300,228000,3,Medical,2,7600,5900,Family Owned,Moderate,Rejected
PL100865,52,Private Employee,Contract,19600,1.0,1200,218000,4,Wedding,3,5400,13500,Rented,Stable,Rejected
PL100866,51,Salaried,Permanent,31400,9.3,2200,97000,1,Home Renovation,4,12900,15700,Owned,Moderate,Approved
PL100867,31,Self Employed,Self Employed,42700,3.7,8400,334000,3,Consumer Purchase,1,12200,20100,Owned,Unstable,Rejected
PL100868,42,Salaried,Permanent,46900,12.4,2900,515000,3,Emergency,1,22600,20900,Owned,Stable,Approved
PL100869,21,Private Employee,Permanent,25600,0.3,1200,255000,4,Other Personal,2,10500,14500,Family Owned,Stable,Rejected
PL100870,39,Business Owner,Business,73800,16.0,1600,445000,2,Debt Consolidation,3,20600,49400,Owned,Stable,Approved
PL100871,38,Private Employee,Permanent,32100,12.0,9700,281000,4,Home Renovation,3,19700,2000,Rented,Stable,Rejected
PL100872,38,Salaried,Permanent,16500,6.9,1500,154000,1,Wedding,2,8500,6800,Rented,Moderate,Rejected
PL100873,59,Private Employee,Permanent,35800,4.0,4900,306000,2,Wedding,3,11800,18000,Owned,Very Stable,Rejected
PL100874,44,Private Employee,Permanent,32500,2.7,1500,191000,1,Other Personal,2,7700,24900,Owned,Moderate,Approved
PL100875,36,Private Employee,Permanent,29500,5.1,6100,77000,1,Consumer Purchase,1,14000,9200,Rented,Very Stable,Approved
PL100876,21,Government Employee,Permanent,36300,0.6,6500,201000,3,Other Personal,0,19700,10500,Rented,Very Stable,Approved
PL100877,38,Professional,Contract,37400,12.9,6900,221000,4,Travel,4,14200,15500,Family Owned,Unstable,Rejected
PL100878,51,Government Employee,Permanent,22700,18.1,1900,185000,5,Other Personal,1,12200,8600,Family Owned,Stable,Rejected
PL100879,21,Salaried,Permanent,21300,0.7,3400,206000,1,Home Renovation,3,8700,10300,Owned,Stable,Rejected
PL100880,41,Self Employed,Self Employed,21500,4.9,3200,75000,4,Medical,2,11200,8000,Rented,Unstable,Rejected
PL100881,32,Government Employee,Permanent,83500,0.5,12000,871000,2,Emergency,1,43800,27400,Rented,Very Stable,Approved
PL100882,43,Salaried,Permanent,29700,6.3,7000,243000,2,Consumer Purchase,2,5400,16100,Family Owned,Very Stable,Rejected
PL100883,28,Salaried,Permanent,55400,5.4,6700,210000,1,Other Personal,2,22500,26000,Rented,Unstable,Approved
PL100884,31,Salaried,Permanent,56000,1.8,11100,106000,1,Other Personal,3,9900,30900,Rented,Stable,Rejected
PL100885,43,Private Employee,Permanent,27800,7.8,1800,55000,4,Consumer Purchase,0,11300,15200,Family Owned,Moderate,Approved
PL100886,36,Business Owner,Business,41500,1.4,7900,265000,2,Wedding,1,7000,25400,Rented,Moderate,Approved
PL100887,41,Salaried,Permanent,43800,6.1,2300,434000,1,Consumer Purchase,0,22100,19300,Rented,Unstable,Approved
PL100888,42,Private Employee,Contract,22600,14.0,11400,142000,1,Wedding,2,4600,6500,Owned,Stable,Rejected
PL100889,35,Salaried,Contract,23300,3.0,5000,145000,2,Consumer Purchase,3,8700,10300,Owned,Stable,Approved
PL100890,57,Private Employee,Permanent,44000,4.7,1900,303000,1,Medical,1,19100,23100,Rented,Unstable,Rejected
PL100891,30,Business Owner,Business,32700,3.8,4600,142000,4,Consumer Purchase,2,8600,19300,Rented,Moderate,Approved
PL100892,40,Private Employee,Permanent,14000,4.2,1900,116000,4,Home Renovation,1,7000,5700,Family Owned,Stable,Rejected
PL100893,53,Private Employee,Contract,24800,7.6,3800,174000,4,Home Renovation,2,11800,9800,Rented,Moderate,Rejected
PL100894,26,Self Employed,Self Employed,22700,1.0,1400,166000,3,Debt Consolidation,4,8500,12300,Owned,Moderate,Rejected
PL100895,34,Private Employee,Contract,27700,0.8,0,266000,1,Emergency,2,14600,13600,Rented,Stable,Approved
PL100896,40,Private Employee,Permanent,16900,6.6,5000,125000,3,Other Personal,2,7600,4100,Family Owned,Stable,Rejected
PL100897,21,Salaried,Contract,34200,0.3,4600,410000,4,Consumer Purchase,2,14700,14400,Owned,Moderate,Rejected
PL100898,30,Private Employee,Permanent,37100,0.6,8200,216000,4,Medical,0,16200,11700,Owned,Unstable,Rejected
PL100899,41,Salaried,Permanent,30900,12.6,600,300000,2,Emergency,3,5800,23700,Rented,Moderate,Approved
PL100900,45,Salaried,Permanent,27200,13.4,6000,182000,5,Emergency,3,11400,9100,Rented,Very Stable,Rejected
PL100901,36,Salaried,Permanent,24200,2.1,3300,201000,3,Debt Consolidation,1,10900,9300,Family Owned,Moderate,Approved
PL100902,43,Salaried,Permanent,37900,23.0,5000,376000,2,Wedding,3,16500,16700,Rented,Stable,Approved
PL100903,36,Salaried,Permanent,16800,10.8,200,149000,1,Medical,4,4000,12300,Family Owned,Stable,Approved
PL100904,28,Private Employee,Contract,75500,2.4,10500,411000,3,Consumer Purchase,4,35600,30800,Family Owned,Unstable,Rejected
PL100905,32,Government Employee,Permanent,54800,2.5,12400,477000,5,Consumer Purchase,2,18500,23400,Rented,Stable,Approved
PL100906,33,Private Employee,Contract,14000,9.1,1900,95000,1,Consumer Purchase,1,7300,5200,Family Owned,Stable,Rejected
PL100907,38,Salaried,Permanent,65300,1.7,21400,503000,3,Wedding,0,17900,23900,Owned,Stable,Approved
PL100908,37,Self Employed,Self Employed,38000,2.3,7300,226000,2,Debt Consolidation,0,24000,4400,Rented,Unstable,Rejected
PL100909,31,Salaried,Contract,37300,4.0,12000,228000,3,Medical,2,14800,10600,Rented,Moderate,Rejected
PL100910,23,Self Employed,Self Employed,27700,1.1,1900,319000,3,Medical,0,5000,21900,Owned,Unstable,Approved
PL100911,49,Private Employee,Permanent,44500,29.0,1100,512000,2,Debt Consolidation,3,19000,24200,Rented,Stable,Approved
PL100912,41,Business Owner,Business,26900,10.1,2400,51000,3,Home Renovation,1,14200,10500,Owned,Moderate,Approved
PL100913,37,Self Employed,Self Employed,23400,4.8,1500,179000,2,Debt Consolidation,2,4900,16300,Owned,Moderate,Approved
PL100914,43,Salaried,Permanent,26800,6.2,2400,198000,3,Medical,3,10800,14500,Owned,Moderate,Approved
PL100915,43,Self Employed,Self Employed,26400,7.6,4400,221000,2,Medical,2,2900,19000,Owned,Stable,Approved
PL100916,38,Private Employee,Permanent,32200,1.2,5700,381000,2,Wedding,1,20000,6800,Owned,Stable,Approved
PL100917,28,Private Employee,Permanent,36700,3.3,3000,108000,3,Travel,2,15700,16900,Owned,Moderate,Approved
PL100918,30,Private Employee,Contract,14000,2.7,2300,78000,2,Debt Consolidation,1,8200,3200,Owned,Very Stable,Rejected
PL100919,48,Private Employee,Permanent,40900,24.0,1500,388000,4,Medical,2,20200,18900,Rented,Stable,Approved
PL100920,24,Private Employee,Permanent,30600,0.7,3700,320000,2,Debt Consolidation,0,4200,22100,Family Owned,Stable,Approved
PL100921,32,Business Owner,Business,45000,12.0,3800,69000,5,Emergency,1,12300,30100,Owned,Stable,Approved
PL100922,44,Salaried,Permanent,35700,1.9,2400,60000,5,Medical,4,10300,22600,Family Owned,Stable,Approved
PL100923,28,Business Owner,Business,14000,1.1,3100,40000,2,Emergency,1,4800,6200,Owned,Stable,Approved
PL100924,35,Private Employee,Permanent,35900,3.0,3600,162000,1,Debt Consolidation,3,15700,17900,Owned,Very Stable,Rejected
PL100925,30,Self Employed,Self Employed,26400,0.8,4600,84000,1,Travel,3,7500,14800,Family Owned,Stable,Approved
PL100926,39,Government Employee,Permanent,14100,5.4,900,78000,4,Wedding,0,6200,7600,Family Owned,Stable,Approved
PL100927,24,Salaried,Permanent,24600,4.0,3700,170000,1,Debt Consolidation,3,12300,7700,Owned,Stable,Rejected
PL100928,43,Salaried,Permanent,19400,13.2,3600,50000,4,Medical,1,5400,10500,Family Owned,Moderate,Approved
PL100929,38,Business Owner,Business,43200,5.1,10600,175000,4,Wedding,2,14100,16400,Rented,Stable,Approved
PL100930,27,Private Employee,Contract,60600,1.5,5700,653000,1,Medical,1,37800,15400,Rented,Stable,Approved
PL100931,22,Professional,Contract,37800,1.4,1000,164000,3,Debt Consolidation,0,19400,17300,Owned,Stable,Approved
PL100932,44,Professional,Permanent,44400,15.2,6000,374000,3,Travel,4,15600,22900,Owned,Stable,Rejected
PL100933,33,Self Employed,Self Employed,21100,3.1,0,175000,2,Wedding,0,12100,9100,Family Owned,Moderate,Rejected
PL100934,21,Self Employed,Self Employed,43700,0.6,9200,313000,2,Wedding,0,15400,19100,Family Owned,Very Stable,Approved
PL100935,30,Salaried,Permanent,26200,1.9,3200,87000,5,Consumer Purchase,0,12200,12600,Family Owned,Unstable,Approved
PL100936,52,Salaried,Permanent,14900,7.6,100,114000,2,Medical,2,3100,11400,Owned,Stable,Approved
PL100937,23,Private Employee,Permanent,30600,0.9,2700,190000,1,Home Renovation,1,15700,11300,Rented,Moderate,Rejected
PL100938,35,Private Employee,Contract,37100,6.4,8300,426000,3,Medical,0,15300,16200,Owned,Unstable,Rejected
PL100939,42,Private Employee,Permanent,54500,17.1,1900,264000,1,Travel,1,23600,31900,Family Owned,Unstable,Approved
PL100940,30,Business Owner,Business,27900,5.9,5700,263000,3,Wedding,4,9800,13100,Owned,Unstable,Rejected
PL100941,22,Salaried,Permanent,20200,0.4,6100,151000,4,Debt Consolidation,1,13000,1700,Rented,Unstable,Rejected
PL100942,36,Business Owner,Business,38500,8.7,9400,352000,3,Emergency,2,21200,7500,Rented,Unstable,Rejected
PL100943,33,Professional,Permanent,31500,6.2,5700,137000,3,Medical,1,10100,15500,Rented,Stable,Rejected
PL100944,29,Salaried,Permanent,25000,6.7,3400,270000,3,Home Renovation,1,8400,13500,Rented,Unstable,Approved
PL100945,38,Government Employee,Permanent,36000,6.1,2200,271000,4,Other Personal,3,16400,17700,Owned,Stable,Approved
PL100946,49,Professional,Permanent,52600,5.8,12200,165000,3,Wedding,0,13100,26300,Owned,Stable,Approved
PL100947,27,Government Employee,Permanent,30800,0.6,6300,209000,2,Debt Consolidation,2,12600,12600,Owned,Moderate,Rejected
PL100948,35,Private Employee,Permanent,117300,5.0,36200,433000,2,Wedding,3,46800,43100,Rented,Stable,Approved
PL100949,40,Government Employee,Permanent,19200,14.0,3300,134000,2,Medical,0,8600,7700,Rented,Moderate,Rejected
PL100950,36,Salaried,Permanent,35000,6.9,5400,107000,5,Wedding,3,11800,20200,Owned,Stable,Approved
PL100951,21,Professional,Permanent,41300,0.2,10500,90000,4,Consumer Purchase,1,19200,12200,Family Owned,Stable,Approved
PL100952,30,Private Employee,Permanent,15400,3.2,3900,145000,1,Wedding,2,5800,6200,Family Owned,Moderate,Rejected
PL100953,32,Self Employed,Self Employed,34000,4.5,0,96000,3,Emergency,2,15800,18600,Rented,Very Stable,Approved
PL100954,33,Salaried,Permanent,17100,2.9,4600,106000,4,Debt Consolidation,1,7200,5500,Rented,Moderate,Rejected
PL100955,49,Salaried,Permanent,24000,14.9,5300,192000,1,Wedding,0,9800,8400,Rented,Moderate,Rejected
PL100956,21,Private Employee,Permanent,23000,0.2,2300,237000,3,Wedding,0,9700,10500,Owned,Very Stable,Approved
PL100957,50,Business Owner,Business,22900,25.0,3700,211000,1,Wedding,3,4600,14900,Owned,Very Stable,Rejected
PL100958,25,Salaried,Contract,110700,2.2,26300,423000,2,Other Personal,2,34400,53300,Family Owned,Moderate,Approved
PL100959,25,Salaried,Permanent,29300,2.5,7800,348000,4,Emergency,1,10500,11800,Owned,Stable,Rejected
PL100960,29,Business Owner,Business,43800,2.4,9200,388000,1,Consumer Purchase,1,19600,16500,Rented,Stable,Approved
PL100961,44,Professional,Permanent,20900,3.4,3700,157000,2,Consumer Purchase,2,8500,7700,Rented,Moderate,Rejected
PL100962,43,Business Owner,Business,38300,14.2,7900,344000,1,Home Renovation,3,20400,10200,Owned,Moderate,Approved
PL100963,32,Business Owner,Business,17700,2.1,3700,205000,3,Travel,0,14900,-400,Owned,Stable,Rejected
PL100964,32,Salaried,Permanent,86600,12.0,33000,299000,4,Debt Consolidation,3,33800,13600,Owned,Very Stable,Approved
PL100965,33,Self Employed,Self Employed,43400,3.2,12100,99000,3,Wedding,0,20700,11000,Rented,Moderate,Rejected
PL100966,34,Government Employee,Permanent,40000,6.4,8200,400000,3,Travel,0,19600,12200,Owned,Stable,Approved
PL100967,34,Private Employee,Permanent,27500,3.1,1500,142000,2,Other Personal,2,23500,3000,Rented,Moderate,Rejected
PL100968,45,Business Owner,Business,36600,6.5,7900,89000,5,Travel,3,15500,12500,Owned,Moderate,Approved
PL100969,38,Private Employee,Permanent,73600,10.3,8500,351000,4,Medical,1,13800,53800,Owned,Very Stable,Approved
PL100970,42,Salaried,Permanent,30100,9.9,3600,253000,5,Medical,2,12300,14600,Rented,Unstable,Rejected
PL100971,27,Self Employed,Self Employed,37600,1.9,1900,101000,4,Emergency,1,3800,32000,Owned,Stable,Approved
PL100972,22,Salaried,Contract,18800,0.4,2900,70000,5,Wedding,1,6100,9800,Rented,Very Stable,Approved
PL100973,34,Salaried,Permanent,58100,1.6,9100,430000,5,Debt Consolidation,1,21300,27400,Rented,Very Stable,Approved
PL100974,43,Salaried,Permanent,35300,4.1,10500,282000,3,Home Renovation,1,12600,12400,Owned,Moderate,Rejected
PL100975,36,Self Employed,Self Employed,40100,1.7,4600,418000,3,Consumer Purchase,0,29500,5600,Family Owned,Moderate,Rejected
PL100976,36,Salaried,Permanent,21100,2.2,3800,83000,1,Emergency,0,15100,2300,Rented,Unstable,Rejected
PL100977,35,Salaried,Permanent,19500,6.4,4600,192000,1,Emergency,2,9500,5400,Owned,Moderate,Rejected
PL100978,30,Business Owner,Business,27800,1.9,5500,223000,3,Medical,1,19200,3000,Rented,Moderate,Rejected
PL100979,46,Private Employee,Contract,43200,10.4,6500,428000,3,Home Renovation,2,21200,14700,Owned,Stable,Approved
PL100980,40,Professional,Permanent,40100,16.0,11400,221000,2,Debt Consolidation,1,25900,3400,Owned,Stable,Approved
PL100981,31,Salaried,Permanent,35900,7.9,0,197000,3,Travel,2,10300,26800,Family Owned,Stable,Approved
PL100982,45,Self Employed,Self Employed,18200,1.7,5500,216000,3,Wedding,1,7900,5600,Rented,Stable,Rejected
PL100983,29,Private Employee,Contract,19200,6.3,0,208000,2,Home Renovation,0,9700,9700,Rented,Very Stable,Rejected
PL100984,33,Professional,Permanent,33700,1.2,8800,274000,3,Medical,2,22700,3100,Rented,Stable,Rejected
PL100985,21,Business Owner,Business,14000,0.2,3100,29000,2,Debt Consolidation,3,8400,2300,Owned,Very Stable,Rejected
PL100986,40,Salaried,Permanent,22400,17.5,3800,52000,4,Wedding,3,7100,11600,Family Owned,Stable,Approved
PL100987,34,Private Employee,Permanent,39600,3.9,11100,456000,2,Travel,2,20200,8600,Rented,Stable,Rejected
PL100988,27,Private Employee,Permanent,67000,2.4,9700,333000,4,Emergency,0,24600,34100,Owned,Unstable,Approved
PL100989,59,Professional,Permanent,33300,1.9,6100,262000,2,Emergency,1,16200,9800,Rented,Stable,Approved
PL100990,40,Private Employee,Permanent,48900,3.8,3300,141000,1,Emergency,1,24500,20100,Rented,Stable,Approved
PL100991,51,Private Employee,Permanent,47400,12.3,7000,240000,3,Debt Consolidation,3,24400,16400,Owned,Unstable,Rejected
PL100992,40,Government Employee,Permanent,24000,11.4,6800,259000,3,Home Renovation,3,12300,5500,Family Owned,Moderate,Rejected
PL100993,34,Government Employee,Permanent,72600,12.1,14900,231000,2,Wedding,2,29600,30100,Rented,Unstable,Rejected
PL100994,24,Salaried,Permanent,43600,1.0,9900,143000,1,Home Renovation,0,17900,18300,Rented,Very Stable,Approved
PL100995,34,Salaried,Permanent,36300,14.0,5400,374000,3,Travel,4,19800,10500,Rented,Moderate,Approved
PL100996,52,Salaried,Contract,61700,24.5,8700,144000,3,Consumer Purchase,3,8000,46800,Rented,Moderate,Approved
PL100997,34,Business Owner,Business,51600,8.6,3600,593000,1,Medical,2,16500,30000,Family Owned,Moderate,Approved
PL100998,35,Government Employee,Permanent,45900,5.2,7400,411000,2,Medical,3,13400,26200,Family Owned,Stable,Approved
PL100999,36,Government Employee,Permanent,16700,10.3,200,169000,3,Medical,1,9500,7300,Owned,Stable,Rejected
PL101000,55,Government Employee,Permanent,39100,5.7,3200,185000,3,Other Personal,3,17000,19900,Family Owned,Stable,Rejected
PL101001,26,Self Employed,Self Employed,34900,3.7,2000,174000,3,Home Renovation,1,16900,16900,Owned,Stable,Approved
PL101002,34,Business Owner,Business,32900,0.5,8200,282000,1,Medical,2,12000,11600,Owned,Moderate,Rejected
PL101003,39,Government Employee,Permanent,46000,3.2,10600,198000,3,Other Personal,3,22900,14200,Owned,Stable,Rejected
PL101004,43,Salaried,Contract,24400,10.5,6100,176000,3,Debt Consolidation,1,5100,11700,Family Owned,Very Stable,Approved
PL101005,36,Private Employee,Contract,50500,13.2,8200,146000,2,Other Personal,2,30100,11600,Rented,Moderate,Approved
PL101006,21,Self Employed,Self Employed,31300,0.1,7600,330000,2,Debt Consolidation,1,6000,18100,Owned,Very Stable,Approved
PL101007,44,Private Employee,Contract,45200,24.0,9600,397000,1,Emergency,0,26700,9100,Owned,Very Stable,Approved
PL101008,37,Private Employee,Permanent,16900,11.0,800,66000,4,Home Renovation,0,1700,13800,Owned,Stable,Approved
PL101009,42,Self Employed,Self Employed,36200,0.3,0,228000,4,Home Renovation,0,10700,26100,Rented,Very Stable,Approved
PL101010,30,Business Owner,Business,14000,9.5,1200,155000,3,Home Renovation,2,4300,9500,Rented,Stable,Rejected
PL101011,48,Private Employee,Permanent,59900,20.2,11700,559000,1,Home Renovation,2,36300,12400,Owned,Moderate,Rejected
PL101012,36,Private Employee,Permanent,36700,12.2,11800,345000,4,Consumer Purchase,1,21100,3900,Family Owned,Stable,Rejected
PL101013,29,Government Employee,Permanent,28400,2.0,6200,190000,1,Medical,1,8200,13100,Family Owned,Unstable,Rejected
PL101014,52,Salaried,Permanent,41000,4.0,1900,433000,4,Home Renovation,3,28800,8800,Rented,Very Stable,Rejected
PL101015,32,Salaried,Permanent,31400,0.8,5200,76000,2,Debt Consolidation,0,10400,14800,Owned,Unstable,Approved
PL101016,38,Salaried,Permanent,19500,9.0,4200,62000,2,Consumer Purchase,1,10500,5300,Owned,Very Stable,Rejected
PL101017,39,Private Employee,Permanent,29800,3.8,6800,124000,4,Medical,3,10300,13200,Family Owned,Moderate,Rejected
PL101018,41,Government Employee,Permanent,26600,9.2,3500,129000,3,Medical,2,15800,8100,Rented,Stable,Rejected
PL101019,24,Private Employee,Permanent,22500,1.9,1100,41000,2,Medical,2,8300,13200,Rented,Unstable,Approved
PL101020,59,Salaried,Permanent,24900,29.3,6100,181000,2,Medical,2,10100,8400,Rented,Stable,Rejected
PL101021,41,Salaried,Permanent,28700,8.1,400,261000,1,Home Renovation,2,6300,21200,Owned,Stable,Approved
PL101022,49,Private Employee,Contract,50600,21.2,10200,483000,4,Consumer Purchase,0,17200,20800,Family Owned,Unstable,Rejected
PL101023,26,Professional,Permanent,52800,1.8,3200,413000,1,Medical,0,24400,24800,Rented,Stable,Rejected
PL101024,34,Salaried,Permanent,41000,14.0,0,73000,1,Consumer Purchase,1,4700,35600,Rented,Very Stable,Approved
PL101025,36,Government Employee,Permanent,60200,4.4,8200,94000,4,Consumer Purchase,0,22800,32600,Family Owned,Unstable,Approved
PL101026,37,Private Employee,Permanent,67400,9.8,8800,451000,2,Debt Consolidation,1,33800,27300,Family Owned,Stable,Approved
PL101027,52,Self Employed,Self Employed,101500,8.2,6600,334000,1,Emergency,3,62100,29900,Owned,Moderate,Approved
PL101028,46,Private Employee,Permanent,20900,7.8,5500,91000,4,Other Personal,1,9900,5400,Owned,Stable,Rejected
PL101029,27,Private Employee,Permanent,47400,3.4,0,495000,4,Travel,1,18600,25100,Family Owned,Stable,Approved
PL101030,52,Salaried,Permanent,46800,15.3,9100,412000,4,Consumer Purchase,1,26900,11100,Rented,Stable,Approved
PL101031,23,Salaried,Permanent,38500,0.3,7900,252000,5,Consumer Purchase,2,13300,17700,Rented,Stable,Approved
PL101032,35,Salaried,Permanent,25500,2.6,4200,301000,4,Wedding,0,10300,11300,Rented,Moderate,Approved
PL101033,25,Professional,Contract,47700,2.0,5800,433000,4,Emergency,2,20500,22400,Family Owned,Very Stable,Approved
PL101034,45,Salaried,Permanent,75700,8.7,3000,189000,4,Emergency,0,21900,50900,Rented,Stable,Approved
PL101035,31,Government Employee,Permanent,67400,0.9,8300,724000,2,Debt Consolidation,0,28300,30600,Rented,Very Stable,Approved
PL101036,29,Government Employee,Permanent,64900,5.0,13900,399000,3,Wedding,0,24200,26900,Owned,Stable,Approved
PL101037,43,Salaried,Permanent,34900,17.3,1000,156000,5,Emergency,0,12000,20900,Owned,Stable,Approved
PL101038,40,Private Employee,Permanent,14000,3.2,0,99000,3,Consumer Purchase,1,5000,8900,Rented,Stable,Approved
PL101039,31,Self Employed,Self Employed,34100,1.7,3000,84000,1,Wedding,0,21700,10100,Owned,Moderate,Approved
PL101040,38,Professional,Permanent,26000,4.7,2300,307000,5,Debt Consolidation,2,12200,11200,Owned,Very Stable,Rejected
PL101041,35,Salaried,Contract,93000,9.1,0,204000,1,Travel,2,33200,63800,Owned,Moderate,Approved
PL101042,41,Self Employed,Self Employed,35000,9.5,2500,59000,2,Wedding,0,14500,17800,Rented,Stable,Approved
PL101043,31,Salaried,Permanent,29300,7.4,9100,261000,3,Home Renovation,4,9500,10300,Rented,Very Stable,Rejected
PL101044,41,Professional,Permanent,34400,7.2,8500,59000,2,Other Personal,4,17100,8000,Rented,Stable,Rejected
PL101045,33,Private Employee,Contract,42900,3.8,8600,284000,3,Consumer Purchase,1,21300,12700,Rented,Stable,Rejected
PL101046,41,Government Employee,Permanent,32600,17.9,5500,104000,3,Travel,4,15700,10700,Rented,Very Stable,Approved
PL101047,21,Salaried,Permanent,33100,0.6,0,152000,2,Other Personal,1,12200,21100,Owned,Stable,Approved
PL101048,31,Professional,Permanent,53700,6.1,13900,320000,2,Medical,2,40300,400,Family Owned,Stable,Rejected
PL101049,24,Self Employed,Self Employed,15600,1.1,0,158000,3,Home Renovation,4,5600,11100,Rented,Stable,Rejected
PL101050,23,Private Employee,Permanent,45000,0.0,3000,230000,3,Consumer Purchase,2,13400,27600,Rented,Moderate,Rejected
PL101051,36,Salaried,Contract,27500,1.9,2800,124000,4,Medical,3,10800,13800,Family Owned,Moderate,Rejected
PL101052,39,Private Employee,Permanent,55500,3.5,8500,592000,2,Wedding,2,25700,22100,Owned,Stable,Approved
PL101053,45,Salaried,Permanent,31800,4.7,1000,318000,5,Home Renovation,1,8500,22800,Rented,Moderate,Rejected
PL101054,42,Salaried,Permanent,24300,10.9,1000,250000,2,Wedding,1,8400,15300,Owned,Very Stable,Approved
PL101055,26,Professional,Permanent,37100,6.0,8700,178000,4,Consumer Purchase,4,16400,13300,Owned,Moderate,Rejected
PL101056,37,Professional,Permanent,25400,4.3,8500,199000,5,Debt Consolidation,0,8900,7600,Owned,Moderate,Rejected
PL101057,35,Private Employee,Permanent,63600,0.6,7300,554000,5,Debt Consolidation,2,27200,29200,Owned,Moderate,Approved
PL101058,27,Business Owner,Business,39000,2.9,8400,461000,3,Consumer Purchase,4,12400,19000,Rented,Unstable,Rejected
PL101059,31,Salaried,Permanent,20900,4.3,2500,193000,1,Other Personal,3,10100,7300,Owned,Stable,Approved
PL101060,43,Private Employee,Contract,24900,0.6,5800,191000,2,Consumer Purchase,3,8000,10700,Family Owned,Very Stable,Approved
PL101061,39,Salaried,Permanent,31600,5.4,6100,87000,3,Other Personal,0,17300,8300,Owned,Moderate,Rejected
PL101062,26,Salaried,Permanent,31100,2.4,6100,185000,5,Emergency,4,6900,18900,Rented,Moderate,Rejected
PL101063,29,Business Owner,Business,36600,1.9,1800,262000,1,Emergency,0,19300,15300,Owned,Stable,Approved
PL101064,36,Self Employed,Self Employed,17500,12.9,1600,186000,1,Wedding,1,3400,12700,Rented,Stable,Rejected
PL101065,21,Private Employee,Permanent,77000,0.9,11000,415000,4,Travel,4,43300,18000,Rented,Stable,Approved
PL101066,29,Professional,Permanent,26400,0.7,2900,82000,1,Medical,2,14800,8000,Owned,Very Stable,Approved
PL101067,38,Private Employee,Contract,23000,4.5,4600,88000,1,Other Personal,4,9700,7600,Owned,Unstable,Rejected
PL101068,28,Salaried,Permanent,20600,2.5,0,172000,2,Emergency,1,7400,13400,Owned,Moderate,Rejected
PL101069,38,Salaried,Permanent,20900,7.7,6300,65000,1,Medical,2,8800,5500,Family Owned,Moderate,Rejected
PL101070,21,Salaried,Permanent,46800,0.7,13600,416000,3,Consumer Purchase,2,13400,20800,Owned,Stable,Rejected
PL101071,41,Salaried,Permanent,26800,5.9,5100,45000,3,Medical,3,13900,7900,Family Owned,Stable,Rejected
PL101072,27,Salaried,Permanent,17200,1.8,1900,154000,2,Consumer Purchase,3,10300,4800,Owned,Moderate,Rejected
PL101073,40,Private Employee,Permanent,26400,4.7,2900,106000,2,Medical,2,9200,14600,Owned,Stable,Approved
PL101074,46,Self Employed,Self Employed,37700,13.4,3600,426000,2,Consumer Purchase,0,14600,20000,Family Owned,Stable,Approved
PL101075,38,Self Employed,Self Employed,45900,2.3,8300,361000,5,Debt Consolidation,2,9200,27800,Owned,Stable,Approved
PL101076,30,Salaried,Permanent,18200,0.9,1600,194000,2,Debt Consolidation,3,9800,7000,Owned,Stable,Approved
PL101077,47,Business Owner,Business,14000,27.0,1300,142000,4,Emergency,1,4800,7400,Rented,Moderate,Approved
PL101078,32,Private Employee,Contract,19500,1.5,0,133000,3,Home Renovation,1,8900,10800,Family Owned,Very Stable,Approved
PL101079,31,Self Employed,Self Employed,79100,11.0,11700,629000,1,Other Personal,1,34000,34800,Rented,Stable,Approved
PL101080,30,Private Employee,Permanent,14000,4.6,1500,162000,5,Wedding,2,5100,7300,Family Owned,Very Stable,Rejected
PL101081,31,Private Employee,Permanent,19700,3.1,6100,49000,2,Medical,1,9300,4000,Owned,Stable,Rejected
PL101082,24,Salaried,Permanent,36100,2.1,5200,287000,4,Wedding,1,20400,9000,Owned,Very Stable,Rejected
PL101083,26,Professional,Permanent,96100,2.4,0,590000,3,Consumer Purchase,2,30200,67600,Rented,Stable,Approved
PL101084,47,Salaried,Permanent,26700,3.5,4900,241000,1,Wedding,2,13200,7900,Family Owned,Very Stable,Rejected
PL101085,50,Self Employed,Self Employed,37900,6.6,6300,160000,5,Home Renovation,2,12300,17500,Rented,Stable,Approved
PL101086,30,Private Employee,Contract,58100,7.9,4100,288000,1,Medical,2,41700,12300,Rented,Stable,Approved
PL101087,42,Private Employee,Permanent,20900,6.2,7200,249000,4,Other Personal,3,4600,8400,Owned,Unstable,Rejected
PL101088,35,Salaried,Permanent,69600,7.9,11800,320000,5,Home Renovation,1,37300,17600,Rented,Moderate,Rejected
PL101089,29,Private Employee,Contract,21700,6.2,1200,93000,3,Emergency,0,6200,14700,Owned,Unstable,Approved
PL101090,43,Salaried,Permanent,45400,0.8,12600,520000,3,Wedding,3,16700,16500,Owned,Moderate,Rejected
PL101091,32,Self Employed,Self Employed,107400,4.5,16900,318000,2,Emergency,1,54100,37800,Owned,Moderate,Approved
PL101092,45,Private Employee,Permanent,24300,4.3,3100,209000,3,Travel,3,6100,16300,Owned,Unstable,Rejected
PL101093,32,Government Employee,Permanent,31500,5.7,2400,108000,2,Medical,2,19000,10300,Family Owned,Stable,Approved
PL101094,41,Self Employed,Self Employed,27000,2.2,3100,150000,2,Wedding,1,10100,14000,Family Owned,Moderate,Rejected
PL101095,33,Business Owner,Business,31200,7.7,0,169000,3,Consumer Purchase,1,9200,21500,Owned,Stable,Approved
PL101096,41,Salaried,Permanent,26700,1.8,2900,224000,2,Home Renovation,4,6600,18500,Owned,Very Stable,Approved
PL101097,24,Self Employed,Self Employed,45300,2.1,1900,478000,3,Travel,2,23300,19000,Owned,Very Stable,Approved
PL101098,24,Professional,Contract,34500,2.0,8800,124000,3,Home Renovation,1,16600,11000,Owned,Stable,Rejected
PL101099,42,Self Employed,Self Employed,38200,9.4,5500,201000,2,Consumer Purchase,4,22800,8500,Rented,Stable,Rejected
PL101100,36,Government Employee,Permanent,31700,7.7,9200,237000,4,Emergency,3,15600,6400,Family Owned,Stable,Approved
PL101101,32,Salaried,Permanent,31700,12.0,8900,379000,3,Debt Consolidation,0,7700,15900,Family Owned,Stable,Rejected
PL101102,38,Private Employee,Permanent,34300,3.7,1600,75000,5,Debt Consolidation,1,13000,20900,Owned,Moderate,Approved
PL101103,24,Salaried,Permanent,33500,1.1,5100,194000,2,Travel,2,22200,4900,Owned,Moderate,Rejected
PL101104,45,Professional,Permanent,28200,1.9,4000,219000,4,Home Renovation,2,11900,12500,Rented,Stable,Rejected
PL101105,28,Salaried,Contract,45800,0.9,7100,81000,1,Home Renovation,2,22700,17100,Rented,Unstable,Approved
PL101106,34,Salaried,Permanent,30500,5.2,7700,301000,1,Consumer Purchase,2,13800,9600,Owned,Stable,Rejected
PL101107,33,Salaried,Permanent,42100,10.7,5600,76000,1,Home Renovation,2,16200,21100,Owned,Stable,Approved
PL101108,48,Government Employee,Permanent,39100,22.9,5900,376000,4,Consumer Purchase,3,14500,17600,Owned,Stable,Approved
PL101109,21,Self Employed,Self Employed,67800,0.2,9800,302000,3,Consumer Purchase,2,29400,32200,Rented,Stable,Approved
PL101110,21,Salaried,Permanent,19200,1.0,2800,118000,1,Debt Consolidation,2,10800,4900,Family Owned,Very Stable,Rejected
PL101111,21,Professional,Permanent,33700,0.1,1500,130000,5,Consumer Purchase,1,12900,19900,Family Owned,Stable,Approved
PL101112,37,Self Employed,Self Employed,39400,10.4,3300,323000,3,Travel,1,21300,16100,Rented,Very Stable,Approved
PL101113,32,Salaried,Permanent,47100,2.1,0,124000,2,Debt Consolidation,1,18000,31100,Rented,Moderate,Approved
PL101114,50,Self Employed,Self Employed,27200,6.3,4900,121000,2,Medical,2,7700,15700,Family Owned,Stable,Rejected
PL101115,39,Professional,Contract,56200,5.6,8800,252000,3,Emergency,0,20500,29100,Owned,Stable,Approved
PL101116,22,Private Employee,Contract,14000,0.7,2300,38000,5,Home Renovation,0,4300,8000,Owned,Stable,Approved
PL101117,33,Business Owner,Business,35000,8.6,10100,254000,4,Other Personal,2,10600,14200,Owned,Moderate,Approved
PL101118,41,Salaried,Permanent,68300,13.9,14000,478000,1,Emergency,0,26200,27100,Rented,Stable,Approved
PL101119,34,Business Owner,Business,32700,7.9,8500,334000,4,Medical,1,17700,7700,Owned,Moderate,Rejected
PL101120,32,Business Owner,Business,27300,6.5,6800,207000,5,Medical,0,9900,11400,Rented,Very Stable,Approved
PL101121,30,Private Employee,Permanent,52600,6.3,16300,527000,1,Travel,2,14700,22800,Family Owned,Unstable,Approved
PL101122,35,Salaried,Permanent,30900,14.1,8300,199000,5,Debt Consolidation,1,10900,11700,Owned,Moderate,Approved
PL101123,25,Government Employee,Permanent,16600,0.9,900,43000,5,Travel,2,6700,8000,Family Owned,Stable,Approved
PL101124,35,Professional,Contract,44000,7.6,9000,247000,4,Medical,1,16600,20100,Owned,Stable,Rejected
PL101125,39,Private Employee,Permanent,22800,10.2,4800,97000,2,Consumer Purchase,2,7300,11000,Family Owned,Very Stable,Approved
PL101126,32,Self Employed,Self Employed,45000,4.7,8300,498000,2,Home Renovation,1,16500,21400,Family Owned,Unstable,Rejected
PL101127,36,Salaried,Permanent,49400,4.9,16900,223000,1,Consumer Purchase,1,11300,20700,Rented,Stable,Approved
PL101128,35,Self Employed,Self Employed,59500,8.6,10000,604000,1,Debt Consolidation,1,14400,35200,Owned,Moderate,Approved
PL101129,32,Private Employee,Permanent,42000,6.2,8400,311000,5,Wedding,1,10400,22500,Rented,Moderate,Approved
PL101130,45,Salaried,Permanent,46200,1.4,6300,509000,3,Medical,1,28600,10900,Owned,Moderate,Approved
PL101131,21,Salaried,Permanent,31000,0.3,3800,132000,3,Emergency,4,16900,10500,Owned,Very Stable,Rejected
PL101132,22,Private Employee,Permanent,55300,1.3,5900,302000,1,Other Personal,2,21000,32700,Family Owned,Moderate,Rejected
PL101133,40,Salaried,Contract,53300,12.1,2800,227000,2,Debt Consolidation,1,29400,18200,Rented,Moderate,Approved
PL101134,43,Private Employee,Permanent,51500,1.2,9500,369000,3,Emergency,0,16500,26300,Owned,Very Stable,Approved
PL101135,31,Self Employed,Self Employed,48000,10.4,15000,550000,5,Medical,0,4800,30900,Owned,Stable,Rejected
PL101136,43,Salaried,Permanent,23300,7.8,2900,51000,3,Wedding,1,13200,8000,Owned,Stable,Rejected
PL101137,29,Self Employed,Self Employed,59500,5.4,10300,378000,3,Wedding,2,20800,31400,Family Owned,Stable,Approved
PL101138,29,Salaried,Contract,45700,3.0,2600,440000,2,Medical,0,14800,26100,Family Owned,Unstable,Rejected
PL101139,38,Self Employed,Self Employed,14000,11.4,0,69000,1,Consumer Purchase,0,5400,8200,Family Owned,Very Stable,Approved
PL101140,41,Salaried,Contract,62400,2.4,8800,178000,3,Medical,4,39300,15300,Family Owned,Very Stable,Approved
PL101141,35,Business Owner,Business,30800,10.2,2300,245000,2,Home Renovation,2,12400,18300,Rented,Moderate,Approved
PL101142,50,Self Employed,Self Employed,36900,12.3,1600,186000,4,Home Renovation,2,26800,8100,Owned,Stable,Approved
PL101143,41,Professional,Contract,29400,8.2,0,347000,1,Consumer Purchase,1,11600,16800,Family Owned,Stable,Approved
PL101144,21,Business Owner,Business,46800,0.6,0,250000,5,Debt Consolidation,2,9800,37300,Rented,Very Stable,Approved
PL101145,36,Self Employed,Self Employed,38800,4.8,6000,228000,1,Other Personal,4,25000,8600,Rented,Stable,Rejected
PL101146,40,Professional,Permanent,30800,10.5,10100,278000,4,Debt Consolidation,2,8800,12300,Owned,Stable,Approved
PL101147,45,Salaried,Permanent,14700,9.8,1300,29000,2,Home Renovation,0,6300,7600,Owned,Very Stable,Approved
PL101148,47,Private Employee,Permanent,71200,6.6,13800,462000,5,Wedding,2,18400,40800,Family Owned,Moderate,Approved
PL101149,40,Salaried,Permanent,30100,13.9,1400,156000,3,Wedding,0,11000,17200,Family Owned,Unstable,Approved
PL101150,36,Salaried,Contract,20000,5.4,1400,100000,2,Consumer Purchase,3,6600,12600,Owned,Stable,Approved
PL101151,38,Business Owner,Business,109000,7.0,0,365000,5,Debt Consolidation,2,48900,56600,Owned,Stable,Approved
PL101152,37,Private Employee,Permanent,55600,4.9,5900,316000,2,Consumer Purchase,0,26500,22500,Owned,Stable,Approved
PL101153,21,Professional,Contract,26100,0.3,0,307000,1,Travel,2,11200,16000,Family Owned,Moderate,Rejected
PL101154,40,Private Employee,Permanent,17700,0.8,700,109000,1,Home Renovation,1,6900,9300,Owned,Stable,Rejected
PL101155,22,Private Employee,Contract,31900,2.0,3100,109000,2,Other Personal,2,12800,15600,Owned,Stable,Approved
PL101156,54,Business Owner,Business,62100,6.5,5300,420000,5,Emergency,1,28900,27500,Owned,Stable,Approved
PL101157,32,Salaried,Permanent,18500,2.8,3400,44000,1,Debt Consolidation,2,10200,4600,Family Owned,Moderate,Rejected
PL101158,39,Private Employee,Contract,29900,16.7,6300,240000,3,Travel,0,18000,5900,Owned,Moderate,Rejected
PL101159,42,Private Employee,Permanent,59700,6.6,7400,628000,3,Consumer Purchase,0,29800,20400,Owned,Very Stable,Approved
PL101160,43,Salaried,Permanent,14000,4.9,3500,39000,3,Wedding,3,5100,5200,Rented,Very Stable,Rejected
PL101161,40,Business Owner,Business,20500,18.7,0,134000,4,Medical,2,7100,12900,Owned,Unstable,Approved
PL101162,37,Salaried,Permanent,29100,8.8,6200,278000,3,Medical,0,6900,17300,Family Owned,Very Stable,Rejected
PL101163,57,Business Owner,Business,28000,7.4,3500,131000,1,Emergency,1,15700,8500,Rented,Stable,Approved
PL101164,46,Salaried,Permanent,40000,11.2,0,217000,2,Debt Consolidation,0,28700,13000,Rented,Moderate,Rejected
PL101165,26,Salaried,Permanent,14000,3.4,3100,99000,3,Medical,4,2000,7900,Rented,Stable,Rejected
PL101166,33,Government Employee,Permanent,42300,1.2,7100,238000,3,Home Renovation,3,21700,13700,Family Owned,Moderate,Approved
PL101167,59,Private Employee,Permanent,29600,5.3,2600,320000,4,Consumer Purchase,1,15300,12700,Owned,Moderate,Rejected
PL101168,21,Salaried,Permanent,39300,0.7,9600,279000,2,Travel,0,15500,14700,Rented,Stable,Rejected
PL101169,32,Private Employee,Contract,20100,12.0,2900,238000,2,Travel,2,10400,7100,Family Owned,Very Stable,Rejected
PL101170,25,Private Employee,Contract,16100,2.4,3600,102000,5,Consumer Purchase,0,5300,6700,Rented,Very Stable,Rejected
PL101171,27,Self Employed,Self Employed,24600,2.0,4300,147000,2,Other Personal,2,13000,7200,Owned,Stable,Rejected
PL101172,21,Self Employed,Self Employed,31900,0.7,900,307000,3,Other Personal,2,12200,19500,Owned,Stable,Approved
PL101173,41,Private Employee,Permanent,27200,6.9,0,231000,1,Home Renovation,2,12000,15600,Family Owned,Very Stable,Approved
PL101174,44,Private Employee,Permanent,18500,3.6,600,222000,3,Travel,1,9900,8700,Owned,Stable,Rejected
PL101175,37,Private Employee,Permanent,20300,2.6,3400,179000,4,Emergency,2,14600,2500,Family Owned,Stable,Rejected
PL101176,35,Government Employee,Permanent,24900,3.6,2100,56000,4,Wedding,2,15000,8500,Rented,Stable,Approved
PL101177,30,Private Employee,Contract,83600,6.8,14600,407000,5,Wedding,0,15000,57600,Owned,Stable,Approved
PL101178,45,Salaried,Permanent,51800,17.8,4300,569000,5,Home Renovation,2,17900,31100,Rented,Very Stable,Approved
PL101179,45,Self Employed,Self Employed,33900,11.9,0,216000,4,Home Renovation,1,11500,22200,Rented,Stable,Approved
PL101180,49,Private Employee,Permanent,31600,5.3,5800,74000,1,Medical,1,8600,17500,Owned,Stable,Approved
PL101181,24,Private Employee,Permanent,56200,1.8,12900,209000,2,Emergency,1,16400,28400,Owned,Unstable,Rejected
PL101182,30,Salaried,Permanent,33500,2.5,4100,308000,4,Other Personal,1,21600,8700,Owned,Very Stable,Rejected
PL101183,34,Professional,Permanent,33000,10.0,3700,119000,1,Medical,1,14400,14700,Owned,Moderate,Approved
PL101184,42,Self Employed,Self Employed,19600,7.6,4600,182000,1,Other Personal,1,10500,4400,Owned,Moderate,Rejected
PL101185,32,Self Employed,Self Employed,55100,3.2,10900,455000,2,Other Personal,1,32500,9900,Family Owned,Stable,Rejected
PL101186,41,Private Employee,Permanent,26100,11.4,6900,195000,3,Emergency,3,13200,6600,Owned,Moderate,Rejected
PL101187,21,Business Owner,Business,22600,0.2,5300,187000,3,Home Renovation,0,5700,12000,Owned,Moderate,Rejected
PL101188,41,Self Employed,Self Employed,32800,1.7,2500,371000,1,Wedding,2,12900,18000,Family Owned,Unstable,Rejected
PL101189,29,Self Employed,Self Employed,70300,0.7,7200,387000,3,Debt Consolidation,2,25200,37800,Family Owned,Moderate,Rejected
PL101190,24,Private Employee,Permanent,36300,2.8,5200,313000,3,Travel,4,10700,21800,Owned,Stable,Approved
PL101191,35,Professional,Permanent,21100,3.4,2500,69000,4,Medical,2,12500,7000,Owned,Stable,Approved
PL101192,40,Self Employed,Self Employed,29000,0.9,2700,197000,2,Emergency,4,13700,12700,Family Owned,Stable,Rejected
PL101193,24,Private Employee,Contract,46800,0.8,8900,193000,1,Travel,2,5800,30900,Rented,Moderate,Approved
PL101194,48,Government Employee,Permanent,45500,1.8,7200,94000,2,Wedding,4,13500,22100,Rented,Unstable,Approved
PL101195,29,Salaried,Permanent,27800,2.9,2500,264000,4,Consumer Purchase,0,10900,13400,Rented,Very Stable,Rejected
PL101196,57,Government Employee,Permanent,14700,19.5,500,92000,2,Emergency,2,3700,10800,Family Owned,Moderate,Approved
PL101197,25,Salaried,Permanent,34900,2.0,5500,322000,4,Wedding,1,21000,7400,Owned,Very Stable,Approved
PL101198,27,Salaried,Contract,41000,0.6,3200,143000,2,Wedding,1,16000,22500,Rented,Stable,Approved
PL101199,26,Business Owner,Business,37400,6.0,3200,104000,3,Wedding,2,3700,29400,Rented,Stable,Approved
PL101200,35,Self Employed,Self Employed,64000,13.6,3600,155000,2,Emergency,0,55200,2700,Rented,Moderate,Approved
PL101201,46,Private Employee,Contract,70500,12.9,7100,768000,1,Home Renovation,2,26300,38200,Rented,Very Stable,Approved
PL101202,30,Salaried,Contract,65900,2.0,5400,166000,2,Travel,4,36900,23300,Owned,Very Stable,Approved
PL101203,34,Salaried,Permanent,23300,14.0,5800,83000,5,Travel,0,9800,7300,Owned,Stable,Rejected
PL101204,30,Professional,Permanent,37700,1.1,4300,126000,5,Travel,2,13000,21100,Rented,Stable,Approved
PL101205,40,Private Employee,Permanent,24600,1.9,0,241000,3,Wedding,2,9200,16700,Family Owned,Moderate,Approved
PL101206,37,Business Owner,Business,30000,4.2,4500,309000,1,Travel,1,16800,8200,Rented,Stable,Approved
PL101207,60,Private Employee,Permanent,41300,6.1,10700,222000,1,Travel,2,19400,11200,Rented,Unstable,Approved
PL101208,38,Private Employee,Permanent,21300,7.4,2800,119000,2,Medical,1,4900,13300,Owned,Stable,Approved
PL101209,39,Government Employee,Permanent,36100,1.8,4400,305000,5,Other Personal,1,20800,11400,Rented,Unstable,Rejected
PL101210,42,Salaried,Permanent,18600,8.7,0,220000,1,Home Renovation,3,7300,11400,Owned,Unstable,Rejected
PL101211,21,Private Employee,Permanent,34600,0.5,4200,111000,2,Medical,1,13500,16500,Rented,Stable,Rejected
PL101212,27,Salaried,Permanent,25800,2.1,1800,89000,2,Consumer Purchase,3,12100,13400,Rented,Moderate,Approved
PL101213,39,Self Employed,Self Employed,26600,11.3,0,191000,5,Debt Consolidation,2,20600,4800,Owned,Unstable,Approved
PL101214,48,Professional,Permanent,32500,6.0,1200,252000,5,Debt Consolidation,1,13600,17800,Owned,Unstable,Approved
PL101215,32,Private Employee,Permanent,37400,3.6,9800,124000,2,Debt Consolidation,1,15500,12900,Rented,Very Stable,Rejected
PL101216,33,Salaried,Permanent,21200,5.9,4900,115000,1,Medical,0,7900,8200,Owned,Very Stable,Approved
PL101217,31,Professional,Permanent,38000,1.8,10100,83000,1,Wedding,1,16000,12400,Rented,Moderate,Approved
PL101218,38,Private Employee,Permanent,30500,8.1,4400,274000,3,Medical,3,15000,11400,Owned,Very Stable,Rejected
PL101219,50,Business Owner,Business,24100,15.9,0,279000,3,Consumer Purchase,1,12100,12800,Rented,Moderate,Approved
PL101220,31,Government Employee,Permanent,38100,2.0,6400,393000,2,Consumer Purchase,2,16200,16800,Family Owned,Stable,Approved
PL101221,47,Government Employee,Permanent,49300,11.0,18500,105000,4,Medical,2,24800,5800,Owned,Stable,Rejected
PL101222,21,Salaried,Permanent,82100,1.0,1500,431000,3,Debt Consolidation,2,32000,51100,Owned,Stable,Approved
PL101223,44,Salaried,Permanent,18400,7.1,0,163000,4,Debt Consolidation,0,5900,13400,Owned,Stable,Approved
PL101224,37,Salaried,Permanent,56700,7.0,2100,155000,1,Home Renovation,3,30500,24700,Rented,Stable,Approved
PL101225,33,Business Owner,Business,26700,2.3,5400,243000,2,Medical,1,11200,9800,Rented,Stable,Rejected
PL101226,43,Salaried,Permanent,37900,13.7,0,216000,4,Consumer Purchase,1,13700,23700,Family Owned,Stable,Approved
PL101227,35,Self Employed,Self Employed,19100,5.6,3700,191000,2,Debt Consolidation,3,4900,10900,Owned,Moderate,Rejected
PL101228,21,Government Employee,Permanent,41500,0.5,4000,186000,1,Other Personal,4,19000,17600,Rented,Stable,Approved
PL101229,33,Salaried,Permanent,23500,5.0,3100,188000,2,Medical,1,9800,10300,Owned,Unstable,Rejected
PL101230,35,Private Employee,Permanent,33000,7.1,6100,296000,3,Wedding,1,6700,20500,Owned,Very Stable,Approved
PL101231,33,Professional,Permanent,23600,6.2,2400,223000,3,Wedding,0,3600,17100,Family Owned,Stable,Approved
PL101232,32,Private Employee,Permanent,24500,3.3,3100,185000,1,Consumer Purchase,2,12600,8800,Family Owned,Stable,Approved
PL101233,31,Business Owner,Business,23300,1.0,3400,59000,4,Consumer Purchase,0,9000,11600,Owned,Moderate,Approved
PL101234,32,Private Employee,Permanent,75700,2.3,18300,394000,1,Home Renovation,3,39500,15500,Rented,Stable,Approved
PL101235,28,Private Employee,Permanent,21900,0.7,2800,219000,1,Wedding,2,10900,8500,Rented,Moderate,Rejected
PL101236,32,Self Employed,Self Employed,48800,2.9,0,482000,4,Travel,2,10400,39400,Owned,Very Stable,Approved
PL101237,39,Government Employee,Permanent,28700,8.4,4800,181000,5,Consumer Purchase,3,2900,22100,Rented,Moderate,Approved
PL101238,21,Professional,Contract,23900,0.5,4700,270000,5,Debt Consolidation,1,10400,8900,Rented,Very Stable,Rejected
PL101239,32,Business Owner,Business,37300,3.1,14200,265000,1,Medical,0,12100,10900,Family Owned,Very Stable,Approved
PL101240,35,Private Employee,Permanent,50400,8.9,7900,532000,4,Debt Consolidation,3,24200,17900,Rented,Unstable,Rejected
PL101241,35,Government Employee,Permanent,21400,4.2,4900,46000,1,Consumer Purchase,0,13300,2700,Family Owned,Moderate,Approved
PL101242,25,Salaried,Permanent,91100,4.2,13400,152000,1,Travel,4,32700,48400,Owned,Stable,Approved
PL101243,38,Salaried,Contract,73600,1.8,11700,520000,5,Other Personal,1,16900,45600,Rented,Stable,Approved
PL101244,35,Salaried,Permanent,32400,1.5,8700,367000,3,Emergency,1,10000,13800,Owned,Stable,Rejected
PL101245,30,Professional,Contract,40700,3.3,13900,182000,2,Home Renovation,2,19200,7700,Rented,Very Stable,Approved
PL101246,28,Government Employee,Permanent,38300,3.3,7400,423000,3,Wedding,2,26000,4600,Family Owned,Unstable,Rejected
PL101247,38,Salaried,Contract,33800,8.9,9100,325000,4,Travel,1,9500,14700,Owned,Very Stable,Approved
PL101248,21,Professional,Permanent,45600,0.7,0,235000,4,Medical,1,17400,28000,Rented,Very Stable,Approved
PL101249,38,Self Employed,Self Employed,24200,2.7,700,182000,2,Home Renovation,4,7700,15200,Owned,Stable,Rejected
PL101250,38,Salaried,Contract,57900,18.0,4500,654000,4,Medical,1,21000,32100,Family Owned,Moderate,Approved
PL101251,21,Private Employee,Contract,28200,0.2,5000,85000,3,Other Personal,2,16200,6700,Owned,Moderate,Approved
PL101252,35,Self Employed,Self Employed,42700,10.7,1400,438000,2,Medical,2,10900,30200,Owned,Stable,Approved
PL101253,25,Salaried,Permanent,31400,0.7,3000,217000,5,Medical,0,16300,10700,Rented,Stable,Approved
PL101254,51,Self Employed,Self Employed,24400,1.8,3700,259000,2,Wedding,0,9700,11900,Owned,Moderate,Rejected
PL101255,24,Salaried,Contract,19800,3.4,4800,156000,3,Consumer Purchase,1,6100,9000,Owned,Moderate,Rejected
PL101256,48,Self Employed,Self Employed,28900,6.9,4500,88000,3,Consumer Purchase,2,17900,6200,Rented,Moderate,Approved
PL101257,33,Self Employed,Self Employed,29900,6.0,6100,341000,3,Wedding,3,9500,13900,Owned,Very Stable,Rejected
PL101258,38,Salaried,Contract,53600,2.0,6400,631000,5,Debt Consolidation,2,30100,19500,Family Owned,Stable,Approved
PL101259,38,Salaried,Permanent,25200,17.4,2000,81000,2,Travel,0,8000,14800,Family Owned,Unstable,Approved
PL101260,21,Business Owner,Business,52200,0.1,15100,172000,3,Debt Consolidation,1,29400,9600,Rented,Moderate,Rejected
PL101261,30,Private Employee,Permanent,17400,4.6,2700,180000,4,Debt Consolidation,0,6800,7600,Owned,Stable,Rejected
PL101262,31,Business Owner,Business,25100,9.9,600,73000,2,Other Personal,1,13600,11400,Rented,Stable,Approved
PL101263,21,Business Owner,Business,50900,0.1,6100,106000,3,Medical,1,15200,30600,Family Owned,Moderate,Approved
PL101264,33,Professional,Permanent,43300,5.2,10400,149000,4,Debt Consolidation,1,9100,25500,Rented,Stable,Approved
PL101265,35,Private Employee,Permanent,34500,2.6,300,238000,3,Home Renovation,3,20600,13900,Rented,Moderate,Approved
PL101266,23,Professional,Contract,16600,0.7,700,154000,3,Home Renovation,0,6100,9700,Rented,Unstable,Approved
PL101267,47,Private Employee,Contract,46600,9.6,1700,255000,2,Travel,0,13100,33500,Owned,Stable,Approved
PL101268,27,Salaried,Permanent,25500,3.0,4400,174000,3,Consumer Purchase,4,18600,3100,Owned,Unstable,Rejected
PL101269,22,Self Employed,Self Employed,41000,0.8,3400,228000,4,Consumer Purchase,1,10900,24600,Rented,Unstable,Approved
PL101270,44,Business Owner,Business,28200,15.8,300,112000,3,Consumer Purchase,1,4700,24500,Rented,Moderate,Approved
PL101271,25,Business Owner,Business,28800,3.6,500,94000,3,Other Personal,4,12900,14700,Owned,Moderate,Approved
PL101272,28,Professional,Permanent,26700,5.6,6600,69000,4,Emergency,1,11800,8800,Owned,Moderate,Approved
PL101273,43,Private Employee,Permanent,77000,16.2,10600,261000,1,Consumer Purchase,1,43100,23400,Family Owned,Very Stable,Approved
PL101274,28,Business Owner,Business,25800,3.5,4600,114000,1,Other Personal,0,15100,3800,Family Owned,Stable,Approved
PL101275,44,Government Employee,Permanent,20000,5.7,2400,89000,1,Consumer Purchase,2,7700,10900,Rented,Very Stable,Approved
PL101276,35,Salaried,Permanent,40700,12.3,0,93000,3,Travel,2,19700,22200,Rented,Unstable,Approved
PL101277,29,Professional,Contract,14000,1.2,3000,143000,4,Wedding,1,6300,4600,Rented,Unstable,Rejected
PL101278,38,Professional,Permanent,21900,4.9,1800,147000,2,Emergency,1,5600,16000,Owned,Stable,Approved
PL101279,29,Private Employee,Permanent,62200,3.4,11500,498000,3,Wedding,2,28400,22000,Owned,Stable,Rejected
PL101280,45,Self Employed,Self Employed,29500,12.3,2800,334000,1,Debt Consolidation,2,18500,8100,Owned,Moderate,Rejected
PL101281,35,Private Employee,Permanent,26700,14.1,1700,161000,2,Home Renovation,3,14700,10000,Owned,Stable,Approved
PL101282,41,Salaried,Contract,82100,4.3,14800,752000,2,Medical,1,28600,40300,Owned,Stable,Approved
PL101283,22,Salaried,Permanent,33400,0.7,3100,180000,4,Wedding,0,15700,15200,Rented,Moderate,Approved
PL101284,28,Salaried,Contract,23700,1.0,7800,271000,4,Wedding,0,12800,3000,Rented,Moderate,Rejected
PL101285,22,Self Employed,Self Employed,42800,1.4,11000,326000,1,Consumer Purchase,2,11200,20100,Family Owned,Stable,Approved
PL101286,47,Salaried,Permanent,27600,9.6,200,65000,5,Travel,1,12200,15900,Rented,Stable,Rejected
PL101287,32,Salaried,Permanent,31900,1.1,4700,85000,3,Travel,3,7300,19300,Family Owned,Unstable,Approved
PL101288,26,Private Employee,Permanent,30700,3.1,3500,90000,3,Other Personal,0,5400,22300,Rented,Stable,Approved
PL101289,30,Salaried,Contract,14900,7.5,1000,93000,2,Consumer Purchase,0,4700,9300,Owned,Moderate,Approved
PL101290,28,Private Employee,Permanent,44300,1.4,2200,447000,2,Other Personal,2,6100,33200,Owned,Moderate,Approved
PL101291,51,Professional,Permanent,86600,14.8,8200,250000,2,Other Personal,3,33800,44900,Owned,Stable,Approved
PL101292,39,Salaried,Permanent,14000,9.6,4000,140000,1,Debt Consolidation,2,5700,3900,Rented,Very Stable,Rejected
PL101293,23,Salaried,Permanent,60400,0.8,11100,577000,3,Medical,1,20000,29700,Family Owned,Moderate,Approved
PL101294,30,Salaried,Permanent,30000,2.2,4500,150000,2,Other Personal,1,16500,9300,Family Owned,Very Stable,Rejected
PL101295,36,Private Employee,Permanent,23900,16.0,100,255000,2,Consumer Purchase,1,11500,13200,Owned,Moderate,Approved
PL101296,38,Salaried,Permanent,37900,11.5,0,98000,3,Consumer Purchase,4,17000,21300,Owned,Moderate,Approved
PL101297,35,Self Employed,Self Employed,44500,15.0,1500,387000,3,Emergency,1,19100,24400,Family Owned,Stable,Approved
PL101298,25,Salaried,Permanent,35700,2.0,10000,375000,2,Medical,0,8500,16500,Rented,Unstable,Rejected
PL101299,40,Private Employee,Permanent,22700,0.8,2200,142000,4,Wedding,2,10100,10100,Owned,Very Stable,Approved
PL101300,35,Government Employee,Permanent,28600,6.8,2300,101000,2,Emergency,2,8000,19300,Family Owned,Stable,Approved
PL101301,39,Government Employee,Permanent,34300,8.6,7300,385000,3,Wedding,3,7200,19200,Rented,Very Stable,Rejected
PL101302,21,Business Owner,Business,38400,0.4,5500,418000,1,Debt Consolidation,3,13600,18700,Family Owned,Stable,Approved
PL101303,37,Private Employee,Permanent,53600,9.2,3500,360000,2,Home Renovation,1,8200,41700,Rented,Stable,Approved
PL101304,46,Government Employee,Permanent,16600,6.4,3100,119000,4,Emergency,2,3200,11100,Owned,Stable,Rejected
PL101305,34,Business Owner,Business,35800,6.0,6900,318000,3,Debt Consolidation,2,17700,10500,Rented,Stable,Rejected
PL101306,33,Private Employee,Permanent,31100,6.9,11400,60000,2,Emergency,4,12900,8700,Owned,Unstable,Rejected
PL101307,27,Salaried,Permanent,33000,3.9,8900,158000,1,Home Renovation,1,8300,17300,Owned,Moderate,Approved
PL101308,21,Private Employee,Contract,49500,1.0,5200,552000,4,Emergency,4,25000,21200,Owned,Moderate,Rejected
PL101309,34,Business Owner,Business,23700,7.4,3300,193000,2,Medical,1,10400,9700,Owned,Moderate,Approved
PL101310,29,Salaried,Permanent,23000,3.3,200,144000,5,Consumer Purchase,1,4700,18000,Family Owned,Moderate,Approved
PL101311,46,Professional,Permanent,18700,16.9,2200,28000,3,Debt Consolidation,0,6100,10200,Owned,Moderate,Approved
PL101312,24,Private Employee,Permanent,34200,1.2,6400,323000,2,Wedding,1,16700,12100,Owned,Stable,Rejected
PL101313,35,Government Employee,Permanent,21700,11.2,3000,162000,2,Wedding,0,11100,7700,Family Owned,Moderate,Rejected
PL101314,38,Government Employee,Permanent,22000,5.1,500,213000,4,Other Personal,1,11100,10500,Owned,Very Stable,Approved
PL101315,37,Business Owner,Business,37000,9.6,2800,118000,2,Emergency,0,14600,19200,Owned,Stable,Approved
PL101316,27,Salaried,Permanent,26400,4.7,1800,112000,2,Medical,1,14300,10900,Family Owned,Moderate,Rejected
PL101317,31,Salaried,Contract,26500,6.7,5300,220000,3,Other Personal,1,10900,10400,Rented,Stable,Rejected
PL101318,38,Private Employee,Permanent,40500,16.7,7900,195000,5,Medical,3,23500,7700,Rented,Unstable,Approved
PL101319,33,Salaried,Permanent,23500,4.9,3500,56000,5,Consumer Purchase,3,15100,4900,Owned,Moderate,Rejected
PL101320,37,Private Employee,Permanent,39400,2.9,7400,96000,1,Home Renovation,0,17200,13900,Owned,Stable,Approved
PL101321,21,Salaried,Permanent,53900,0.6,5900,533000,2,Other Personal,1,35300,10400,Rented,Moderate,Rejected
PL101322,32,Private Employee,Permanent,24700,2.4,1300,190000,5,Medical,1,10600,11300,Owned,Very Stable,Rejected
PL101323,40,Professional,Permanent,51200,6.5,5900,393000,2,Consumer Purchase,3,14500,28700,Owned,Unstable,Approved
PL101324,33,Government Employee,Permanent,20700,5.3,3100,168000,2,Other Personal,2,14500,4000,Owned,Stable,Rejected
PL101325,21,Private Employee,Permanent,79800,0.8,13100,214000,1,Emergency,2,37700,26300,Owned,Moderate,Approved
PL101326,36,Salaried,Permanent,40300,7.9,3300,463000,4,Home Renovation,1,17500,20200,Owned,Stable,Rejected
PL101327,33,Self Employed,Self Employed,25800,4.3,0,48000,2,Medical,2,15600,11800,Rented,Moderate,Approved
PL101328,27,Self Employed,Self Employed,52400,0.9,8300,338000,5,Emergency,1,32300,10200,Family Owned,Stable,Rejected
PL101329,43,Private Employee,Permanent,21800,0.5,0,233000,3,Medical,1,8600,13100,Family Owned,Unstable,Approved
PL101330,42,Self Employed,Self Employed,15900,3.7,1600,135000,2,Other Personal,1,6100,9100,Family Owned,Very Stable,Rejected
PL101331,30,Government Employee,Permanent,20900,2.7,0,132000,2,Home Renovation,3,3300,18400,Rented,Stable,Rejected
PL101332,37,Business Owner,Business,17900,9.9,4400,52000,3,Consumer Purchase,0,9900,4400,Family Owned,Moderate,Rejected
PL101333,34,Business Owner,Business,17400,2.0,3800,94000,3,Emergency,1,8700,4700,Rented,Very Stable,Rejected
PL101334,28,Private Employee,Permanent,45200,2.0,10100,132000,2,Emergency,3,19800,16600,Owned,Moderate,Approved
PL101335,46,Private Employee,Contract,44800,2.0,700,199000,5,Medical,4,11800,31500,Owned,Very Stable,Approved
PL101336,30,Professional,Permanent,24600,2.6,0,165000,4,Travel,2,17100,7100,Owned,Very Stable,Rejected
PL101337,33,Professional,Contract,63000,1.8,22100,389000,1,Debt Consolidation,0,35400,9600,Family Owned,Unstable,Approved
PL101338,31,Self Employed,Self Employed,19100,11.0,2900,92000,2,Travel,0,8800,7900,Rented,Moderate,Approved
PL101339,37,Private Employee,Permanent,55900,10.8,0,137000,1,Wedding,4,15500,42900,Owned,Stable,Approved
PL101340,49,Salaried,Permanent,21500,6.6,2100,95000,3,Emergency,2,12700,5800,Rented,Very Stable,Approved
PL101341,44,Professional,Permanent,36500,3.1,1800,62000,4,Consumer Purchase,3,15100,18900,Rented,Unstable,Approved
PL101342,53,Self Employed,Self Employed,26600,12.7,5600,107000,4,Home Renovation,2,6200,13600,Family Owned,Unstable,Rejected
PL101343,42,Salaried,Permanent,31100,4.4,800,197000,4,Wedding,3,13000,17200,Owned,Stable,Rejected
PL101344,40,Government Employee,Permanent,35400,9.8,3100,120000,2,Home Renovation,4,12500,21800,Rented,Moderate,Approved
PL101345,21,Government Employee,Permanent,25900,0.2,5300,76000,5,Emergency,1,10100,10300,Owned,Stable,Approved
PL101346,39,Government Employee,Permanent,31500,10.8,5100,73000,5,Medical,3,16200,10400,Rented,Moderate,Approved
PL101347,30,Private Employee,Permanent,23300,4.6,2100,265000,2,Emergency,1,17900,3700,Family Owned,Stable,Rejected
PL101348,26,Private Employee,Permanent,18400,0.5,500,124000,2,Other Personal,2,6000,12000,Owned,Stable,Approved
PL101349,31,Salaried,Permanent,14700,1.9,2400,130000,4,Other Personal,2,5600,6700,Family Owned,Unstable,Rejected
PL101350,31,Private Employee,Permanent,34300,5.6,0,410000,2,Emergency,1,18200,15600,Family Owned,Moderate,Approved
PL101351,24,Professional,Permanent,72500,2.3,12400,512000,2,Debt Consolidation,0,38700,21000,Owned,Very Stable,Approved
PL101352,32,Private Employee,Contract,23000,1.9,3200,184000,3,Travel,1,12300,7600,Family Owned,Stable,Approved
PL101353,54,Business Owner,Business,44200,17.5,4600,76000,4,Medical,2,27900,12300,Rented,Stable,Approved
PL101354,22,Salaried,Contract,53400,1.8,1900,544000,1,Emergency,2,12900,40900,Owned,Stable,Approved
PL101355,38,Self Employed,Self Employed,27400,10.5,4700,68000,4,Emergency,2,12800,9400,Owned,Stable,Approved
PL101356,38,Self Employed,Self Employed,24000,2.2,3900,38000,4,Consumer Purchase,2,8100,12600,Rented,Very Stable,Approved
PL101357,38,Private Employee,Permanent,38400,5.3,1900,249000,5,Wedding,1,10500,25800,Family Owned,Unstable,Approved
PL101358,35,Self Employed,Self Employed,46600,3.9,0,467000,1,Consumer Purchase,3,24500,22300,Rented,Moderate,Approved
PL101359,39,Self Employed,Self Employed,46800,12.4,6700,509000,3,Wedding,3,15500,23400,Owned,Unstable,Rejected
PL101360,22,Government Employee,Permanent,20900,0.4,5200,156000,3,Home Renovation,1,7400,8300,Rented,Very Stable,Rejected
PL101361,31,Salaried,Permanent,80200,9.6,8500,624000,1,Wedding,2,36600,35100,Rented,Stable,Approved
PL101362,33,Private Employee,Permanent,30700,1.2,3200,157000,2,Wedding,2,8300,19700,Owned,Moderate,Rejected
PL101363,53,Salaried,Contract,31300,6.4,5000,270000,5,Other Personal,2,21800,3400,Owned,Stable,Rejected
PL101364,31,Private Employee,Permanent,35800,3.5,1900,321000,1,Debt Consolidation,1,18100,14800,Rented,Stable,Rejected
PL101365,26,Self Employed,Self Employed,54100,3.1,6000,277000,5,Home Renovation,2,20500,29400,Rented,Stable,Approved
PL101366,42,Self Employed,Self Employed,99400,2.6,23800,623000,3,Consumer Purchase,2,39500,33400,Owned,Very Stable,Approved
PL101367,44,Private Employee,Permanent,34700,16.8,5500,329000,1,Wedding,4,19300,9800,Family Owned,Moderate,Rejected
PL101368,35,Business Owner,Business,21600,4.1,6600,207000,3,Medical,0,6100,8400,Rented,Moderate,Rejected
PL101369,21,Business Owner,Business,38100,0.1,6000,186000,2,Medical,0,8600,23500,Owned,Unstable,Approved
PL101370,35,Government Employee,Permanent,43300,8.4,8600,210000,4,Wedding,3,20000,14700,Rented,Stable,Rejected
PL101371,29,Self Employed,Self Employed,26000,2.5,2200,40000,1,Consumer Purchase,2,13800,10300,Rented,Moderate,Approved
PL101372,37,Government Employee,Permanent,18800,3.0,2100,105000,2,Home Renovation,3,8200,8000,Owned,Unstable,Approved
PL101373,28,Professional,Contract,60000,1.7,9400,563000,5,Emergency,0,16400,32500,Rented,Unstable,Approved
PL101374,34,Salaried,Contract,57900,6.5,15100,265000,1,Debt Consolidation,2,43600,1900,Rented,Moderate,Rejected
PL101375,29,Professional,Permanent,36000,3.2,4400,411000,3,Other Personal,3,10400,22900,Owned,Stable,Approved
PL101376,21,Salaried,Permanent,60300,0.1,13800,371000,3,Other Personal,2,22200,22300,Family Owned,Moderate,Approved
PL101377,44,Business Owner,Business,30800,3.1,8100,147000,3,Home Renovation,4,14000,9100,Rented,Stable,Rejected
PL101378,26,Government Employee,Permanent,18800,6.0,6300,154000,2,Wedding,3,6700,5000,Family Owned,Unstable,Rejected
PL101379,36,Salaried,Permanent,54200,2.4,8500,385000,2,Debt Consolidation,4,29200,15800,Owned,Stable,Approved
PL101380,50,Government Employee,Permanent,32300,6.3,5800,322000,5,Emergency,2,18800,8800,Owned,Stable,Rejected
PL101381,28,Government Employee,Permanent,87800,2.6,7600,632000,5,Home Renovation,0,32600,46200,Owned,Stable,Approved
PL101382,40,Salaried,Contract,15600,10.1,2700,68000,3,Consumer Purchase,1,1600,11900,Rented,Moderate,Approved
PL101383,26,Private Employee,Permanent,41700,5.2,7900,415000,5,Consumer Purchase,2,17800,13800,Family Owned,Stable,Rejected
PL101384,40,Professional,Permanent,19600,18.2,2500,137000,2,Medical,1,11300,6400,Owned,Stable,Rejected
PL101385,30,Salaried,Permanent,50600,2.3,400,181000,3,Emergency,2,25100,25400,Rented,Moderate,Approved
PL101386,21,Business Owner,Business,54100,1.0,5600,496000,5,Consumer Purchase,3,27400,21800,Owned,Stable,Rejected
PL101387,41,Salaried,Permanent,23200,8.2,0,212000,2,Medical,0,7800,14700,Owned,Moderate,Approved
PL101388,33,Private Employee,Permanent,73400,6.4,9400,140000,2,Consumer Purchase,0,42700,18100,Owned,Moderate,Approved
PL101389,38,Private Employee,Contract,15000,8.1,500,111000,4,Wedding,1,6500,7800,Family Owned,Stable,Rejected
PL101390,36,Salaried,Contract,41600,11.4,7500,125000,5,Medical,0,20200,17500,Owned,Unstable,Approved
PL101391,28,Salaried,Permanent,40600,1.3,14900,402000,1,Consumer Purchase,1,22900,2100,Family Owned,Moderate,Rejected
PL101392,44,Salaried,Permanent,42000,13.4,9800,293000,2,Medical,0,20200,11000,Owned,Moderate,Approved
PL101393,38,Private Employee,Permanent,52300,8.4,3600,542000,1,Medical,2,26700,21400,Family Owned,Stable,Approved
PL101394,29,Private Employee,Permanent,38400,6.4,9600,66000,3,Consumer Purchase,1,13700,15200,Rented,Moderate,Approved
PL101395,34,Private Employee,Permanent,40000,6.9,6800,154000,1,Other Personal,2,13800,19000,Owned,Very Stable,Approved
PL101396,49,Self Employed,Self Employed,20000,4.2,4100,221000,3,Travel,3,7900,8000,Rented,Very Stable,Rejected
PL101397,33,Self Employed,Self Employed,23100,13.0,2800,61000,4,Wedding,1,12700,7700,Rented,Moderate,Approved
PL101398,33,Salaried,Permanent,28900,1.7,7000,146000,2,Other Personal,4,3700,18800,Owned,Moderate,Rejected
PL101399,47,Government Employee,Permanent,54700,27.0,3200,526000,3,Other Personal,1,19100,32300,Family Owned,Moderate,Approved
PL101400,56,Self Employed,Self Employed,42000,10.5,0,64000,1,Debt Consolidation,1,9900,32300,Owned,Stable,Rejected
PL101401,27,Private Employee,Permanent,36800,1.7,2900,330000,5,Wedding,2,17500,14700,Owned,Very Stable,Approved
PL101402,34,Salaried,Permanent,14000,6.0,2400,92000,3,Wedding,0,3300,8100,Family Owned,Moderate,Rejected
PL101403,34,Private Employee,Permanent,17700,5.5,1500,145000,3,Debt Consolidation,1,4700,11200,Family Owned,Very Stable,Approved
PL101404,44,Private Employee,Contract,38400,6.9,8500,455000,4,Medical,2,11900,17200,Family Owned,Moderate,Approved
PL101405,50,Professional,Contract,26200,4.3,4200,73000,4,Travel,3,11300,11000,Owned,Stable,Approved
PL101406,33,Private Employee,Permanent,29400,5.4,2600,273000,2,Medical,3,14800,11500,Owned,Moderate,Approved
PL101407,21,Professional,Permanent,49000,0.3,7100,460000,3,Wedding,1,16500,23900,Family Owned,Stable,Approved
PL101408,35,Salaried,Permanent,34600,10.0,0,393000,2,Home Renovation,0,13800,22200,Family Owned,Stable,Approved
PL101409,34,Business Owner,Business,16800,9.8,3400,140000,3,Emergency,3,10200,3100,Rented,Stable,Rejected
PL101410,44,Salaried,Permanent,26100,1.6,4300,170000,2,Consumer Purchase,2,9300,13100,Rented,Moderate,Rejected
PL101411,23,Private Employee,Permanent,37900,1.8,2200,240000,3,Other Personal,2,18800,16300,Rented,Stable,Approved
PL101412,30,Business Owner,Business,47400,6.0,11200,224000,4,Debt Consolidation,0,32600,2400,Rented,Moderate,Rejected
PL101413,45,Professional,Permanent,24100,22.9,2200,167000,2,Consumer Purchase,2,11100,9800,Rented,Very Stable,Rejected
PL101414,39,Salaried,Permanent,50400,2.4,7900,440000,4,Medical,4,25800,19200,Family Owned,Moderate,Rejected
PL101415,36,Private Employee,Contract,14000,7.3,1500,161000,1,Other Personal,4,8400,4400,Rented,Unstable,Rejected
PL101416,39,Salaried,Permanent,31100,19.0,0,62000,2,Home Renovation,0,25600,4800,Owned,Moderate,Approved
PL101417,34,Self Employed,Self Employed,16000,6.1,1700,51000,1,Wedding,4,9800,5500,Owned,Very Stable,Rejected
PL101418,24,Self Employed,Self Employed,22100,2.0,0,72000,2,Emergency,1,16500,4500,Family Owned,Very Stable,Rejected
PL101419,35,Professional,Permanent,45700,3.7,6600,542000,4,Wedding,2,12400,26900,Owned,Moderate,Rejected
PL101420,36,Salaried,Permanent,26800,16.0,4000,313000,1,Home Renovation,2,16000,5700,Family Owned,Moderate,Rejected
PL101421,52,Self Employed,Self Employed,22000,6.9,4000,138000,1,Medical,1,10900,6300,Owned,Stable,Approved
PL101422,32,Salaried,Contract,22800,5.4,1500,88000,2,Debt Consolidation,2,13800,5500,Rented,Stable,Rejected
PL101423,40,Business Owner,Business,59500,13.8,2100,129000,5,Travel,2,35300,21900,Family Owned,Stable,Approved
PL101424,38,Government Employee,Permanent,47900,8.0,8400,160000,2,Home Renovation,4,22500,17600,Owned,Unstable,Approved
PL101425,45,Salaried,Permanent,32400,1.7,0,130000,5,Consumer Purchase,0,11800,21500,Rented,Very Stable,Approved
PL101426,35,Professional,Permanent,15700,15.0,2500,174000,3,Debt Consolidation,4,4400,9000,Owned,Unstable,Rejected
PL101427,27,Salaried,Permanent,14200,0.2,3600,83000,2,Home Renovation,2,6400,4200,Owned,Very Stable,Rejected
PL101428,60,Professional,Permanent,24700,9.7,2400,173000,5,Wedding,0,6300,16900,Family Owned,Very Stable,Approved
PL101429,21,Private Employee,Permanent,28000,0.7,7000,137000,5,Travel,2,12500,9400,Rented,Stable,Rejected
PL101430,29,Government Employee,Permanent,110700,9.0,19100,667000,5,Consumer Purchase,2,64900,24300,Family Owned,Stable,Approved
PL101431,33,Salaried,Permanent,23300,6.6,6200,135000,1,Consumer Purchase,0,8500,9100,Owned,Moderate,Rejected
PL101432,51,Government Employee,Permanent,28100,2.8,5500,50000,2,Emergency,4,7000,16200,Rented,Stable,Approved
PL101433,30,Self Employed,Self Employed,29300,4.5,3200,227000,3,Debt Consolidation,3,17300,7900,Rented,Stable,Rejected
PL101434,25,Government Employee,Permanent,21900,3.0,2900,199000,1,Medical,1,5700,13400,Owned,Moderate,Approved
PL101435,38,Salaried,Permanent,74700,4.7,5800,798000,5,Wedding,3,27100,38700,Owned,Stable,Approved
PL101436,46,Salaried,Permanent,28400,7.0,1600,288000,2,Other Personal,1,10000,16500,Owned,Stable,Approved
PL101437,23,Salaried,Permanent,14000,3.0,2600,57000,4,Emergency,1,6100,5500,Owned,Moderate,Rejected
PL101438,40,Business Owner,Business,42300,9.4,5500,465000,2,Wedding,0,18100,19700,Family Owned,Stable,Approved
PL101439,38,Salaried,Permanent,41100,6.5,2700,481000,1,Consumer Purchase,2,19400,18000,Family Owned,Very Stable,Approved
PL101440,27,Private Employee,Permanent,49500,4.9,12700,159000,3,Emergency,2,19900,17200,Family Owned,Very Stable,Approved
PL101441,24,Private Employee,Permanent,27900,2.6,5200,49000,3,Medical,3,8600,15000,Owned,Very Stable,Rejected
PL101442,37,Salaried,Permanent,18000,0.4,0,149000,4,Wedding,1,8900,9000,Owned,Stable,Approved
PL101443,27,Private Employee,Contract,33900,3.5,6700,124000,2,Wedding,2,5900,21000,Rented,Stable,Approved
PL101444,33,Private Employee,Permanent,34000,2.6,2200,340000,3,Emergency,1,23100,10000,Owned,Stable,Approved
PL101445,46,Salaried,Contract,25100,18.5,6100,258000,5,Debt Consolidation,2,11700,7800,Owned,Stable,Rejected
PL101446,37,Salaried,Permanent,23500,14.2,5300,85000,1,Home Renovation,2,12100,6300,Rented,Very Stable,Approved
PL101447,32,Government Employee,Permanent,40700,3.6,10400,355000,5,Home Renovation,1,33100,-4900,Family Owned,Unstable,Rejected
PL101448,54,Government Employee,Permanent,23400,17.4,4800,70000,5,Debt Consolidation,1,10200,8600,Owned,Very Stable,Approved
PL101449,39,Salaried,Permanent,60100,4.6,15700,634000,4,Home Renovation,1,22200,21700,Rented,Moderate,Approved
PL101450,29,Private Employee,Permanent,47400,5.4,0,117000,2,Consumer Purchase,1,21500,24700,Rented,Very Stable,Approved
PL101451,40,Salaried,Permanent,55000,4.3,0,179000,3,Debt Consolidation,1,31000,24100,Family Owned,Stable,Approved
PL101452,44,Salaried,Permanent,21300,5.3,4900,37000,3,Consumer Purchase,2,8800,8400,Family Owned,Moderate,Approved
PL101453,41,Salaried,Permanent,32900,2.2,100,324000,3,Debt Consolidation,2,10400,24500,Owned,Stable,Approved
PL101454,44,Self Employed,Self Employed,25300,13.0,2600,145000,2,Other Personal,0,9600,13700,Rented,Unstable,Approved
PL101455,46,Government Employee,Permanent,24500,1.8,5600,60000,4,Medical,4,10200,8000,Owned,Moderate,Approved
PL101456,33,Salaried,Permanent,69600,3.2,27400,286000,3,Home Renovation,2,28400,13100,Owned,Stable,Approved
PL101457,47,Private Employee,Permanent,53500,3.3,9100,325000,3,Travel,2,17100,26600,Owned,Very Stable,Approved
PL101458,49,Salaried,Permanent,36400,12.1,5500,62000,1,Consumer Purchase,0,15000,15000,Family Owned,Moderate,Approved
PL101459,37,Private Employee,Contract,65500,15.2,0,461000,1,Emergency,3,20000,46900,Owned,Stable,Approved
PL101460,55,Government Employee,Permanent,54500,6.7,9800,297000,4,Debt Consolidation,2,31700,12400,Family Owned,Stable,Rejected
PL101461,31,Government Employee,Permanent,26100,6.6,3600,238000,4,Travel,3,13500,8000,Rented,Stable,Rejected
PL101462,32,Salaried,Contract,15800,4.9,3700,64000,3,Other Personal,1,13000,-800,Family Owned,Stable,Approved
PL101463,23,Government Employee,Permanent,14000,1.0,2700,46000,2,Wedding,0,5000,7000,Family Owned,Moderate,Rejected
PL101464,36,Private Employee,Contract,19400,15.3,4600,127000,5,Debt Consolidation,3,5600,9500,Owned,Unstable,Rejected
PL101465,30,Government Employee,Permanent,63900,7.5,2000,198000,2,Medical,1,27900,32900,Rented,Unstable,Approved
PL101466,31,Self Employed,Self Employed,30300,2.3,6700,51000,2,Other Personal,1,15000,10200,Family Owned,Stable,Approved
PL101467,40,Salaried,Permanent,45700,10.9,3700,265000,2,Debt Consolidation,2,12900,29000,Owned,Unstable,Approved
PL101468,29,Salaried,Permanent,39700,7.6,1100,291000,1,Wedding,2,20700,18100,Rented,Stable,Approved
PL101469,31,Salaried,Permanent,30800,2.9,3300,187000,2,Emergency,2,8800,18900,Owned,Very Stable,Rejected
PL101470,47,Business Owner,Business,25300,11.6,3600,280000,1,Emergency,3,11800,11200,Owned,Stable,Approved
PL101471,25,Self Employed,Self Employed,39600,1.3,6300,134000,3,Consumer Purchase,3,15900,17300,Family Owned,Stable,Approved
PL101472,45,Business Owner,Business,78500,7.5,1000,649000,3,Consumer Purchase,4,54100,22100,Owned,Moderate,Approved
PL101473,54,Private Employee,Permanent,37500,7.2,9800,325000,3,Medical,2,14000,15000,Owned,Stable,Rejected
PL101474,49,Business Owner,Business,15600,8.2,3400,46000,3,Wedding,2,7200,5800,Rented,Moderate,Rejected
PL101475,29,Professional,Permanent,14000,6.9,3500,53000,4,Medical,1,2800,7700,Rented,Very Stable,Rejected
PL101476,21,Salaried,Permanent,35300,1.0,10700,295000,5,Medical,2,12100,12100,Owned,Unstable,Rejected
PL101477,32,Government Employee,Permanent,27600,6.4,2400,250000,1,Consumer Purchase,1,11600,14000,Rented,Moderate,Rejected
PL101478,30,Government Employee,Permanent,17300,4.3,4800,97000,1,Emergency,0,9200,2100,Owned,Stable,Approved
PL101479,21,Private Employee,Permanent,54500,0.7,4900,430000,4,Emergency,0,21400,27500,Owned,Stable,Approved
PL101480,26,Government Employee,Permanent,25700,4.3,4400,90000,3,Consumer Purchase,1,14200,6100,Rented,Moderate,Rejected
PL101481,32,Business Owner,Business,41800,12.0,9300,325000,5,Home Renovation,2,11200,19400,Rented,Moderate,Rejected
PL101482,41,Business Owner,Business,50500,3.1,6900,319000,2,Consumer Purchase,1,22600,18900,Family Owned,Stable,Approved
PL101483,37,Salaried,Contract,17100,17.0,3800,61000,4,Home Renovation,0,6600,6700,Owned,Very Stable,Approved
PL101484,34,Private Employee,Permanent,30700,3.1,1800,286000,2,Other Personal,3,13800,14400,Family Owned,Very Stable,Approved
PL101485,41,Private Employee,Permanent,22300,8.1,3300,194000,3,Debt Consolidation,3,9300,8800,Rented,Stable,Approved
PL101486,36,Business Owner,Business,44000,1.6,9000,172000,3,Consumer Purchase,2,24300,10700,Family Owned,Very Stable,Approved
PL101487,34,Private Employee,Contract,58200,1.3,10000,455000,3,Other Personal,2,17000,30900,Rented,Unstable,Approved
PL101488,21,Government Employee,Permanent,35900,0.5,200,279000,2,Debt Consolidation,3,9400,26800,Family Owned,Very Stable,Approved
PL101489,28,Private Employee,Permanent,37700,6.9,3200,323000,4,Consumer Purchase,2,12500,22500,Owned,Very Stable,Rejected
PL101490,37,Self Employed,Self Employed,29000,3.5,2800,161000,1,Home Renovation,1,10300,15600,Rented,Moderate,Approved
PL101491,21,Government Employee,Permanent,42700,0.2,7500,107000,4,Wedding,3,15300,20800,Family Owned,Unstable,Approved
PL101492,45,Salaried,Permanent,21200,7.9,6700,139000,2,Emergency,1,14200,-100,Rented,Moderate,Rejected
PL101493,36,Private Employee,Permanent,14000,4.8,0,76000,4,Emergency,1,5100,8700,Rented,Stable,Approved
PL101494,52,Private Employee,Permanent,45100,27.5,2000,404000,5,Emergency,2,32900,10400,Owned,Moderate,Rejected
PL101495,37,Business Owner,Business,40800,4.5,12100,272000,1,Travel,2,15600,14000,Family Owned,Unstable,Rejected
PL101496,39,Salaried,Contract,49500,4.3,11600,564000,3,Home Renovation,0,25600,11800,Owned,Stable,Rejected
PL101497,25,Professional,Permanent,41900,0.7,6700,348000,5,Consumer Purchase,1,18500,14900,Owned,Unstable,Rejected
PL101498,48,Salaried,Permanent,19100,14.2,3500,213000,1,Wedding,3,6000,10200,Owned,Moderate,Approved
PL101499,40,Private Employee,Permanent,20100,2.5,4100,120000,1,Debt Consolidation,2,7100,8400,Family Owned,Moderate,Rejected
PL101500,35,Government Employee,Permanent,51500,5.0,8200,284000,2,Debt Consolidation,1,28300,16000,Owned,Moderate,Approved
PL101501,41,Salaried,Permanent,20200,20.7,3000,221000,3,Home Renovation,2,3000,13600,Owned,Very Stable,Rejected
PL101502,35,Private Employee,Permanent,29600,3.7,8100,101000,3,Travel,0,11900,7700,Owned,Moderate,Rejected
PL101503,27,Private Employee,Contract,20800,0.6,0,236000,3,Emergency,2,4600,15900,Owned,Stable,Rejected
PL101504,30,Salaried,Permanent,59400,3.4,15700,188000,1,Home Renovation,1,32600,12600,Owned,Stable,Approved
PL101505,37,Salaried,Permanent,17400,15.2,200,38000,2,Debt Consolidation,2,3200,13400,Family Owned,Moderate,Approved
PL101506,50,Private Employee,Permanent,42400,4.3,12200,198000,1,Consumer Purchase,3,8200,21700,Owned,Stable,Approved
PL101507,30,Salaried,Permanent,21700,2.2,2800,115000,1,Emergency,1,8700,10700,Owned,Stable,Rejected
PL101508,41,Salaried,Contract,42900,14.2,5000,247000,2,Debt Consolidation,0,15300,23200,Rented,Moderate,Approved
PL101509,26,Private Employee,Permanent,42600,2.8,800,161000,4,Wedding,1,20600,25600,Owned,Stable,Approved
PL101510,40,Salaried,Permanent,37800,8.9,8700,351000,3,Debt Consolidation,2,13900,16000,Rented,Stable,Approved
PL101511,39,Government Employee,Permanent,62400,19.0,11400,518000,2,Travel,1,8500,43000,Owned,Stable,Approved
PL101512,28,Salaried,Permanent,80400,7.8,10600,330000,1,Home Renovation,3,8000,61000,Rented,Unstable,Approved
PL101513,40,Private Employee,Permanent,14000,3.8,700,70000,4,Home Renovation,2,5200,7900,Owned,Unstable,Rejected
PL101514,23,Business Owner,Business,30400,1.8,7400,192000,5,Emergency,1,22900,200,Family Owned,Stable,Rejected
PL101515,35,Salaried,Permanent,25600,5.6,3000,194000,1,Debt Consolidation,1,5100,18000,Rented,Stable,Approved
PL101516,32,Professional,Contract,50500,1.1,5000,143000,3,Home Renovation,0,36900,6200,Rented,Moderate,Approved
PL101517,47,Self Employed,Self Employed,52800,9.2,13800,184000,3,Consumer Purchase,1,19400,18900,Owned,Stable,Approved
PL101518,32,Business Owner,Business,16300,4.3,3200,140000,5,Wedding,0,5400,7100,Owned,Stable,Approved
PL101519,46,Business Owner,Business,32400,11.3,12400,200000,3,Wedding,1,14800,4200,Family Owned,Unstable,Rejected
PL101520,46,Salaried,Permanent,23900,16.1,3600,197000,1,Home Renovation,2,11300,9900,Owned,Stable,Approved
PL101521,53,Salaried,Contract,42300,11.1,15100,463000,2,Emergency,0,15400,12200,Rented,Stable,Rejected
PL101522,21,Business Owner,Business,55000,0.4,10700,246000,5,Medical,1,16800,29400,Rented,Moderate,Approved
PL101523,38,Salaried,Permanent,20300,3.9,4400,227000,3,Debt Consolidation,2,8300,8200,Family Owned,Moderate,Rejected
PL101524,47,Self Employed,Self Employed,33000,2.6,5000,79000,1,Medical,0,11200,16100,Owned,Moderate,Approved
PL101525,39,Government Employee,Permanent,21000,1.6,4200,192000,3,Home Renovation,3,9200,7400,Rented,Moderate,Rejected
PL101526,35,Private Employee,Permanent,15900,6.4,3900,109000,3,Consumer Purchase,3,5000,7500,Family Owned,Moderate,Rejected
PL101527,39,Salaried,Permanent,55900,5.8,8100,555000,1,Home Renovation,3,32600,13400,Owned,Moderate,Rejected
PL101528,29,Professional,Permanent,53800,4.0,4300,208000,4,Medical,3,14700,35000,Rented,Very Stable,Approved
PL101529,50,Business Owner,Business,20700,3.3,1800,188000,1,Home Renovation,3,4100,14400,Rented,Unstable,Approved
PL101530,34,Government Employee,Permanent,54600,4.7,9500,608000,3,Travel,2,27900,16100,Owned,Unstable,Rejected
PL101531,32,Private Employee,Contract,18900,4.5,2200,167000,2,Other Personal,0,11200,5600,Rented,Very Stable,Approved
PL101532,21,Salaried,Contract,47300,0.3,7500,311000,3,Medical,4,19000,20700,Owned,Very Stable,Rejected
PL101533,42,Salaried,Contract,20800,4.2,4400,97000,2,Wedding,0,6800,9200,Rented,Stable,Approved
PL101534,23,Professional,Contract,33300,0.5,6200,200000,1,Other Personal,1,10100,17300,Rented,Stable,Approved
PL101535,48,Salaried,Permanent,31100,9.9,7600,317000,3,Medical,4,9500,15100,Rented,Moderate,Approved
PL101536,45,Salaried,Contract,14000,23.5,2200,140000,1,Other Personal,3,7200,3800,Family Owned,Very Stable,Rejected
PL101537,33,Self Employed,Self Employed,28200,8.9,1600,153000,5,Consumer Purchase,2,17200,8600,Owned,Moderate,Approved
PL101538,21,Salaried,Contract,31200,0.2,3200,195000,2,Wedding,1,13600,13600,Rented,Stable,Approved
PL101539,28,Business Owner,Business,19500,3.5,3800,146000,3,Consumer Purchase,2,5900,10300,Rented,Moderate,Approved
PL101540,36,Professional,Permanent,26000,16.0,6800,294000,3,Wedding,3,7800,11600,Rented,Moderate,Rejected
PL101541,36,Self Employed,Self Employed,53000,7.6,8300,177000,2,Consumer Purchase,1,17400,27000,Owned,Stable,Approved
PL101542,29,Salaried,Permanent,31600,8.2,2300,102000,2,Wedding,2,13200,14700,Rented,Stable,Approved
PL101543,49,Self Employed,Self Employed,26000,14.8,5000,270000,2,Wedding,0,9200,13100,Owned,Stable,Rejected
PL101544,27,Salaried,Permanent,17800,3.1,5200,133000,4,Wedding,1,6200,5900,Rented,Stable,Approved
PL101545,21,Salaried,Permanent,23000,0.8,3900,241000,1,Home Renovation,2,6200,12100,Rented,Very Stable,Rejected
PL101546,42,Business Owner,Business,31300,14.3,1500,355000,1,Wedding,1,7100,20000,Rented,Very Stable,Approved
PL101547,41,Professional,Permanent,28600,12.9,0,232000,3,Debt Consolidation,1,15200,12700,Rented,Moderate,Approved
PL101548,33,Salaried,Permanent,21000,11.4,6600,44000,2,Debt Consolidation,2,8000,6100,Owned,Moderate,Approved
PL101549,33,Salaried,Permanent,24000,1.7,3700,73000,2,Consumer Purchase,3,10000,10000,Owned,Moderate,Approved
PL101550,33,Government Employee,Permanent,21700,4.2,800,212000,2,Medical,3,13600,7700,Owned,Moderate,Approved
PL101551,32,Salaried,Permanent,63200,4.0,6900,624000,5,Wedding,1,6300,50500,Rented,Moderate,Approved
PL101552,42,Government Employee,Permanent,60500,2.9,20800,231000,1,Consumer Purchase,2,19600,20900,Owned,Moderate,Rejected
PL101553,36,Government Employee,Permanent,33000,10.3,9700,285000,1,Other Personal,4,10000,12200,Rented,Moderate,Rejected
PL101554,28,Professional,Contract,40100,5.2,5100,371000,4,Medical,2,18500,17500,Family Owned,Stable,Rejected
PL101555,43,Professional,Permanent,64500,12.5,2900,170000,3,Medical,0,10700,51100,Owned,Moderate,Approved
PL101556,46,Private Employee,Permanent,50600,9.3,14600,82000,1,Consumer Purchase,0,33500,2000,Rented,Stable,Approved
PL101557,36,Salaried,Permanent,22700,12.7,5400,55000,3,Home Renovation,2,4200,12300,Owned,Stable,Approved
PL101558,35,Private Employee,Permanent,38600,15.0,5900,314000,1,Emergency,0,17600,15400,Owned,Moderate,Approved
PL101559,44,Salaried,Permanent,28600,3.8,0,134000,3,Medical,2,8300,20900,Rented,Very Stable,Approved
PL101560,51,Private Employee,Contract,49100,17.7,7700,390000,3,Debt Consolidation,2,30100,12400,Rented,Very Stable,Approved
PL101561,31,Salaried,Permanent,14000,1.6,3000,103000,3,Debt Consolidation,0,6900,3900,Rented,Unstable,Rejected
PL101562,35,Private Employee,Contract,14000,3.7,1700,78000,2,Wedding,4,4000,8600,Owned,Stable,Rejected
PL101563,36,Government Employee,Permanent,39600,8.0,2800,417000,3,Medical,3,16300,18000,Owned,Moderate,Rejected
PL101564,33,Private Employee,Permanent,36500,1.4,1000,207000,3,Consumer Purchase,2,22200,13000,Family Owned,Stable,Approved
PL101565,36,Salaried,Permanent,41600,16.0,6500,214000,1,Consumer Purchase,3,17100,19700,Rented,Unstable,Approved
PL101566,60,Professional,Permanent,22100,13.8,100,67000,5,Emergency,2,3500,18600,Owned,Stable,Approved
PL101567,32,Private Employee,Permanent,16800,1.2,3100,153000,4,Debt Consolidation,1,8500,4700,Rented,Stable,Rejected
PL101568,45,Salaried,Permanent,26000,10.3,200,142000,5,Consumer Purchase,1,15500,8900,Rented,Stable,Approved
PL101569,28,Salaried,Permanent,14800,3.2,1200,162000,4,Consumer Purchase,0,3800,9500,Rented,Unstable,Rejected
PL101570,31,Salaried,Permanent,19600,3.9,1000,113000,4,Travel,2,7700,10700,Rented,Very Stable,Rejected
PL101571,21,Government Employee,Permanent,48000,0.5,1600,177000,2,Debt Consolidation,2,13400,33700,Family Owned,Moderate,Approved
PL101572,35,Private Employee,Permanent,27800,4.8,500,217000,3,Travel,3,7200,20500,Family Owned,Unstable,Approved
PL101573,23,Business Owner,Business,25500,1.3,6900,202000,4,Consumer Purchase,2,9200,9900,Family Owned,Moderate,Approved
PL101574,37,Professional,Permanent,20600,7.6,2600,138000,1,Consumer Purchase,2,2100,16100,Rented,Moderate,Rejected
PL101575,32,Salaried,Contract,25400,1.2,300,203000,1,Home Renovation,2,8800,16700,Owned,Stable,Approved
PL101576,21,Private Employee,Contract,35700,0.8,7400,359000,2,Emergency,1,12100,17400,Rented,Stable,Approved
PL101577,34,Salaried,Contract,40400,7.2,2600,115000,2,Wedding,3,7600,30800,Family Owned,Very Stable,Approved
PL101578,32,Salaried,Contract,18300,3.8,5100,110000,4,Other Personal,1,8700,4600,Rented,Moderate,Rejected
PL101579,54,Salaried,Permanent,34600,16.5,3100,408000,5,Medical,3,21300,10200,Family Owned,Stable,Approved
PL101580,37,Self Employed,Self Employed,75900,17.0,7500,491000,4,Home Renovation,2,54300,14700,Family Owned,Moderate,Approved
PL101581,23,Private Employee,Permanent,22800,1.0,0,106000,1,Medical,0,10300,12500,Family Owned,Unstable,Rejected
PL101582,38,Professional,Permanent,39100,18.0,10900,187000,3,Wedding,2,8800,19000,Owned,Stable,Approved
PL101583,39,Private Employee,Permanent,28700,16.9,1400,213000,3,Emergency,0,14500,15300,Owned,Very Stable,Approved
PL101584,31,Salaried,Permanent,32300,3.8,2900,211000,3,Emergency,2,17400,11300,Rented,Very Stable,Rejected
PL101585,33,Salaried,Permanent,47400,13.0,1600,283000,2,Other Personal,1,16400,29100,Owned,Very Stable,Approved
PL101586,41,Self Employed,Self Employed,38100,20.8,1000,259000,2,Travel,3,21200,14900,Rented,Very Stable,Rejected
PL101587,26,Salaried,Contract,42300,2.9,7800,240000,3,Emergency,3,11700,25600,Family Owned,Very Stable,Rejected
PL101588,51,Salaried,Permanent,20100,13.3,6800,173000,3,Wedding,1,6700,6900,Rented,Very Stable,Rejected
PL101589,45,Salaried,Permanent,25600,17.1,5400,91000,2,Travel,4,6200,15000,Owned,Moderate,Rejected
PL101590,39,Salaried,Permanent,49700,6.7,0,221000,2,Travel,3,18700,34100,Rented,Stable,Approved
PL101591,24,Government Employee,Permanent,21300,3.1,5000,201000,1,Debt Consolidation,3,10100,6500,Family Owned,Moderate,Rejected
PL101592,46,Government Employee,Permanent,37700,3.2,4900,280000,5,Debt Consolidation,0,13900,19800,Rented,Stable,Rejected
PL101593,24,Private Employee,Permanent,50800,0.9,2500,329000,4,Home Renovation,1,28000,22500,Rented,Unstable,Rejected
PL101594,37,Salaried,Permanent,45400,3.8,7800,542000,3,Home Renovation,3,16100,21100,Owned,Very Stable,Approved
PL101595,33,Private Employee,Contract,25700,9.5,1700,156000,5,Consumer Purchase,1,19800,3900,Rented,Very Stable,Approved
PL101596,41,Government Employee,Permanent,29600,4.8,8900,327000,3,Medical,3,17600,3300,Family Owned,Stable,Rejected
PL101597,32,Business Owner,Business,37200,2.1,7300,210000,4,Wedding,3,17500,12100,Owned,Stable,Rejected
PL101598,25,Private Employee,Permanent,22800,0.7,700,260000,4,Wedding,2,11600,10100,Rented,Stable,Approved
PL101599,29,Private Employee,Contract,22100,3.2,3300,34000,1,Emergency,0,18200,500,Rented,Moderate,Rejected
PL101600,32,Government Employee,Permanent,26000,1.3,0,311000,4,Wedding,1,11300,15000,Family Owned,Unstable,Rejected
PL101601,45,Private Employee,Permanent,56700,25.0,4800,147000,1,Wedding,1,27600,24700,Rented,Very Stable,Approved
PL101602,35,Salaried,Permanent,18100,9.2,4600,213000,3,Medical,2,7100,6000,Family Owned,Stable,Rejected
PL101603,25,Self Employed,Self Employed,37500,1.9,10800,252000,1,Emergency,2,11100,15100,Rented,Very Stable,Approved
PL101604,42,Professional,Permanent,38300,4.1,3300,452000,5,Travel,3,12700,21900,Rented,Moderate,Rejected
PL101605,40,Professional,Contract,71300,2.7,10500,132000,3,Medical,0,27700,30400,Owned,Stable,Approved
PL101606,28,Government Employee,Permanent,83300,1.4,13200,649000,1,Medical,0,34400,36000,Owned,Unstable,Approved
PL101607,27,Self Employed,Self Employed,21200,1.1,5100,51000,1,Debt Consolidation,2,9700,5900,Family Owned,Moderate,Approved
PL101608,33,Private Employee,Permanent,44000,6.6,2100,482000,1,Consumer Purchase,3,24700,19400,Family Owned,Very Stable,Rejected
PL101609,30,Private Employee,Contract,25500,6.5,6600,58000,3,Other Personal,1,14500,4600,Owned,Stable,Rejected
PL101610,42,Salaried,Contract,41200,11.4,7100,173000,1,Home Renovation,1,30700,3800,Owned,Moderate,Rejected
PL101611,36,Self Employed,Self Employed,19900,10.5,3300,88000,5,Wedding,2,3700,13300,Owned,Stable,Approved
PL101612,26,Self Employed,Self Employed,38600,0.4,6600,125000,2,Consumer Purchase,2,17600,13200,Owned,Stable,Approved
PL101613,36,Private Employee,Permanent,73900,2.9,10500,193000,3,Wedding,2,43100,20900,Family Owned,Unstable,Approved
PL101614,36,Private Employee,Contract,19700,3.7,5000,113000,3,Emergency,0,6700,7800,Owned,Stable,Approved
PL101615,26,Salaried,Permanent,49700,1.2,2600,554000,4,Emergency,3,17300,30400,Owned,Stable,Rejected
PL101616,31,Private Employee,Permanent,43600,2.6,1600,261000,3,Debt Consolidation,0,28000,13800,Family Owned,Very Stable,Rejected
PL101617,38,Professional,Permanent,60400,3.5,5800,561000,1,Home Renovation,2,40000,13700,Rented,Moderate,Rejected
PL101618,47,Professional,Permanent,36600,27.0,12600,161000,1,Consumer Purchase,0,15100,7500,Owned,Stable,Rejected
PL101619,41,Government Employee,Permanent,36200,9.0,10300,193000,5,Consumer Purchase,4,14500,9100,Owned,Moderate,Approved
PL101620,28,Salaried,Permanent,48200,6.1,3700,111000,1,Debt Consolidation,3,23900,22200,Owned,Unstable,Approved
PL101621,48,Salaried,Permanent,84500,11.2,9900,872000,2,Emergency,3,21400,52300,Owned,Moderate,Approved
PL101622,31,Salaried,Contract,32900,8.5,2800,185000,2,Home Renovation,0,15400,14900,Rented,Stable,Approved
PL101623,40,Private Employee,Permanent,38900,13.6,6700,271000,5,Home Renovation,1,6000,26200,Owned,Stable,Approved
PL101624,46,Salaried,Permanent,37400,13.9,3900,117000,4,Home Renovation,4,9300,21400,Owned,Unstable,Approved
PL101625,39,Government Employee,Permanent,19100,13.6,1600,146000,3,Debt Consolidation,2,5400,11600,Rented,Moderate,Rejected
PL101626,30,Private Employee,Permanent,23700,3.5,2700,59000,3,Consumer Purchase,0,11900,9500,Rented,Very Stable,Approved
PL101627,38,Private Employee,Permanent,21000,17.6,3400,140000,3,Emergency,2,8600,9600,Rented,Stable,Rejected
PL101628,38,Salaried,Permanent,42900,2.0,11800,468000,2,Wedding,3,18500,12600,Rented,Very Stable,Approved
PL101629,25,Government Employee,Permanent,29700,2.0,2900,339000,2,Home Renovation,3,13400,12400,Owned,Very Stable,Rejected
PL101630,32,Private Employee,Contract,28800,2.9,4600,324000,3,Debt Consolidation,1,15800,9100,Family Owned,Moderate,Rejected
PL101631,41,Private Employee,Permanent,41200,15.3,9800,459000,2,Consumer Purchase,1,18900,14100,Owned,Stable,Approved
PL101632,31,Self Employed,Self Employed,22500,10.5,1300,172000,3,Consumer Purchase,1,12600,8800,Rented,Stable,Rejected
PL101633,28,Business Owner,Business,31200,8.0,4900,128000,2,Other Personal,0,15900,10000,Rented,Very Stable,Approved
PL101634,21,Self Employed,Self Employed,48300,0.5,10200,476000,1,Home Renovation,4,10600,26000,Owned,Very Stable,Approved
PL101635,21,Private Employee,Permanent,35400,0.6,7200,78000,2,Consumer Purchase,2,18700,9400,Rented,Stable,Approved
PL101636,54,Salaried,Permanent,48900,22.6,14200,574000,5,Home Renovation,2,7900,27700,Family Owned,Stable,Approved
PL101637,27,Professional,Permanent,15000,0.7,2900,144000,1,Other Personal,0,6500,5300,Rented,Stable,Approved
PL101638,29,Private Employee,Permanent,36300,2.9,5300,249000,3,Travel,1,9100,22300,Rented,Moderate,Approved
PL101639,45,Salaried,Permanent,33700,12.5,6100,394000,2,Debt Consolidation,2,14600,12300,Rented,Moderate,Rejected
PL101640,26,Private Employee,Permanent,40300,1.5,4800,318000,2,Medical,1,11800,23400,Rented,Stable,Rejected
PL101641,31,Salaried,Permanent,18300,5.2,4700,33000,3,Consumer Purchase,4,6700,8000,Family Owned,Stable,Rejected
PL101642,43,Government Employee,Permanent,25600,13.8,3400,213000,2,Consumer Purchase,2,11300,9900,Owned,Very Stable,Rejected
PL101643,36,Professional,Permanent,19300,14.4,2400,164000,1,Medical,1,9500,7600,Rented,Very Stable,Rejected
PL101644,23,Salaried,Permanent,27000,0.5,1800,55000,2,Travel,3,10600,14700,Owned,Moderate,Approved
PL101645,30,Business Owner,Business,81300,3.6,7800,509000,3,Wedding,2,39300,34000,Rented,Moderate,Approved
PL101646,44,Salaried,Contract,28600,10.8,5600,252000,4,Other Personal,4,19600,3700,Rented,Stable,Rejected
PL101647,32,Self Employed,Self Employed,21100,2.7,200,216000,1,Debt Consolidation,1,5700,15500,Rented,Stable,Approved
PL101648,35,Government Employee,Permanent,18100,0.7,1800,57000,3,Wedding,2,6200,10100,Rented,Very Stable,Rejected
PL101649,35,Private Employee,Permanent,22900,0.3,2300,52000,5,Home Renovation,3,12500,7800,Rented,Very Stable,Approved
PL101650,46,Business Owner,Business,30000,13.7,6100,110000,5,Wedding,3,12700,11800,Rented,Unstable,Rejected
PL101651,27,Private Employee,Permanent,44100,3.6,10000,272000,2,Emergency,2,28800,4200,Owned,Stable,Rejected
PL101652,21,Private Employee,Contract,41000,0.1,11800,178000,2,Other Personal,3,16500,12700,Owned,Stable,Rejected
PL101653,43,Private Employee,Permanent,45400,21.1,3200,406000,4,Wedding,2,14500,28200,Owned,Very Stable,Rejected
PL101654,22,Business Owner,Business,54000,0.3,11800,450000,5,Other Personal,1,16200,24400,Rented,Stable,Approved
PL101655,23,Business Owner,Business,45100,3.0,7500,305000,5,Medical,0,25700,12100,Owned,Stable,Rejected
PL101656,43,Salaried,Permanent,48900,8.5,6500,564000,2,Consumer Purchase,0,24800,15800,Owned,Moderate,Rejected
PL101657,31,Business Owner,Business,106100,8.1,22600,1208000,3,Debt Consolidation,0,22300,62300,Family Owned,Moderate,Approved
PL101658,36,Salaried,Permanent,41600,9.1,300,237000,2,Wedding,2,15000,26000,Family Owned,Stable,Approved
PL101659,21,Private Employee,Permanent,33700,0.5,2900,146000,3,Consumer Purchase,1,15500,16100,Family Owned,Moderate,Approved
PL101660,40,Self Employed,Self Employed,33000,20.0,1000,273000,3,Emergency,0,13500,18300,Owned,Stable,Approved
PL101661,26,Business Owner,Business,27100,1.6,7300,208000,4,Consumer Purchase,0,14400,4900,Owned,Stable,Rejected
PL101662,44,Business Owner,Business,22200,16.3,5100,192000,5,Home Renovation,2,2800,13900,Family Owned,Stable,Approved
PL101663,34,Salaried,Permanent,16700,8.6,500,48000,4,Other Personal,2,6100,10200,Family Owned,Moderate,Approved
PL101664,42,Private Employee,Permanent,109500,1.8,600,664000,1,Travel,1,18400,88800,Owned,Very Stable,Approved
PL101665,39,Private Employee,Contract,23400,4.6,4700,269000,2,Other Personal,3,11700,7200,Rented,Moderate,Approved
PL101666,34,Professional,Permanent,47500,4.5,2500,477000,3,Other Personal,1,27300,20000,Owned,Stable,Rejected
PL101667,29,Government Employee,Permanent,34500,2.3,7100,364000,5,Travel,3,12900,13300,Family Owned,Unstable,Rejected
PL101668,28,Professional,Permanent,32000,0.3,10200,317000,1,Debt Consolidation,4,9100,12500,Family Owned,Stable,Rejected
PL101669,45,Self Employed,Self Employed,38100,4.7,2100,131000,1,Debt Consolidation,3,16000,20400,Rented,Stable,Approved
PL101670,21,Salaried,Permanent,35100,1.0,7000,354000,2,Home Renovation,4,20500,6600,Family Owned,Stable,Rejected
PL101671,23,Private Employee,Permanent,14000,1.0,1600,39000,3,Emergency,2,5200,7400,Owned,Stable,Approved
PL101672,32,Private Employee,Permanent,36300,6.6,10900,143000,3,Medical,3,11400,11900,Family Owned,Very Stable,Approved
PL101673,21,Government Employee,Permanent,45700,1.0,0,294000,2,Home Renovation,0,22700,23500,Owned,Very Stable,Approved
PL101674,32,Private Employee,Permanent,44800,2.9,300,270000,2,Home Renovation,1,23000,19100,Family Owned,Moderate,Approved
PL101675,35,Salaried,Permanent,21800,8.3,3400,222000,3,Consumer Purchase,2,7700,10600,Owned,Unstable,Rejected
PL101676,43,Private Employee,Permanent,43900,8.7,12400,296000,3,Emergency,2,25300,5400,Owned,Stable,Approved
PL101677,48,Self Employed,Self Employed,22000,9.0,2500,40000,4,Consumer Purchase,1,8700,10300,Owned,Moderate,Rejected
PL101678,21,Professional,Permanent,14000,1.0,900,138000,1,Wedding,3,1700,11300,Rented,Stable,Rejected
PL101679,36,Salaried,Permanent,14800,6.8,0,94000,5,Consumer Purchase,1,5000,9800,Owned,Moderate,Rejected
PL101680,43,Salaried,Permanent,15400,16.5,2800,52000,3,Debt Consolidation,1,5000,7600,Family Owned,Stable,Rejected
PL101681,38,Private Employee,Permanent,68400,2.3,200,166000,1,Wedding,3,16100,52900,Rented,Unstable,Approved
PL101682,40,Salaried,Permanent,34900,13.1,12400,410000,3,Debt Consolidation,4,17600,3700,Family Owned,Stable,Approved
PL101683,31,Government Employee,Permanent,15100,3.7,2300,82000,1,Travel,1,3700,10000,Family Owned,Stable,Rejected
PL101684,31,Government Employee,Permanent,47800,9.6,7000,323000,1,Emergency,2,20000,19400,Family Owned,Unstable,Rejected
PL101685,28,Private Employee,Permanent,50100,2.6,5500,461000,3,Consumer Purchase,2,5000,41300,Family Owned,Stable,Approved
PL101686,39,Private Employee,Contract,44000,17.4,2400,478000,2,Consumer Purchase,1,16000,28500,Rented,Unstable,Approved
PL101687,46,Business Owner,Business,33900,19.9,4000,104000,4,Consumer Purchase,2,12800,18600,Family Owned,Stable,Approved
PL101688,40,Self Employed,Self Employed,39100,20.0,7400,187000,5,Travel,4,19400,12100,Rented,Unstable,Approved
PL101689,26,Professional,Permanent,22000,4.1,5200,120000,3,Home Renovation,1,11900,5400,Owned,Unstable,Rejected
PL101690,27,Government Employee,Permanent,41600,3.9,5800,272000,5,Consumer Purchase,3,12800,23700,Owned,Unstable,Rejected
PL101691,24,Self Employed,Self Employed,34600,0.5,4300,258000,1,Wedding,4,19500,9800,Rented,Moderate,Rejected
PL101692,24,Private Employee,Permanent,14000,1.6,2100,52000,2,Medical,3,3100,8000,Family Owned,Unstable,Rejected
PL101693,36,Government Employee,Permanent,24700,3.9,1600,189000,3,Debt Consolidation,1,10300,13200,Rented,Stable,Rejected
PL101694,25,Private Employee,Permanent,32800,1.6,10200,62000,2,Consumer Purchase,0,17800,5300,Family Owned,Moderate,Rejected
PL101695,29,Self Employed,Self Employed,15800,9.0,1300,181000,2,Emergency,0,6000,8400,Rented,Moderate,Rejected
PL101696,43,Salaried,Contract,28400,5.3,1900,305000,2,Consumer Purchase,4,8100,18900,Rented,Moderate,Approved
PL101697,32,Private Employee,Contract,22000,9.4,4300,69000,3,Medical,3,7000,10800,Owned,Moderate,Approved
PL101698,33,Professional,Permanent,14800,0.9,1500,33000,2,Home Renovation,1,8400,5500,Owned,Unstable,Approved
PL101699,34,Salaried,Permanent,55500,2.5,16300,506000,4,Wedding,1,24100,10600,Rented,Moderate,Rejected
PL101700,39,Private Employee,Contract,39500,3.7,7400,252000,2,Consumer Purchase,2,16800,18300,Owned,Stable,Approved
PL101701,32,Private Employee,Permanent,25800,1.5,1200,250000,1,Consumer Purchase,3,12100,12100,Rented,Stable,Approved
PL101702,21,Professional,Permanent,50700,0.5,12100,88000,4,Home Renovation,3,24000,13500,Family Owned,Stable,Rejected
PL101703,34,Business Owner,Business,65700,7.4,9000,584000,1,Wedding,3,19100,40900,Owned,Very Stable,Approved
PL101704,29,Professional,Permanent,20100,2.1,5700,154000,3,Home Renovation,3,7100,6700,Rented,Stable,Rejected
PL101705,51,Business Owner,Business,59100,21.0,4000,529000,2,Travel,1,25900,31100,Family Owned,Moderate,Approved
PL101706,23,Salaried,Permanent,49400,1.3,8400,461000,3,Medical,4,26400,17000,Family Owned,Stable,Approved
PL101707,40,Government Employee,Permanent,46700,6.1,10400,495000,3,Medical,1,23100,14300,Family Owned,Moderate,Rejected
PL101708,33,Professional,Permanent,64200,2.5,2600,213000,2,Other Personal,2,24400,39500,Family Owned,Very Stable,Approved
PL101709,56,Government Employee,Permanent,94000,5.4,28000,1053000,4,Wedding,0,43500,24900,Owned,Stable,Rejected
PL101710,40,Self Employed,Self Employed,47100,7.1,6800,361000,2,Emergency,0,29000,12200,Rented,Moderate,Approved
PL101711,50,Private Employee,Permanent,46100,19.3,8000,260000,3,Debt Consolidation,0,12900,23500,Rented,Stable,Approved
PL101712,21,Government Employee,Permanent,29000,0.3,0,148000,1,Debt Consolidation,2,20500,8900,Family Owned,Stable,Rejected
PL101713,34,Government Employee,Permanent,26000,12.1,800,312000,4,Medical,0,15300,9400,Owned,Stable,Rejected
PL101714,29,Government Employee,Permanent,49600,1.4,2200,328000,5,Wedding,2,11300,37000,Rented,Very Stable,Approved
PL101715,42,Salaried,Permanent,24600,3.4,6600,154000,1,Wedding,2,8100,9700,Owned,Moderate,Rejected
PL101716,38,Self Employed,Self Employed,61400,16.7,0,380000,5,Consumer Purchase,1,21600,42700,Rented,Moderate,Approved
PL101717,40,Private Employee,Permanent,25800,4.3,1400,303000,2,Medical,1,13100,10600,Family Owned,Moderate,Rejected
PL101718,35,Government Employee,Permanent,82400,2.2,12300,889000,2,Medical,2,21300,49800,Owned,Very Stable,Approved
PL101719,44,Government Employee,Permanent,44900,24.0,8500,136000,3,Home Renovation,0,31800,4600,Owned,Moderate,Rejected
PL101720,35,Government Employee,Permanent,32300,5.7,7200,379000,4,Consumer Purchase,0,15400,11100,Owned,Moderate,Approved
PL101721,30,Business Owner,Business,19300,3.5,3500,117000,2,Debt Consolidation,0,5200,10600,Rented,Moderate,Rejected
PL101722,36,Salaried,Contract,18700,1.4,1700,108000,3,Medical,4,6300,10200,Rented,Stable,Rejected
PL101723,46,Private Employee,Permanent,43500,15.9,1600,139000,1,Debt Consolidation,4,23000,17500,Owned,Stable,Approved
PL101724,40,Salaried,Permanent,63400,20.0,18900,193000,4,Medical,1,36900,6700,Rented,Very Stable,Approved
PL101725,38,Professional,Permanent,17100,3.1,3700,80000,3,Debt Consolidation,0,3300,9600,Family Owned,Stable,Approved
PL101726,40,Salaried,Permanent,50300,13.1,6600,161000,3,Wedding,2,38300,6400,Family Owned,Moderate,Approved
PL101727,37,Professional,Permanent,42000,7.6,3100,207000,5,Home Renovation,2,5700,32600,Owned,Very Stable,Approved
PL101728,31,Salaried,Permanent,62400,2.6,8200,401000,2,Medical,2,13100,38500,Family Owned,Stable,Approved
PL101729,36,Business Owner,Business,48500,9.3,5500,256000,1,Wedding,1,26400,16700,Rented,Moderate,Approved
PL101730,21,Salaried,Permanent,47200,1.0,4900,447000,5,Consumer Purchase,2,19400,20200,Rented,Very Stable,Approved
PL101731,21,Private Employee,Contract,38500,0.1,2500,141000,3,Debt Consolidation,1,16900,20500,Owned,Very Stable,Approved
PL101732,41,Private Employee,Permanent,40300,12.1,9500,143000,5,Consumer Purchase,0,17400,12800,Rented,Very Stable,Approved
PL101733,25,Professional,Contract,30300,0.2,2600,204000,5,Medical,0,6800,22400,Owned,Stable,Approved
PL101734,24,Self Employed,Self Employed,24900,4.0,2500,260000,4,Medical,0,8500,14600,Family Owned,Stable,Rejected
PL101735,37,Self Employed,Self Employed,31200,5.1,7300,196000,1,Wedding,0,15100,8700,Rented,Unstable,Rejected
PL101736,34,Government Employee,Permanent,24200,10.1,4200,253000,4,Medical,0,7900,12800,Rented,Stable,Rejected
PL101737,37,Private Employee,Permanent,27300,8.4,7900,180000,5,Medical,0,8100,10000,Owned,Very Stable,Approved
PL101738,25,Government Employee,Permanent,50800,2.2,0,417000,3,Other Personal,0,29700,20800,Rented,Unstable,Approved
PL101739,39,Private Employee,Permanent,22100,6.4,3000,161000,5,Consumer Purchase,2,9000,10000,Owned,Unstable,Rejected
PL101740,30,Private Employee,Permanent,31900,3.5,4600,381000,3,Consumer Purchase,4,13900,12900,Family Owned,Very Stable,Rejected
PL101741,46,Professional,Permanent,17600,7.9,3300,114000,1,Travel,4,4600,9200,Owned,Stable,Rejected
PL101742,30,Salaried,Contract,29700,2.5,3700,259000,2,Consumer Purchase,0,22200,3900,Family Owned,Moderate,Approved
PL101743,39,Salaried,Permanent,60600,8.8,10000,554000,2,Medical,3,32700,19300,Family Owned,Very Stable,Approved
PL101744,28,Salaried,Permanent,34000,0.8,7600,352000,1,Debt Consolidation,3,9000,17500,Owned,Moderate,Rejected
PL101745,52,Salaried,Permanent,20400,5.3,1400,176000,2,Consumer Purchase,1,8400,10700,Rented,Moderate,Rejected
PL101746,34,Government Employee,Permanent,31000,14.0,7000,353000,1,Wedding,2,10600,12900,Family Owned,Moderate,Rejected
PL101747,37,Professional,Permanent,29400,2.6,2200,304000,3,Home Renovation,0,12600,14600,Family Owned,Stable,Rejected
PL101748,43,Salaried,Permanent,26800,4.4,4100,283000,3,Medical,0,16300,5400,Owned,Stable,Rejected
PL101749,32,Salaried,Permanent,40000,3.5,0,465000,1,Travel,0,19400,19900,Family Owned,Unstable,Approved
PL101750,56,Private Employee,Permanent,27800,6.1,100,134000,3,Emergency,1,19100,7300,Owned,Stable,Approved
PL101751,43,Salaried,Contract,35700,2.2,2500,278000,3,Consumer Purchase,2,11400,21700,Family Owned,Moderate,Approved
PL101752,23,Salaried,Contract,23500,1.0,0,56000,1,Other Personal,2,11900,12300,Rented,Unstable,Approved
PL101753,38,Salaried,Permanent,46600,7.1,5400,363000,5,Wedding,1,7400,33100,Rented,Moderate,Approved
PL101754,41,Private Employee,Permanent,71000,8.5,17800,232000,5,Travel,2,35500,15900,Owned,Very Stable,Approved
PL101755,41,Business Owner,Business,27500,20.0,3300,192000,4,Medical,3,2800,21200,Rented,Unstable,Approved
PL101756,25,Salaried,Permanent,32500,2.0,5200,130000,3,Emergency,0,5700,21600,Rented,Moderate,Rejected
PL101757,33,Private Employee,Permanent,37400,11.0,12700,417000,2,Home Renovation,2,23000,1300,Owned,Moderate,Rejected
PL101758,44,Government Employee,Permanent,34200,4.3,5600,90000,2,Home Renovation,0,20300,7600,Rented,Stable,Approved
PL101759,30,Salaried,Permanent,42700,0.9,6200,279000,5,Other Personal,2,15200,19200,Owned,Very Stable,Approved
PL101760,26,Salaried,Permanent,49300,1.4,2200,477000,2,Travel,0,19300,27800,Owned,Moderate,Rejected
PL101761,27,Private Employee,Permanent,17700,4.7,3000,103000,2,Home Renovation,2,7800,7500,Owned,Moderate,Approved
PL101762,29,Salaried,Permanent,38900,9.0,8800,246000,3,Wedding,0,14000,15700,Owned,Very Stable,Approved
PL101763,21,Salaried,Contract,36700,0.6,2700,375000,3,Travel,2,12400,20800,Rented,Very Stable,Rejected
PL101764,26,Business Owner,Business,66100,1.6,10900,462000,4,Emergency,2,28400,26500,Owned,Stable,Rejected
PL101765,38,Government Employee,Permanent,34800,14.8,500,299000,2,Home Renovation,0,13000,20500,Rented,Moderate,Approved
PL101766,45,Government Employee,Permanent,22700,10.1,4000,76000,2,Other Personal,0,8900,10100,Owned,Stable,Approved
PL101767,31,Self Employed,Self Employed,63200,6.7,6800,707000,2,Consumer Purchase,2,41400,13700,Family Owned,Moderate,Approved
PL101768,36,Business Owner,Business,58600,16.0,10900,516000,4,Debt Consolidation,0,26100,25300,Owned,Moderate,Approved
PL101769,34,Private Employee,Permanent,54700,2.2,0,642000,5,Home Renovation,1,18100,36800,Owned,Stable,Approved
PL101770,32,Salaried,Permanent,62200,12.0,8500,645000,2,Emergency,3,18700,32600,Owned,Unstable,Rejected
PL101771,24,Salaried,Permanent,22900,1.7,5000,246000,3,Debt Consolidation,2,9500,8600,Family Owned,Unstable,Rejected
PL101772,23,Private Employee,Permanent,22300,2.8,4200,167000,4,Travel,2,13100,4200,Owned,Stable,Rejected
PL101773,46,Government Employee,Permanent,42100,17.3,5000,353000,2,Wedding,3,15100,21600,Rented,Very Stable,Approved
PL101774,34,Self Employed,Self Employed,32200,4.4,0,274000,1,Medical,2,13400,17600,Family Owned,Stable,Rejected
PL101775,41,Private Employee,Contract,19600,4.3,5400,135000,3,Other Personal,0,9800,3400,Family Owned,Very Stable,Rejected
PL101776,35,Government Employee,Permanent,31500,2.0,1200,217000,2,Home Renovation,2,8500,23200,Owned,Moderate,Approved
PL101777,46,Business Owner,Business,51900,4.9,12400,553000,2,Travel,0,13900,24500,Owned,Stable,Approved
PL101778,23,Private Employee,Permanent,14000,0.4,800,94000,2,Home Renovation,3,3800,9100,Family Owned,Very Stable,Approved
PL101779,32,Private Employee,Permanent,45000,0.5,1600,225000,3,Wedding,4,22300,19700,Family Owned,Stable,Approved
PL101780,31,Salaried,Permanent,15400,3.5,1900,103000,2,Medical,1,8000,5300,Family Owned,Very Stable,Approved
PL101781,28,Salaried,Permanent,31500,2.1,0,320000,5,Medical,4,13500,18300,Owned,Stable,Rejected
PL101782,21,Private Employee,Permanent,31000,0.2,500,274000,4,Travel,4,9000,20500,Owned,Stable,Rejected
PL101783,35,Government Employee,Permanent,25500,9.1,6400,47000,4,Home Renovation,1,11600,7000,Family Owned,Moderate,Approved
PL101784,39,Business Owner,Business,34000,2.9,7700,270000,5,Debt Consolidation,2,13600,12300,Rented,Unstable,Approved
PL101785,48,Salaried,Contract,68400,15.3,3100,643000,1,Travel,1,35100,26200,Owned,Moderate,Approved
PL101786,31,Business Owner,Business,28200,11.0,2300,271000,2,Home Renovation,3,16300,10300,Rented,Stable,Approved
PL101787,24,Salaried,Permanent,35700,1.5,0,91000,1,Other Personal,2,13100,23500,Rented,Moderate,Approved
PL101788,25,Government Employee,Permanent,33800,3.1,3300,303000,3,Consumer Purchase,1,15200,15100,Rented,Stable,Approved
PL101789,28,Self Employed,Self Employed,33800,0.8,2700,93000,4,Consumer Purchase,3,17300,14500,Owned,Stable,Rejected
PL101790,36,Salaried,Permanent,28200,7.8,8100,164000,1,Home Renovation,2,10900,10100,Owned,Unstable,Approved
PL101791,26,Private Employee,Permanent,20000,1.0,3000,199000,3,Consumer Purchase,0,7100,8900,Owned,Unstable,Rejected
PL101792,35,Salaried,Permanent,27400,0.8,4100,186000,3,Medical,1,18700,1800,Rented,Stable,Rejected
PL101793,25,Self Employed,Self Employed,75800,1.4,13800,438000,3,Wedding,1,27900,35000,Rented,Very Stable,Approved
PL101794,33,Salaried,Permanent,51200,3.0,4400,307000,1,Emergency,1,14700,31300,Owned,Stable,Approved
PL101795,53,Salaried,Contract,26300,33.0,5400,216000,2,Wedding,2,14100,6100,Family Owned,Stable,Rejected
PL101796,37,Private Employee,Permanent,69000,17.0,13000,168000,4,Emergency,3,20700,37200,Family Owned,Stable,Approved
PL101797,26,Private Employee,Contract,15400,3.1,2500,133000,2,Wedding,1,7700,5800,Rented,Unstable,Rejected
PL101798,60,Private Employee,Contract,34500,17.2,6300,401000,1,Emergency,2,15100,14400,Rented,Unstable,Rejected
PL101799,44,Government Employee,Permanent,15400,8.0,5300,64000,3,Consumer Purchase,0,8700,1300,Owned,Moderate,Rejected
PL101800,41,Business Owner,Business,65400,6.5,0,305000,4,Medical,0,32700,35300,Owned,Stable,Approved
PL101801,32,Private Employee,Permanent,21800,2.6,400,227000,4,Consumer Purchase,2,7100,13800,Owned,Moderate,Approved
PL101802,42,Private Employee,Permanent,49600,10.0,4600,466000,3,Debt Consolidation,1,20400,23100,Owned,Unstable,Approved
PL101803,41,Business Owner,Business,50800,5.9,11500,414000,4,Debt Consolidation,1,25300,13700,Owned,Very Stable,Approved
PL101804,26,Self Employed,Self Employed,52400,2.5,7500,255000,3,Wedding,2,34600,10100,Owned,Very Stable,Approved
PL101805,44,Self Employed,Self Employed,31300,10.3,6600,149000,2,Wedding,0,6900,18600,Owned,Very Stable,Rejected
PL101806,42,Salaried,Permanent,14000,9.6,1800,114000,3,Medical,3,8500,3900,Family Owned,Stable,Rejected
PL101807,34,Salaried,Permanent,35500,2.0,2400,389000,3,Other Personal,3,19100,12800,Family Owned,Stable,Approved
PL101808,29,Salaried,Contract,28100,1.1,5800,188000,3,Debt Consolidation,2,16900,5100,Rented,Stable,Rejected
PL101809,47,Government Employee,Permanent,30100,8.2,3200,353000,5,Debt Consolidation,2,11700,15300,Owned,Stable,Rejected
PL101810,31,Salaried,Permanent,24000,2.6,5900,165000,5,Consumer Purchase,2,4700,13600,Family Owned,Moderate,Rejected
PL101811,35,Private Employee,Permanent,21000,4.8,400,116000,3,Home Renovation,3,11100,9000,Rented,Stable,Rejected
PL101812,25,Government Employee,Permanent,18800,2.6,5200,201000,3,Travel,0,12600,1400,Rented,Moderate,Rejected
PL101813,25,Salaried,Contract,37200,2.4,8300,277000,2,Travel,1,19400,9600,Family Owned,Moderate,Rejected
PL101814,51,Professional,Permanent,28700,11.6,3300,170000,4,Consumer Purchase,3,4500,19600,Rented,Unstable,Approved
PL101815,48,Salaried,Permanent,21900,1.1,300,35000,1,Debt Consolidation,1,9000,12500,Rented,Moderate,Rejected
PL101816,45,Self Employed,Self Employed,21700,1.5,1800,133000,3,Home Renovation,3,8600,11400,Rented,Stable,Rejected
PL101817,38,Government Employee,Permanent,23800,4.8,2800,38000,1,Wedding,4,11100,10200,Owned,Very Stable,Approved
PL101818,22,Salaried,Permanent,14700,0.3,3600,171000,3,Home Renovation,3,5800,5800,Rented,Unstable,Rejected
PL101819,38,Salaried,Permanent,30300,0.5,3700,302000,3,Medical,3,12500,14700,Family Owned,Stable,Rejected
PL101820,39,Government Employee,Permanent,28100,6.3,6200,296000,3,Wedding,3,12100,11200,Owned,Moderate,Rejected
PL101821,34,Private Employee,Permanent,17400,1.7,1300,151000,2,Debt Consolidation,2,5900,10800,Owned,Moderate,Rejected
PL101822,41,Government Employee,Permanent,36000,10.6,4300,176000,3,Emergency,1,6800,24300,Family Owned,Stable,Approved
PL101823,52,Self Employed,Self Employed,26500,32.0,3400,176000,4,Travel,0,9500,13000,Owned,Stable,Approved
PL101824,30,Salaried,Permanent,40900,2.6,16300,193000,2,Travel,2,21100,3700,Rented,Stable,Rejected
PL101825,37,Professional,Contract,58200,4.6,15000,656000,3,Travel,3,20400,24900,Family Owned,Stable,Rejected
PL101826,26,Self Employed,Self Employed,26500,5.3,5300,78000,3,Home Renovation,1,13500,6300,Family Owned,Moderate,Rejected
PL101827,40,Private Employee,Permanent,60500,5.5,11300,611000,4,Travel,1,24600,26200,Rented,Stable,Approved
PL101828,33,Salaried,Permanent,29800,9.2,8200,183000,3,Consumer Purchase,1,15500,6600,Family Owned,Stable,Rejected
PL101829,36,Private Employee,Permanent,45900,12.2,0,508000,4,Medical,0,15800,29600,Family Owned,Stable,Approved
PL101830,28,Private Employee,Contract,43200,3.2,0,149000,2,Wedding,1,29000,14500,Family Owned,Stable,Rejected
PL101831,29,Self Employed,Self Employed,19700,1.5,3400,32000,2,Wedding,4,7100,8800,Family Owned,Very Stable,Rejected
PL101832,21,Self Employed,Self Employed,34900,0.9,3600,313000,2,Medical,3,16700,15300,Owned,Unstable,Approved
PL101833,35,Business Owner,Business,37100,3.0,2300,268000,5,Emergency,0,14700,19600,Family Owned,Moderate,Approved
PL101834,32,Self Employed,Self Employed,47000,8.7,9900,205000,3,Home Renovation,1,18600,18600,Rented,Moderate,Approved
PL101835,36,Private Employee,Permanent,33100,3.0,0,357000,5,Wedding,3,9500,23000,Owned,Stable,Approved
PL101836,34,Salaried,Permanent,33100,4.4,8000,312000,2,Debt Consolidation,0,6600,19700,Owned,Stable,Rejected
PL101837,41,Government Employee,Permanent,20400,7.8,5900,238000,2,Consumer Purchase,0,12900,1600,Owned,Moderate,Rejected
PL101838,50,Business Owner,Business,37000,1.7,900,56000,3,Travel,2,14900,20600,Rented,Stable,Approved
PL101839,27,Self Employed,Self Employed,19400,6.1,6100,35000,5,Wedding,2,2000,10500,Owned,Stable,Approved
PL101840,41,Government Employee,Permanent,31900,3.5,7600,227000,2,Wedding,2,10000,14500,Owned,Very Stable,Rejected
PL101841,26,Salaried,Permanent,36200,1.8,4000,203000,2,Home Renovation,2,9800,20500,Family Owned,Moderate,Approved
PL101842,31,Professional,Permanent,65100,11.0,7800,257000,2,Debt Consolidation,2,38800,19200,Rented,Moderate,Approved
PL101843,33,Salaried,Permanent,14000,3.8,2000,152000,2,Wedding,1,6800,4600,Family Owned,Moderate,Rejected
PL101844,41,Private Employee,Permanent,51800,14.1,8300,162000,3,Consumer Purchase,1,17600,25400,Family Owned,Stable,Approved
PL101845,23,Private Employee,Permanent,58300,2.2,10600,617000,5,Other Personal,1,33100,14900,Owned,Very Stable,Rejected
PL101846,22,Government Employee,Permanent,31900,0.7,10400,104000,5,Other Personal,1,14200,5100,Family Owned,Stable,Approved
PL101847,35,Salaried,Permanent,43300,5.2,3500,434000,3,Wedding,1,23400,18000,Owned,Stable,Rejected
PL101848,21,Self Employed,Self Employed,27300,0.4,3800,68000,4,Wedding,1,12700,10500,Rented,Stable,Approved
PL101849,43,Government Employee,Permanent,18300,13.9,2900,48000,3,Emergency,1,9900,5800,Rented,Stable,Rejected
PL101850,40,Professional,Contract,59600,12.9,0,709000,4,Debt Consolidation,2,29900,28700,Rented,Stable,Approved
PL101851,34,Government Employee,Permanent,34300,6.3,6600,357000,2,Medical,1,9500,19400,Family Owned,Stable,Approved
PL101852,41,Professional,Permanent,41300,5.3,3900,66000,2,Consumer Purchase,3,19500,18800,Family Owned,Moderate,Approved
PL101853,21,Salaried,Contract,14000,0.4,2600,111000,2,Home Renovation,4,6100,4900,Rented,Moderate,Approved
PL101854,40,Private Employee,Permanent,34700,9.0,4200,334000,3,Medical,3,20200,10800,Owned,Moderate,Rejected
PL101855,40,Salaried,Permanent,18800,12.6,4600,46000,1,Wedding,2,5100,9500,Family Owned,Stable,Rejected
PL101856,21,Professional,Permanent,71300,0.5,0,358000,4,Consumer Purchase,2,32900,36500,Rented,Moderate,Approved
PL101857,35,Salaried,Contract,39900,4.9,0,86000,3,Emergency,1,20300,20400,Owned,Stable,Approved
PL101858,31,Salaried,Permanent,44100,0.2,11100,204000,1,Home Renovation,2,20800,11800,Family Owned,Unstable,Rejected
PL101859,21,Professional,Permanent,17200,0.9,1900,96000,1,Wedding,1,8800,7500,Family Owned,Moderate,Rejected
PL101860,32,Business Owner,Business,48800,2.8,11300,565000,5,Other Personal,2,18600,17500,Rented,Unstable,Rejected
PL101861,39,Self Employed,Self Employed,34900,8.4,16700,383000,1,Home Renovation,2,4400,14400,Rented,Unstable,Rejected
PL101862,21,Salaried,Permanent,51800,0.5,5400,86000,3,Travel,3,31700,15100,Rented,Stable,Approved
PL101863,40,Private Employee,Permanent,46200,11.0,4600,289000,3,Home Renovation,3,7800,34000,Owned,Moderate,Approved
PL101864,45,Business Owner,Business,67400,0.9,11100,784000,5,Medical,3,14300,42500,Rented,Very Stable,Approved
PL101865,23,Self Employed,Self Employed,30300,1.0,0,267000,2,Debt Consolidation,4,9600,21100,Owned,Moderate,Approved
PL101866,21,Salaried,Permanent,49300,0.3,4900,197000,1,Emergency,2,23400,24700,Owned,Moderate,Approved
PL101867,44,Private Employee,Permanent,33300,1.2,7100,81000,4,Consumer Purchase,2,18800,8100,Rented,Stable,Approved
PL101868,30,Self Employed,Self Employed,19700,1.4,2000,172000,5,Home Renovation,2,10300,8100,Owned,Stable,Rejected
PL101869,45,Salaried,Permanent,39000,25.0,5200,442000,4,Emergency,2,9400,22300,Owned,Stable,Approved
PL101870,34,Self Employed,Self Employed,20300,4.8,0,174000,1,Home Renovation,0,7400,13400,Rented,Stable,Approved
PL101871,22,Professional,Contract,37700,1.8,8200,325000,3,Wedding,1,11600,16900,Rented,Unstable,Approved
PL101872,23,Private Employee,Contract,23700,0.3,6700,237000,2,Home Renovation,0,12900,4000,Owned,Very Stable,Rejected
PL101873,53,Self Employed,Self Employed,28800,13.6,0,111000,3,Debt Consolidation,2,15800,13400,Owned,Moderate,Approved
PL101874,21,Salaried,Permanent,20200,0.4,3800,53000,3,Emergency,1,3500,13700,Family Owned,Stable,Approved
PL101875,31,Private Employee,Permanent,72000,1.6,17200,414000,4,Consumer Purchase,2,31200,31600,Owned,Stable,Approved
PL101876,27,Self Employed,Self Employed,23400,4.1,3600,221000,2,Home Renovation,1,9700,9500,Owned,Unstable,Rejected
PL101877,21,Private Employee,Permanent,30600,0.4,5300,158000,1,Home Renovation,0,7500,17400,Rented,Moderate,Approved
PL101878,39,Salaried,Permanent,29200,8.7,8200,194000,4,Medical,1,15700,6800,Owned,Moderate,Approved
PL101879,26,Self Employed,Self Employed,32900,5.4,10700,180000,1,Wedding,2,14000,8200,Rented,Stable,Approved
PL101880,40,Self Employed,Self Employed,21100,3.0,3500,145000,2,Home Renovation,1,9800,7100,Owned,Stable,Approved
PL101881,33,Business Owner,Business,31600,2.9,700,339000,3,Wedding,4,16100,13500,Owned,Moderate,Rejected
PL101882,40,Professional,Contract,35500,5.0,4000,58000,3,Debt Consolidation,0,21500,10600,Family Owned,Moderate,Approved
PL101883,21,Salaried,Contract,35900,0.3,5600,394000,4,Consumer Purchase,4,15500,15300,Owned,Moderate,Rejected
PL101884,31,Private Employee,Permanent,61100,7.0,1100,197000,3,Home Renovation,0,26900,33700,Family Owned,Moderate,Rejected
PL101885,43,Government Employee,Permanent,43900,9.0,8900,125000,2,Travel,0,17200,14600,Rented,Stable,Approved
PL101886,30,Private Employee,Permanent,77400,2.2,3800,920000,2,Debt Consolidation,0,18500,52300,Rented,Moderate,Approved
PL101887,32,Private Employee,Permanent,33300,7.9,10900,248000,1,Home Renovation,1,8700,15400,Rented,Stable,Rejected
PL101888,24,Government Employee,Permanent,31900,2.9,300,164000,1,Home Renovation,2,9900,22300,Rented,Moderate,Approved
PL101889,33,Self Employed,Self Employed,21200,8.3,8200,214000,4,Emergency,0,6300,6700,Owned,Stable,Rejected
PL101890,24,Business Owner,Business,26200,2.8,700,177000,3,Debt Consolidation,1,6500,19100,Rented,Very Stable,Approved
PL101891,32,Private Employee,Permanent,36000,2.7,0,411000,5,Debt Consolidation,3,22100,14900,Family Owned,Stable,Rejected
PL101892,26,Salaried,Contract,30500,2.6,8000,361000,2,Home Renovation,4,12500,11900,Owned,Stable,Rejected
PL101893,44,Salaried,Contract,62400,1.9,3000,263000,2,Medical,0,22900,33200,Owned,Very Stable,Approved
PL101894,43,Private Employee,Permanent,32300,11.2,5700,368000,5,Consumer Purchase,0,12100,15300,Owned,Unstable,Rejected
PL101895,24,Salaried,Permanent,21200,1.4,3400,46000,3,Consumer Purchase,3,10900,6900,Family Owned,Stable,Approved
PL101896,57,Business Owner,Business,19800,13.7,300,157000,2,Medical,0,8300,11300,Owned,Moderate,Approved
PL101897,37,Salaried,Permanent,78500,8.7,0,494000,1,Emergency,0,49800,28500,Owned,Moderate,Rejected
PL101898,38,Private Employee,Permanent,40100,9.6,4000,331000,1,Wedding,2,9600,26700,Owned,Very Stable,Approved
PL101899,48,Professional,Contract,22400,8.2,4500,94000,3,Medical,2,14200,4100,Rented,Stable,Rejected
PL101900,39,Government Employee,Permanent,74200,7.3,7600,793000,4,Debt Consolidation,4,19300,47100,Rented,Unstable,Approved
PL101901,27,Self Employed,Self Employed,28600,1.9,3700,208000,5,Consumer Purchase,2,10300,14600,Owned,Unstable,Rejected
PL101902,21,Business Owner,Business,15700,0.6,3100,184000,1,Medical,2,6900,6100,Family Owned,Moderate,Approved
PL101903,21,Government Employee,Permanent,21300,0.2,0,178000,3,Medical,0,8600,12900,Owned,Unstable,Rejected
PL101904,54,Government Employee,Permanent,30100,20.0,2700,159000,2,Consumer Purchase,1,17700,9600,Owned,Stable,Rejected
PL101905,37,Self Employed,Self Employed,28800,3.2,7900,131000,2,Home Renovation,2,13800,7200,Rented,Very Stable,Approved
PL101906,38,Salaried,Contract,37300,12.7,3100,251000,2,Wedding,2,9500,26100,Rented,Stable,Approved
PL101907,40,Salaried,Contract,82300,2.3,12800,480000,4,Consumer Purchase,0,14200,53300,Rented,Stable,Approved
PL101908,30,Private Employee,Permanent,28100,0.8,2300,203000,3,Medical,0,17200,9200,Family Owned,Moderate,Approved
PL101909,39,Salaried,Permanent,33000,12.6,3600,111000,1,Medical,1,19000,10800,Rented,Moderate,Approved
PL101910,22,Government Employee,Permanent,24200,0.5,3400,50000,2,Home Renovation,2,5500,15800,Family Owned,Moderate,Rejected
PL101911,36,Professional,Permanent,34200,2.9,300,386000,4,Emergency,0,11000,23800,Owned,Stable,Rejected
PL101912,42,Salaried,Contract,103900,5.7,30300,610000,3,Emergency,1,51400,19500,Family Owned,Stable,Approved
PL101913,26,Private Employee,Permanent,17500,4.0,3800,88000,3,Consumer Purchase,4,5200,8700,Rented,Stable,Rejected
PL101914,60,Salaried,Permanent,14000,13.7,3800,50000,4,Debt Consolidation,0,4800,6100,Rented,Stable,Rejected
PL101915,22,Salaried,Contract,19700,1.3,2500,207000,2,Other Personal,2,8500,8900,Family Owned,Moderate,Rejected
PL101916,40,Private Employee,Permanent,18600,7.6,0,158000,1,Debt Consolidation,0,5000,13800,Owned,Stable,Approved
PL101917,35,Private Employee,Permanent,36000,0.3,3400,187000,2,Home Renovation,0,19400,13300,Family Owned,Stable,Rejected
PL101918,48,Private Employee,Permanent,54900,2.6,10400,379000,1,Wedding,2,39400,3600,Family Owned,Moderate,Approved
PL101919,32,Salaried,Permanent,35900,1.5,7800,229000,5,Wedding,3,14100,12800,Owned,Very Stable,Approved
PL101920,26,Government Employee,Permanent,43600,3.8,5800,77000,3,Travel,0,7800,29400,Family Owned,Moderate,Approved
PL101921,43,Business Owner,Business,34400,5.5,600,201000,3,Wedding,1,17600,17100,Owned,Moderate,Approved
PL101922,27,Salaried,Permanent,27900,3.1,6700,230000,5,Consumer Purchase,2,9800,13300,Owned,Very Stable,Approved
PL101923,43,Private Employee,Permanent,36600,14.6,4500,207000,2,Wedding,0,7600,23600,Rented,Unstable,Approved
PL101924,23,Salaried,Permanent,17700,0.9,1800,201000,2,Consumer Purchase,0,3400,11200,Family Owned,Stable,Rejected
PL101925,28,Self Employed,Self Employed,93900,2.1,14600,534000,1,Consumer Purchase,3,52400,25400,Rented,Stable,Approved
PL101926,26,Self Employed,Self Employed,30100,1.9,5100,353000,5,Medical,3,10800,16600,Family Owned,Unstable,Rejected
PL101927,22,Business Owner,Business,26500,0.8,3400,141000,4,Wedding,1,11000,13700,Owned,Unstable,Rejected
PL101928,23,Salaried,Contract,22500,2.1,5000,59000,1,Home Renovation,2,8800,8200,Family Owned,Moderate,Rejected
PL101929,49,Private Employee,Permanent,32500,8.1,7200,51000,1,Home Renovation,2,15600,9200,Owned,Stable,Rejected
PL101930,55,Salaried,Permanent,39500,4.8,8000,305000,3,Emergency,3,14200,17500,Family Owned,Very Stable,Approved
PL101931,21,Private Employee,Permanent,34800,0.9,2800,312000,3,Travel,1,10900,21800,Rented,Stable,Approved
PL101932,47,Private Employee,Permanent,33400,10.2,2600,228000,1,Home Renovation,2,13400,17800,Owned,Stable,Approved
PL101933,39,Salaried,Permanent,25000,2.0,3000,58000,3,Home Renovation,1,7800,15200,Rented,Very Stable,Approved
PL101934,35,Private Employee,Permanent,34300,7.8,7200,83000,3,Other Personal,3,23000,4800,Owned,Moderate,Rejected
PL101935,22,Professional,Contract,77900,0.2,2200,558000,4,Home Renovation,4,41900,38000,Family Owned,Moderate,Approved
PL101936,45,Salaried,Permanent,27300,11.2,4700,326000,5,Debt Consolidation,1,16200,6600,Family Owned,Moderate,Rejected
PL101937,21,Salaried,Permanent,55000,0.5,8700,159000,1,Travel,0,20900,27300,Owned,Very Stable,Approved
PL101938,33,Salaried,Permanent,27800,0.5,5300,83000,4,Emergency,1,12400,9800,Rented,Stable,Approved
PL101939,28,Self Employed,Self Employed,32100,3.1,5500,113000,2,Emergency,0,16800,9700,Owned,Stable,Approved
PL101940,33,Professional,Permanent,52300,5.7,9400,526000,4,Wedding,2,29500,13800,Rented,Very Stable,Rejected
PL101941,47,Self Employed,Self Employed,14000,6.8,1300,134000,2,Emergency,2,3700,9100,Owned,Stable,Approved
PL101942,21,Private Employee,Permanent,45000,0.5,0,176000,5,Debt Consolidation,1,24200,19000,Family Owned,Unstable,Approved
PL101943,23,Salaried,Contract,22300,0.8,2100,88000,3,Travel,2,9400,9800,Owned,Stable,Approved
PL101944,31,Government Employee,Permanent,32200,2.1,6500,255000,1,Travel,2,28300,-1900,Family Owned,Moderate,Rejected
PL101945,44,Salaried,Permanent,36800,9.0,10000,374000,4,Medical,1,12700,17200,Family Owned,Stable,Approved
PL101946,40,Government Employee,Permanent,58400,14.8,8300,131000,2,Consumer Purchase,2,32500,19600,Rented,Stable,Approved
PL101947,51,Government Employee,Permanent,35300,22.7,10900,218000,3,Medical,2,8900,16500,Owned,Unstable,Approved
PL101948,36,Business Owner,Business,38100,5.0,6200,455000,5,Consumer Purchase,4,16700,15700,Rented,Moderate,Rejected
PL101949,38,Self Employed,Self Employed,20300,18.0,2100,203000,2,Medical,0,6300,11900,Family Owned,Moderate,Rejected
PL101950,29,Self Employed,Self Employed,20100,3.4,3100,42000,2,Consumer Purchase,3,15000,1800,Family Owned,Unstable,Rejected
PL101951,21,Professional,Permanent,36300,1.0,4600,320000,5,Wedding,1,19300,12500,Rented,Stable,Approved
PL101952,50,Private Employee,Permanent,42600,28.8,14400,503000,2,Debt Consolidation,2,12400,15800,Rented,Stable,Approved
PL101953,38,Self Employed,Self Employed,54700,4.1,6800,353000,2,Home Renovation,1,27500,19100,Family Owned,Stable,Approved
PL101954,34,Salaried,Permanent,39500,6.7,4900,465000,4,Debt Consolidation,0,18600,17800,Owned,Unstable,Rejected
PL101955,27,Salaried,Permanent,24500,6.4,1400,244000,3,Medical,1,12300,11000,Rented,Stable,Approved
PL101956,49,Salaried,Permanent,34300,2.9,8400,63000,2,Wedding,4,11500,13700,Rented,Moderate,Approved
PL101957,21,Private Employee,Permanent,26000,0.4,200,196000,2,Medical,1,6200,19600,Owned,Very Stable,Approved
PL101958,24,Government Employee,Permanent,21600,2.5,0,164000,5,Debt Consolidation,2,6800,14300,Family Owned,Stable,Approved
PL101959,31,Professional,Permanent,23700,5.7,0,227000,4,Wedding,0,4300,20100,Family Owned,Unstable,Approved
PL101960,40,Salaried,Permanent,17400,20.0,100,205000,5,Medical,1,8000,9700,Family Owned,Moderate,Rejected
PL101961,33,Private Employee,Contract,20800,1.8,3600,194000,1,Home Renovation,2,7300,9600,Family Owned,Stable,Approved
PL101962,41,Government Employee,Permanent,16400,21.0,2400,32000,1,Home Renovation,2,5100,8600,Owned,Stable,Approved
PL101963,42,Government Employee,Permanent,46400,7.1,0,185000,1,Consumer Purchase,4,19800,25000,Family Owned,Stable,Approved
PL101964,33,Self Employed,Self Employed,17900,6.4,2400,42000,5,Medical,2,11800,3900,Rented,Stable,Approved
PL101965,47,Private Employee,Permanent,23700,4.8,3900,231000,3,Debt Consolidation,2,11700,8400,Family Owned,Moderate,Rejected
PL101966,23,Salaried,Permanent,25000,2.1,3400,193000,2,Medical,2,8200,13700,Rented,Stable,Approved
PL101967,31,Salaried,Permanent,41400,0.7,0,192000,3,Home Renovation,4,18400,21500,Rented,Stable,Approved
PL101968,35,Government Employee,Permanent,36700,4.5,8300,156000,2,Consumer Purchase,1,15000,12800,Rented,Moderate,Rejected
PL101969,43,Government Employee,Permanent,36000,5.5,7200,218000,3,Consumer Purchase,2,13700,15800,Owned,Stable,Approved
PL101970,48,Professional,Permanent,15300,12.5,2100,180000,2,Debt Consolidation,2,7800,5700,Rented,Moderate,Rejected
PL101971,28,Government Employee,Permanent,35400,3.1,9500,399000,3,Wedding,2,15700,9900,Owned,Stable,Rejected
PL101972,37,Salaried,Permanent,26600,7.3,6600,104000,1,Other Personal,1,11000,8200,Owned,Very Stable,Rejected
PL101973,26,Salaried,Permanent,20900,3.7,0,245000,2,Emergency,3,13000,8000,Family Owned,Moderate,Rejected
PL101974,32,Private Employee,Permanent,28400,2.3,6600,271000,1,Medical,1,16600,6100,Rented,Unstable,Rejected
PL101975,39,Salaried,Contract,23900,9.3,1500,52000,4,Medical,2,7600,14900,Family Owned,Very Stable,Rejected
PL101976,40,Private Employee,Contract,14000,15.9,200,86000,4,Medical,3,4100,9500,Rented,Stable,Approved
PL101977,37,Salaried,Permanent,40400,11.4,7000,295000,2,Emergency,0,19300,13600,Owned,Stable,Rejected
PL101978,29,Self Employed,Self Employed,16200,2.9,900,29000,1,Emergency,2,7300,7600,Rented,Stable,Rejected
PL101979,34,Private Employee,Permanent,66200,4.5,15800,564000,1,Emergency,0,27500,19500,Family Owned,Very Stable,Approved
PL101980,31,Salaried,Permanent,14000,8.6,2400,55000,3,Wedding,0,3700,8000,Family Owned,Unstable,Approved
PL101981,36,Self Employed,Self Employed,46500,6.5,13000,288000,1,Home Renovation,0,16500,15800,Rented,Stable,Approved
PL101982,31,Business Owner,Business,30700,8.8,3600,199000,2,Home Renovation,2,15900,12500,Family Owned,Unstable,Rejected
PL101983,29,Self Employed,Self Employed,71300,3.8,17300,490000,4,Travel,1,31800,23000,Family Owned,Stable,Approved
PL101984,30,Professional,Contract,16100,2.1,1600,37000,1,Consumer Purchase,4,1600,13300,Rented,Moderate,Approved
PL101985,37,Self Employed,Self Employed,55100,1.9,14100,258000,2,Medical,0,11700,29300,Family Owned,Very Stable,Approved
PL101986,29,Government Employee,Permanent,50800,6.5,9300,450000,5,Consumer Purchase,0,22400,19400,Owned,Moderate,Rejected
PL101987,24,Salaried,Permanent,31100,0.3,3600,231000,1,Home Renovation,3,10600,17500,Owned,Moderate,Rejected
PL101988,42,Self Employed,Self Employed,54800,4.7,17500,88000,1,Home Renovation,2,36000,100,Rented,Stable,Rejected
PL101989,27,Self Employed,Self Employed,21100,6.9,1000,245000,5,Home Renovation,2,7300,12800,Rented,Very Stable,Approved
PL101990,30,Private Employee,Contract,40000,1.4,5000,235000,5,Medical,3,20000,16600,Rented,Moderate,Rejected
PL101991,28,Government Employee,Permanent,24200,1.5,4900,144000,3,Wedding,2,9200,10800,Rented,Very Stable,Approved
PL101992,34,Self Employed,Self Employed,31500,8.1,6400,369000,3,Travel,2,16000,7700,Owned,Stable,Rejected
PL101993,38,Salaried,Permanent,45900,7.8,1300,70000,3,Debt Consolidation,1,26400,16000,Rented,Stable,Approved
PL101994,31,Salaried,Permanent,28700,3.4,100,108000,3,Home Renovation,2,13500,14200,Owned,Very Stable,Approved
PL101995,39,Salaried,Permanent,25000,10.6,2200,181000,3,Wedding,2,11800,9900,Family Owned,Unstable,Rejected
PL101996,31,Self Employed,Self Employed,27900,4.2,4200,116000,5,Debt Consolidation,4,9000,15000,Family Owned,Very Stable,Rejected
PL101997,37,Government Employee,Permanent,28900,0.6,2400,187000,3,Wedding,0,11200,15500,Rented,Moderate,Approved
PL101998,47,Salaried,Permanent,31800,6.0,4800,262000,3,Medical,1,15500,11500,Family Owned,Stable,Approved
PL101999,31,Private Employee,Permanent,41700,1.9,11600,391000,3,Consumer Purchase,1,20400,10200,Rented,Very Stable,Rejected
