Application_ID,Age,Occupation,Employment_Type,Monthly_Income,Employment_Business_Duration,Existing_Monthly_EMI,Vehicle_Type,Vehicle_Condition,Vehicle_Price,Down_Payment,Loan_Amount,Loan_Tenure,Vehicle_Usage,Number_of_Dependents,Loan_Approval
VL100000,29,Salaried,Permanent,54800,3.7,0,SUV,Used,674000,900,673100,2,Personal,1,Approved
VL100001,29,Salaried,Permanent,111100,1.0,7600,SUV,New,1361000,191700,1169300,5,Personal,1,Approved
VL100002,39,Private Employee,Permanent,63000,9.0,12900,Scooter,New,80000,19200,60800,5,Personal,0,Approved
VL100003,21,Salaried,Contract,42300,0.4,4100,Commercial Vehicle,Used,918000,152400,765600,3,Commercial,3,Approved
VL100004,36,Private Employee,Permanent,28100,2.1,800,Car,New,709000,144200,564800,5,Personal,0,Approved
VL100005,28,Self Employed,Self Employed,41100,1.6,3600,SUV,Used,659000,134700,524300,5,Personal,0,Approved
VL100006,35,Government Employee,Permanent,53400,8.3,10800,Car,New,934000,64600,869400,5,Personal,0,Approved
VL100007,21,Government Employee,Permanent,20800,0.6,3000,Car,New,907000,146900,760100,5,Personal,1,Rejected
VL100008,51,Government Employee,Permanent,15000,13.9,600,Motorcycle,Used,60000,7200,52800,3,Personal,1,Approved
VL100009,36,Private Employee,Permanent,17700,12.6,2500,Electric Vehicle,Used,908000,204500,703500,5,Personal,4,Rejected
VL100010,43,Professional,Permanent,25900,6.0,1900,SUV,Used,803000,132900,670100,5,Business,4,Rejected
VL100011,24,Salaried,Permanent,30800,1.3,100,Car,New,716000,66500,649500,2,Personal,2,Approved
VL100012,28,Private Employee,Permanent,29300,7.3,5200,Scooter,Used,40000,7600,32400,2,Personal,2,Approved
VL100013,35,Private Employee,Contract,35000,10.3,4900,Car,New,904000,295000,609000,3,Personal,3,Rejected
VL100014,34,Private Employee,Permanent,23000,5.1,600,SUV,New,1394000,72400,1321600,2,Personal,0,Approved
VL100015,37,Business Owner,Business,39100,9.4,6800,Motorcycle,Used,78000,22300,55700,5,Commercial,4,Approved
VL100016,33,Government Employee,Permanent,30800,6.8,0,Car,New,801000,111700,689300,5,Business,2,Approved
VL100017,33,Salaried,Contract,28000,1.4,2700,Scooter,New,78000,15400,62600,3,Commercial,2,Approved
VL100018,35,Private Employee,Permanent,35900,2.4,9900,SUV,New,1485000,85700,1399300,3,Personal,2,Rejected
VL100019,33,Professional,Permanent,27300,13.0,7100,Car,Used,416000,92000,324000,5,Personal,0,Approved
VL100020,31,Private Employee,Permanent,68600,2.7,5200,Car,New,842000,191400,650600,2,Personal,0,Approved
VL100021,29,Private Employee,Permanent,28900,1.9,9000,Commercial Vehicle,Used,1139000,403100,735900,3,Business,2,Rejected
VL100022,42,Government Employee,Permanent,34200,3.1,5000,Car,New,723000,172300,550700,3,Personal,0,Approved
VL100023,26,Professional,Contract,72500,2.0,6100,Electric Vehicle,Used,536000,21000,515000,2,Business,2,Rejected
VL100024,23,Private Employee,Permanent,26200,2.5,3100,Car,New,896000,188100,707900,3,Personal,3,Rejected
VL100025,34,Professional,Permanent,55600,4.8,3600,SUV,New,1250000,277500,972500,7,Personal,1,Rejected
VL100026,39,Private Employee,Permanent,28900,8.9,4800,Electric Vehicle,New,1211000,94000,1117000,3,Personal,2,Rejected
VL100027,62,Professional,Permanent,93600,6.3,7100,Motorcycle,New,127000,1300,125700,3,Business,1,Approved
VL100028,28,Private Employee,Permanent,29100,8.0,3600,Car,Used,303000,11600,291400,2,Personal,3,Approved
VL100029,35,Salaried,Permanent,21600,3.3,1700,Car,New,952000,209800,742200,5,Commercial,2,Rejected
VL100030,30,Government Employee,Permanent,60100,2.0,0,SUV,New,1652000,291200,1360800,3,Personal,2,Rejected
VL100031,34,Government Employee,Permanent,99100,4.6,5100,Electric Vehicle,New,1559000,441800,1117200,3,Personal,2,Approved
VL100032,39,Business Owner,Business,46800,0.3,4300,Car,New,856000,270100,585900,3,Commercial,2,Rejected
VL100033,27,Business Owner,Business,31400,1.5,3000,Electric Vehicle,New,1163000,306900,856100,7,Personal,1,Approved
VL100034,37,Business Owner,Business,19600,6.3,3300,SUV,New,1520000,409700,1110300,3,Personal,2,Rejected
VL100035,27,Salaried,Permanent,41000,5.2,6100,Motorcycle,Used,41000,12300,28700,5,Personal,3,Rejected
VL100036,30,Self Employed,Self Employed,79200,3.4,5800,SUV,Used,634000,148100,485900,1,Personal,3,Approved
VL100037,41,Private Employee,Permanent,49500,3.0,3300,SUV,Used,564000,134500,429500,2,Business,2,Approved
VL100038,31,Salaried,Permanent,31400,4.9,3700,Motorcycle,New,104000,2300,101700,5,Commercial,0,Approved
VL100039,33,Private Employee,Permanent,30100,2.2,2400,Motorcycle,New,132000,19400,112600,7,Business,0,Rejected
VL100040,44,Salaried,Contract,41800,1.2,2700,Scooter,New,80000,8200,71800,5,Personal,1,Approved
VL100041,53,Self Employed,Self Employed,23300,5.6,900,Car,New,777000,240000,537000,5,Personal,4,Approved
VL100042,43,Self Employed,Self Employed,41300,20.4,3000,Commercial Vehicle,Used,1536000,170300,1365700,7,Personal,0,Approved
VL100043,34,Self Employed,Self Employed,59200,6.5,8500,Scooter,Used,59000,6400,52600,7,Personal,3,Approved
VL100044,27,Government Employee,Permanent,44900,2.1,1000,Car,Used,481000,80600,400400,2,Personal,4,Approved
VL100045,27,Government Employee,Permanent,38800,3.8,5500,SUV,Used,609000,201300,407700,5,Business,0,Approved
VL100046,25,Self Employed,Self Employed,22400,0.7,7100,Car,Used,429000,150700,278300,5,Personal,1,Rejected
VL100047,28,Salaried,Permanent,44600,2.7,2700,Car,New,848000,158200,689800,3,Business,4,Rejected
VL100048,34,Salaried,Permanent,23900,5.1,2000,Scooter,New,70000,16400,53600,3,Personal,0,Approved
VL100049,32,Self Employed,Self Employed,51800,6.4,3400,Electric Vehicle,Used,631000,122100,508900,2,Commercial,3,Approved
VL100050,32,Salaried,Permanent,51800,3.2,6600,Car,New,930000,232100,697900,5,Business,2,Approved
VL100051,38,Private Employee,Permanent,19400,7.5,1500,Car,New,822000,20100,801900,5,Commercial,3,Rejected
VL100052,38,Salaried,Permanent,24500,14.1,2000,Motorcycle,New,114000,34600,79400,3,Personal,1,Rejected
VL100053,36,Government Employee,Permanent,33500,12.0,0,Commercial Vehicle,New,1660000,327900,1332100,5,Business,0,Approved
VL100054,39,Private Employee,Permanent,27300,14.7,2200,Electric Vehicle,New,1122000,168900,953100,1,Commercial,2,Approved
VL100055,60,Business Owner,Business,28300,40.0,200,SUV,New,1679000,244900,1434100,5,Personal,2,Approved
VL100056,39,Government Employee,Permanent,51300,19.0,2100,Car,Used,591000,137900,453100,2,Business,0,Approved
VL100057,44,Private Employee,Contract,49000,4.0,9600,Motorcycle,Used,65000,21300,43700,3,Commercial,1,Approved
VL100058,41,Salaried,Permanent,50100,12.2,1500,Scooter,Used,40000,12800,27200,3,Commercial,1,Approved
VL100059,31,Private Employee,Permanent,49200,4.5,3500,Car,Used,520000,70700,449300,3,Personal,2,Rejected
VL100060,42,Private Employee,Permanent,81000,7.1,11900,Commercial Vehicle,New,1984000,520200,1463800,5,Personal,1,Approved
VL100061,28,Private Employee,Permanent,32700,4.3,2600,Car,New,721000,91700,629300,1,Personal,2,Rejected
VL100062,23,Business Owner,Business,49300,0.8,7200,SUV,New,1334000,183300,1150700,3,Business,2,Approved
VL100063,44,Business Owner,Business,15000,13.9,3500,Electric Vehicle,Used,615000,115900,499100,7,Personal,0,Rejected
VL100064,53,Private Employee,Permanent,19500,3.1,2700,Commercial Vehicle,Used,1263000,301400,961600,3,Personal,1,Rejected
VL100065,30,Professional,Contract,48800,1.2,0,Car,Used,555000,136000,419000,3,Personal,1,Approved
VL100066,40,Self Employed,Self Employed,37100,10.1,6600,Scooter,New,69000,15100,53900,2,Personal,2,Rejected
VL100067,22,Professional,Permanent,36100,1.2,2600,Car,New,695000,48600,646400,1,Personal,3,Approved
VL100068,51,Self Employed,Self Employed,33900,11.1,0,Electric Vehicle,Used,629000,158600,470400,1,Business,3,Approved
VL100069,32,Professional,Permanent,15000,7.5,100,SUV,New,1423000,555300,867700,5,Business,3,Rejected
VL100070,36,Government Employee,Permanent,23500,8.6,1900,Commercial Vehicle,Used,867000,220300,646700,3,Personal,2,Rejected
VL100071,32,Salaried,Permanent,35600,9.0,5500,Car,New,773000,236000,537000,2,Commercial,2,Approved
VL100072,33,Business Owner,Business,65500,7.5,4600,Scooter,New,88000,22800,65200,5,Personal,3,Approved
VL100073,21,Government Employee,Permanent,40200,0.2,4900,Car,Used,324000,89800,234200,5,Commercial,0,Approved
VL100074,26,Government Employee,Permanent,33700,1.2,2200,Scooter,Used,49000,3600,45400,2,Business,0,Approved
VL100075,34,Private Employee,Permanent,35000,8.7,8700,Commercial Vehicle,Used,875000,111000,764000,5,Business,0,Approved
VL100076,37,Salaried,Permanent,26200,17.0,1100,Motorcycle,New,129000,39700,89300,2,Personal,4,Approved
VL100077,43,Self Employed,Self Employed,70700,1.1,14900,Commercial Vehicle,Used,1279000,355600,923400,2,Business,3,Rejected
VL100078,35,Salaried,Permanent,32300,4.8,3200,Electric Vehicle,New,1122000,194400,927600,5,Personal,2,Rejected
VL100079,55,Salaried,Permanent,76100,16.8,10100,SUV,Used,988000,216000,772000,5,Personal,0,Approved
VL100080,39,Salaried,Contract,31500,7.2,0,Commercial Vehicle,Used,1080000,309600,770400,5,Commercial,0,Approved
VL100081,40,Professional,Permanent,35000,5.4,8000,SUV,Used,1085000,248600,836400,3,Business,2,Approved
VL100082,28,Salaried,Permanent,34500,1.9,800,Scooter,New,86000,24900,61100,1,Personal,2,Approved
VL100083,44,Salaried,Permanent,40900,10.2,6300,Commercial Vehicle,New,1733000,295600,1437400,3,Personal,2,Approved
VL100084,39,Salaried,Contract,19300,10.1,900,Scooter,Used,41000,12300,28700,3,Personal,2,Approved
VL100085,48,Professional,Permanent,36700,28.0,0,Car,New,784000,180100,603900,5,Personal,0,Approved
VL100086,22,Government Employee,Permanent,27400,1.9,4700,Car,New,852000,98200,753800,2,Personal,1,Rejected
VL100087,21,Professional,Permanent,35100,0.4,2000,Car,New,809000,304100,504900,2,Business,0,Rejected
VL100088,35,Salaried,Permanent,30600,0.8,2800,Car,New,864000,333700,530300,7,Commercial,1,Rejected
VL100089,40,Salaried,Permanent,16900,9.7,1300,Scooter,Used,49000,7500,41500,5,Business,4,Rejected
VL100090,43,Salaried,Permanent,30700,3.6,0,Commercial Vehicle,New,1587000,264300,1322700,2,Personal,1,Rejected
VL100091,35,Salaried,Contract,54600,11.2,200,Car,Used,502000,133100,368900,2,Personal,3,Approved
VL100092,54,Business Owner,Business,33500,8.2,0,Electric Vehicle,New,1110000,209100,900900,5,Business,1,Rejected
VL100093,33,Private Employee,Contract,28300,0.7,700,Car,Used,399000,79100,319900,5,Business,1,Approved
VL100094,34,Private Employee,Permanent,15000,14.0,3400,Motorcycle,Used,46000,14900,31100,5,Business,3,Approved
VL100095,37,Salaried,Permanent,30200,5.7,5900,Motorcycle,Used,50000,4600,45400,2,Personal,1,Rejected
VL100096,25,Salaried,Permanent,41700,5.0,10500,Commercial Vehicle,New,1755000,259500,1495500,7,Personal,1,Rejected
VL100097,34,Private Employee,Permanent,63800,2.8,11400,Car,New,884000,177300,706700,1,Personal,2,Rejected
VL100098,29,Salaried,Permanent,15000,4.0,1900,Motorcycle,Used,66000,14000,52000,3,Personal,0,Approved
VL100099,40,Professional,Permanent,65100,10.0,14300,Car,New,902000,297400,604600,3,Business,3,Rejected
VL100100,32,Private Employee,Permanent,47600,2.3,2900,Motorcycle,New,110000,31800,78200,5,Personal,2,Approved
VL100101,33,Salaried,Contract,33900,3.7,7500,Motorcycle,Used,96000,13500,82500,3,Personal,1,Rejected
VL100102,31,Salaried,Permanent,25700,2.6,2700,Car,New,869000,205600,663400,5,Personal,1,Rejected
VL100103,38,Salaried,Permanent,54800,18.0,5600,SUV,New,1356000,199000,1157000,5,Personal,2,Approved
VL100104,46,Salaried,Contract,38500,21.1,4000,Motorcycle,New,123000,40300,82700,5,Personal,2,Approved
VL100105,27,Salaried,Permanent,18400,2.2,3900,Scooter,Used,54000,9000,45000,3,Personal,0,Rejected
VL100106,34,Private Employee,Contract,53700,2.6,14200,Motorcycle,Used,47000,5300,41700,3,Personal,1,Rejected
VL100107,41,Private Employee,Permanent,42500,3.9,0,Motorcycle,New,116000,34700,81300,2,Business,4,Approved
VL100108,38,Salaried,Permanent,68900,9.2,12400,Scooter,New,66000,2400,63600,3,Personal,1,Approved
VL100109,47,Private Employee,Permanent,43300,15.2,3400,Electric Vehicle,Used,801000,121000,680000,3,Personal,0,Approved
VL100110,21,Professional,Contract,78200,0.2,7600,SUV,Used,752000,0,752000,3,Commercial,1,Rejected
VL100111,28,Private Employee,Permanent,72000,3.0,7600,Motorcycle,Used,85000,21100,63900,5,Personal,2,Approved
VL100112,33,Private Employee,Permanent,30000,3.9,5400,Electric Vehicle,Used,960000,111300,848700,5,Personal,0,Rejected
VL100113,39,Salaried,Permanent,68700,6.4,0,SUV,New,1481000,469800,1011200,7,Personal,1,Approved
VL100114,32,Private Employee,Permanent,24100,3.6,0,Scooter,Used,56000,16900,39100,3,Business,0,Approved
VL100115,31,Business Owner,Business,17800,1.1,1900,Commercial Vehicle,New,1754000,264400,1489600,2,Business,0,Rejected
VL100116,33,Self Employed,Self Employed,29500,1.5,0,Car,Used,566000,225200,340800,1,Personal,4,Approved
VL100117,31,Private Employee,Permanent,71800,0.3,8300,Car,New,822000,96700,725300,3,Personal,2,Approved
VL100118,46,Private Employee,Permanent,43700,7.7,7900,Motorcycle,New,98000,10000,88000,3,Business,4,Approved
VL100119,37,Business Owner,Business,39600,5.2,5300,Scooter,New,75000,11500,63500,5,Personal,3,Approved
VL100120,33,Salaried,Permanent,54200,2.4,7100,Motorcycle,New,103000,22000,81000,3,Personal,4,Rejected
VL100121,37,Salaried,Permanent,23100,6.4,800,Car,New,690000,182900,507100,1,Personal,1,Approved
VL100122,23,Salaried,Permanent,30900,0.6,7200,Motorcycle,New,119000,40700,78300,5,Business,2,Approved
VL100123,29,Self Employed,Self Employed,39900,2.2,8100,SUV,New,1268000,270100,997900,3,Personal,2,Rejected
VL100124,29,Private Employee,Permanent,40300,1.2,8300,SUV,New,1384000,235600,1148400,3,Business,2,Rejected
VL100125,44,Self Employed,Self Employed,36500,3.9,5400,Car,New,683000,133200,549800,5,Business,0,Approved
VL100126,47,Private Employee,Permanent,17100,14.5,400,Electric Vehicle,New,1447000,384700,1062300,7,Personal,2,Rejected
VL100127,28,Self Employed,Self Employed,26000,5.0,0,Scooter,New,67000,7500,59500,3,Commercial,2,Rejected
VL100128,45,Self Employed,Self Employed,32400,9.3,6400,Car,New,855000,119800,735200,2,Business,3,Rejected
VL100129,36,Business Owner,Business,21500,7.4,1300,SUV,New,1441000,532000,909000,5,Commercial,3,Rejected
VL100130,32,Salaried,Permanent,21800,5.7,0,Car,Used,538000,68300,469700,5,Business,1,Approved
VL100131,29,Salaried,Permanent,43400,2.0,0,Motorcycle,New,105000,9500,95500,5,Commercial,1,Approved
VL100132,32,Private Employee,Permanent,17900,5.9,3300,Car,Used,394000,138300,255700,7,Personal,2,Approved
VL100133,33,Salaried,Permanent,19800,8.4,3800,Car,New,697000,165300,531700,2,Commercial,4,Rejected
VL100134,21,Salaried,Permanent,26700,0.2,7400,Commercial Vehicle,New,1772000,553400,1218600,1,Personal,0,Rejected
VL100135,32,Private Employee,Contract,71000,6.2,8300,SUV,Used,673000,40800,632200,1,Business,1,Approved
VL100136,34,Professional,Permanent,62400,2.2,6800,Commercial Vehicle,Used,869000,289600,579400,2,Commercial,2,Approved
VL100137,23,Government Employee,Permanent,16900,0.8,0,SUV,New,1400000,0,1400000,3,Personal,0,Rejected
VL100138,30,Professional,Permanent,29100,2.0,5400,Commercial Vehicle,New,2033000,399800,1633200,2,Business,2,Rejected
VL100139,30,Business Owner,Business,53500,3.3,4500,Car,Used,464000,164700,299300,3,Personal,2,Rejected
VL100140,22,Private Employee,Contract,72500,1.0,7000,SUV,New,1649000,529400,1119600,2,Commercial,2,Approved
VL100141,45,Private Employee,Permanent,24500,8.0,900,Electric Vehicle,Used,1045000,291000,754000,5,Commercial,0,Approved
VL100142,34,Self Employed,Self Employed,43200,7.8,4000,SUV,Used,612000,212600,399400,1,Personal,3,Approved
VL100143,21,Salaried,Permanent,24200,0.2,3100,Car,New,734000,139500,594500,2,Commercial,0,Approved
VL100144,40,Salaried,Permanent,56200,10.8,4000,Motorcycle,New,123000,11500,111500,5,Personal,4,Approved
VL100145,28,Salaried,Permanent,30100,2.1,0,SUV,New,1373000,217900,1155100,3,Commercial,2,Rejected
VL100146,22,Salaried,Permanent,33100,0.7,5500,Car,Used,453000,37700,415300,3,Business,2,Rejected
VL100147,33,Salaried,Permanent,18900,1.1,2600,Car,New,901000,161700,739300,5,Personal,1,Rejected
VL100148,50,Self Employed,Self Employed,53000,8.7,4100,Commercial Vehicle,Used,1251000,87200,1163800,7,Personal,2,Approved
VL100149,34,Salaried,Permanent,43300,1.6,9200,Commercial Vehicle,New,1662000,466500,1195500,3,Personal,3,Rejected
VL100150,28,Private Employee,Contract,40500,2.9,3300,Car,New,940000,31600,908400,3,Personal,1,Approved
VL100151,40,Private Employee,Permanent,29700,5.9,3400,Electric Vehicle,Used,800000,131000,669000,5,Personal,1,Approved
VL100152,27,Private Employee,Permanent,28800,6.5,0,Car,New,803000,111500,691500,1,Business,3,Rejected
VL100153,48,Self Employed,Self Employed,46700,19.4,1600,Car,Used,571000,95800,475200,7,Personal,1,Approved
VL100154,33,Salaried,Contract,27500,13.0,3700,Scooter,New,77000,13700,63300,2,Personal,1,Rejected
VL100155,40,Professional,Contract,52800,20.0,4100,Motorcycle,New,111000,37800,73200,7,Business,0,Approved
VL100156,21,Salaried,Permanent,62500,0.5,9200,SUV,New,1274000,205000,1069000,7,Personal,0,Rejected
VL100157,34,Business Owner,Business,29900,1.5,0,Car,New,748000,72700,675300,2,Personal,0,Rejected
VL100158,24,Private Employee,Permanent,36700,1.8,5500,Scooter,Used,51000,12200,38800,5,Personal,3,Approved
VL100159,31,Salaried,Permanent,15700,3.5,1400,Car,New,687000,130900,556100,2,Business,4,Rejected
VL100160,36,Self Employed,Self Employed,33100,16.0,7000,Electric Vehicle,New,1242000,232100,1009900,2,Personal,0,Rejected
VL100161,30,Government Employee,Permanent,33600,3.1,3000,Car,Used,291000,49200,241800,2,Commercial,1,Rejected
VL100162,30,Salaried,Permanent,41500,5.0,6200,Car,New,766000,127800,638200,5,Commercial,0,Approved
VL100163,47,Business Owner,Business,49900,9.3,7300,Motorcycle,Used,74000,15600,58400,3,Personal,2,Approved
VL100164,21,Salaried,Permanent,42500,0.1,7500,Motorcycle,Used,57000,7400,49600,5,Personal,1,Approved
VL100165,41,Professional,Permanent,59500,4.8,7500,Scooter,New,82000,21900,60100,7,Business,1,Approved
VL100166,32,Professional,Contract,36800,4.6,3700,Motorcycle,New,117000,48400,68600,3,Commercial,3,Rejected
VL100167,28,Salaried,Permanent,22900,2.2,1900,Motorcycle,New,128000,18200,109800,3,Personal,2,Rejected
VL100168,29,Private Employee,Permanent,62300,1.1,11600,SUV,Used,573000,108300,464700,7,Personal,1,Approved
VL100169,36,Private Employee,Permanent,21700,10.3,1600,Car,New,815000,200200,614800,3,Personal,0,Rejected
VL100170,39,Self Employed,Self Employed,24200,5.0,1300,Scooter,Used,40000,11000,29000,2,Personal,1,Rejected
VL100171,28,Business Owner,Business,34900,7.9,5600,Motorcycle,Used,67000,16700,50300,3,Personal,0,Approved
VL100172,36,Salaried,Permanent,21600,7.1,4100,SUV,Used,909000,103600,805400,3,Personal,1,Rejected
VL100173,21,Self Employed,Self Employed,31400,0.2,7100,Car,Used,534000,26100,507900,5,Commercial,3,Rejected
VL100174,43,Salaried,Permanent,17900,5.5,4200,Motorcycle,Used,82000,5500,76500,2,Commercial,1,Rejected
VL100175,36,Business Owner,Business,28300,3.4,3300,Motorcycle,New,127000,34000,93000,3,Personal,2,Approved
VL100176,21,Business Owner,Business,18600,1.0,2800,Electric Vehicle,New,1216000,197400,1018600,5,Business,2,Rejected
VL100177,44,Private Employee,Permanent,46000,3.5,12400,Car,Used,303000,41300,261700,5,Business,1,Rejected
VL100178,37,Business Owner,Business,38900,0.4,7100,Car,New,806000,132900,673100,5,Business,0,Approved
VL100179,36,Private Employee,Permanent,21500,1.8,5000,Scooter,New,75000,18800,56200,5,Business,0,Rejected
VL100180,26,Business Owner,Business,20100,1.8,3600,Electric Vehicle,Used,813000,280200,532800,3,Personal,2,Approved
VL100181,23,Private Employee,Permanent,28200,2.0,1100,Commercial Vehicle,New,1731000,236500,1494500,3,Personal,0,Rejected
VL100182,27,Salaried,Permanent,31400,4.5,2600,Scooter,New,81000,8500,72500,3,Personal,0,Approved
VL100183,59,Private Employee,Permanent,51000,27.5,0,Electric Vehicle,New,1226000,283100,942900,3,Personal,4,Approved
VL100184,31,Government Employee,Permanent,19200,2.2,1600,SUV,New,1506000,343400,1162600,3,Personal,2,Rejected
VL100185,40,Salaried,Permanent,55700,2.5,3100,Car,Used,502000,76700,425300,7,Personal,1,Approved
VL100186,41,Professional,Permanent,29300,6.0,1400,Car,Used,429000,112700,316300,5,Commercial,1,Approved
VL100187,50,Professional,Permanent,28800,12.1,2400,Motorcycle,New,104000,24000,80000,2,Personal,4,Rejected
VL100188,38,Private Employee,Permanent,20500,2.4,700,Car,New,721000,79500,641500,3,Personal,2,Rejected
VL100189,23,Government Employee,Permanent,31100,1.4,200,Motorcycle,New,112000,20100,91900,1,Commercial,0,Approved
VL100190,30,Professional,Permanent,20600,6.4,3700,Scooter,New,70000,20900,49100,5,Personal,0,Approved
VL100191,27,Salaried,Permanent,37000,3.2,1900,SUV,New,1393000,398500,994500,3,Personal,2,Approved
VL100192,38,Professional,Permanent,59100,7.3,4700,Motorcycle,Used,40000,8700,31300,7,Personal,2,Approved
VL100193,41,Private Employee,Permanent,94000,8.6,18700,Commercial Vehicle,New,2037000,871200,1165800,1,Commercial,1,Approved
VL100194,41,Government Employee,Permanent,35000,3.9,1400,Motorcycle,New,117000,27000,90000,2,Personal,1,Approved
VL100195,42,Self Employed,Self Employed,40200,2.8,6500,Motorcycle,New,103000,23600,79400,2,Personal,2,Approved
VL100196,54,Professional,Permanent,40100,28.4,0,Commercial Vehicle,New,1790000,310400,1479600,2,Personal,1,Rejected
VL100197,43,Business Owner,Business,79700,23.0,8800,SUV,New,1645000,302000,1343000,7,Commercial,1,Approved
VL100198,21,Self Employed,Self Employed,36400,0.7,5500,Scooter,New,71000,17400,53600,3,Personal,3,Rejected
VL100199,28,Salaried,Permanent,24400,0.8,1300,Commercial Vehicle,New,1686000,245700,1440300,3,Personal,1,Rejected
VL100200,50,Salaried,Permanent,33000,18.2,6000,Car,New,797000,210900,586100,5,Personal,1,Approved
VL100201,30,Business Owner,Business,20500,10.0,2900,Scooter,New,84000,22400,61600,2,Personal,0,Approved
VL100202,36,Private Employee,Permanent,77700,12.5,10000,Car,New,809000,59200,749800,3,Commercial,0,Approved
VL100203,29,Self Employed,Self Employed,44600,2.0,8400,Scooter,New,75000,4900,70100,3,Personal,1,Approved
VL100204,22,Self Employed,Self Employed,57000,1.6,9600,SUV,Used,994000,173100,820900,3,Personal,0,Rejected
VL100205,37,Salaried,Permanent,26200,4.3,2600,Motorcycle,Used,46000,16500,29500,3,Personal,3,Approved
VL100206,45,Salaried,Permanent,45100,11.8,0,Car,New,776000,284800,491200,2,Personal,0,Approved
VL100207,32,Self Employed,Self Employed,34300,11.6,8700,Scooter,New,68000,0,68000,2,Personal,3,Rejected
VL100208,21,Professional,Permanent,15900,0.9,900,Electric Vehicle,Used,728000,161600,566400,7,Commercial,2,Rejected
VL100209,32,Professional,Permanent,21200,1.3,0,Motorcycle,New,111000,22500,88500,5,Personal,0,Approved
VL100210,32,Salaried,Contract,41700,7.0,9700,Motorcycle,Used,58000,6600,51400,1,Personal,1,Rejected
VL100211,34,Private Employee,Contract,106500,6.2,15900,Motorcycle,New,126000,23400,102600,1,Commercial,0,Approved
VL100212,29,Salaried,Permanent,54400,3.2,5600,Motorcycle,Used,62000,8600,53400,1,Personal,4,Rejected
VL100213,21,Private Employee,Permanent,48600,0.1,4600,Scooter,New,69000,12400,56600,2,Business,1,Approved
VL100214,27,Private Employee,Contract,71600,3.8,12300,Commercial Vehicle,New,2147000,395700,1751300,2,Personal,0,Approved
VL100215,25,Salaried,Permanent,27700,1.1,7700,SUV,Used,628000,63000,565000,5,Business,2,Rejected
VL100216,41,Professional,Permanent,47200,21.0,3300,Electric Vehicle,New,1502000,268800,1233200,5,Business,1,Approved
VL100217,34,Salaried,Permanent,21600,1.2,800,Motorcycle,New,103000,18100,84900,5,Personal,1,Rejected
VL100218,41,Business Owner,Business,36300,4.8,3000,Scooter,New,84000,22000,62000,1,Personal,0,Approved
VL100219,31,Professional,Permanent,26700,4.4,0,Commercial Vehicle,New,1944000,418600,1525400,7,Business,3,Rejected
VL100220,29,Professional,Permanent,54200,4.3,4800,Car,Used,459000,124300,334700,5,Personal,1,Approved
VL100221,31,Self Employed,Self Employed,15000,0.5,3000,Electric Vehicle,New,1115000,270400,844600,3,Personal,4,Rejected
VL100222,27,Self Employed,Self Employed,23300,7.0,2700,Commercial Vehicle,New,1961000,637800,1323200,5,Personal,1,Rejected
VL100223,39,Government Employee,Permanent,70500,6.9,9600,Car,New,790000,136400,653600,7,Personal,0,Approved
VL100224,21,Government Employee,Permanent,56400,0.2,10200,Car,New,825000,233300,591700,1,Commercial,1,Approved
VL100225,31,Professional,Permanent,37800,2.5,2900,Car,New,710000,146800,563200,2,Business,0,Approved
VL100226,31,Salaried,Permanent,45800,3.9,400,Commercial Vehicle,Used,1304000,439900,864100,3,Commercial,1,Approved
VL100227,31,Private Employee,Permanent,41700,9.8,3600,Motorcycle,Used,81000,18900,62100,7,Personal,2,Approved
VL100228,38,Salaried,Contract,104400,2.0,9300,Car,New,858000,97700,760300,5,Commercial,3,Approved
VL100229,21,Salaried,Permanent,40800,0.5,6800,Electric Vehicle,Used,534000,103900,430100,1,Personal,2,Rejected
VL100230,38,Salaried,Permanent,44400,4.1,7100,Scooter,New,67000,12200,54800,5,Personal,3,Approved
VL100231,36,Self Employed,Self Employed,29000,2.8,0,SUV,New,1308000,165000,1143000,2,Personal,1,Rejected
VL100232,38,Self Employed,Self Employed,37700,5.2,0,Scooter,New,68000,10700,57300,1,Personal,0,Rejected
VL100233,38,Private Employee,Permanent,19400,3.7,3700,Electric Vehicle,New,1228000,14500,1213500,3,Business,1,Rejected
VL100234,32,Private Employee,Permanent,40400,12.0,300,Car,Used,360000,52900,307100,1,Personal,2,Approved
VL100235,35,Government Employee,Permanent,44900,10.8,8200,Commercial Vehicle,New,1643000,429600,1213400,3,Business,4,Approved
VL100236,46,Self Employed,Self Employed,41300,7.9,0,Motorcycle,New,122000,30500,91500,3,Personal,0,Approved
VL100237,21,Salaried,Permanent,63800,0.8,15500,SUV,New,1510000,232200,1277800,7,Commercial,2,Rejected
VL100238,47,Salaried,Permanent,67600,12.3,7100,Motorcycle,Used,47000,10900,36100,2,Business,4,Approved
VL100239,54,Private Employee,Permanent,70000,17.0,13500,Scooter,New,84000,26400,57600,2,Personal,0,Approved
VL100240,42,Salaried,Permanent,21800,16.0,2500,Commercial Vehicle,New,1812000,242400,1569600,2,Personal,0,Approved
VL100241,32,Private Employee,Permanent,53600,2.0,12000,Motorcycle,Used,69000,4700,64300,5,Personal,1,Approved
VL100242,34,Government Employee,Permanent,47400,10.4,10400,Scooter,New,68000,13700,54300,3,Personal,0,Approved
VL100243,43,Self Employed,Self Employed,55800,15.8,5100,Scooter,New,77000,24700,52300,3,Commercial,2,Approved
VL100244,41,Salaried,Permanent,33400,21.0,0,Car,Used,484000,152400,331600,7,Business,2,Approved
VL100245,37,Private Employee,Permanent,38000,17.0,0,Scooter,New,82000,15000,67000,2,Personal,3,Approved
VL100246,25,Professional,Permanent,26200,2.5,700,Motorcycle,Used,60000,16000,44000,5,Business,0,Approved
VL100247,47,Self Employed,Self Employed,67100,4.7,2000,SUV,New,1595000,316200,1278800,3,Commercial,3,Approved
VL100248,40,Salaried,Permanent,37800,8.3,8500,Car,Used,409000,154800,254200,1,Personal,1,Rejected
VL100249,38,Government Employee,Permanent,78200,3.1,4600,SUV,Used,996000,248400,747600,3,Business,2,Approved
VL100250,44,Business Owner,Business,21800,2.2,2800,Scooter,New,85000,5100,79900,3,Personal,1,Approved
VL100251,33,Salaried,Permanent,39300,8.7,0,Commercial Vehicle,New,1904000,314000,1590000,1,Personal,4,Approved
VL100252,38,Self Employed,Self Employed,37800,9.8,2800,SUV,New,1649000,341100,1307900,5,Personal,2,Approved
VL100253,29,Salaried,Permanent,17000,5.6,1800,Commercial Vehicle,New,2115000,238200,1876800,5,Personal,4,Rejected
VL100254,32,Salaried,Permanent,50400,6.8,5000,Scooter,Used,40000,8900,31100,3,Personal,3,Approved
VL100255,40,Professional,Permanent,60600,15.1,0,Motorcycle,New,121000,18700,102300,3,Commercial,2,Approved
VL100256,35,Business Owner,Business,26100,3.8,4000,Commercial Vehicle,New,2002000,518700,1483300,7,Commercial,3,Approved
VL100257,36,Government Employee,Permanent,36900,15.1,6100,Motorcycle,Used,49000,5300,43700,5,Personal,2,Approved
VL100258,32,Private Employee,Permanent,25400,1.8,2000,Motorcycle,Used,83000,14600,68400,5,Personal,1,Rejected
VL100259,21,Private Employee,Permanent,65900,0.4,0,SUV,Used,794000,245300,548700,5,Personal,2,Approved
VL100260,46,Salaried,Permanent,16900,11.2,2500,Car,Used,493000,102900,390100,7,Business,0,Approved
VL100261,27,Business Owner,Business,15000,7.0,1900,Car,Used,516000,113900,402100,3,Personal,1,Rejected
VL100262,42,Self Employed,Self Employed,51700,2.7,10900,Motorcycle,New,128000,14700,113300,2,Personal,3,Approved
VL100263,34,Professional,Permanent,45600,4.5,700,SUV,Used,860000,148000,712000,7,Personal,2,Approved
VL100264,38,Salaried,Contract,48100,7.1,11600,SUV,New,1589000,241400,1347600,5,Personal,3,Rejected
VL100265,32,Salaried,Permanent,41100,5.3,2400,Car,New,793000,148900,644100,3,Business,3,Approved
VL100266,31,Salaried,Permanent,56700,3.1,15900,Scooter,New,71000,29200,41800,3,Personal,0,Rejected
VL100267,25,Private Employee,Contract,37100,1.3,1600,Electric Vehicle,Used,633000,166600,466400,5,Personal,1,Approved
VL100268,46,Professional,Permanent,30900,14.7,4100,SUV,New,1218000,275800,942200,1,Personal,1,Rejected
VL100269,41,Business Owner,Business,87500,5.9,0,Car,New,753000,122800,630200,3,Commercial,2,Approved
VL100270,38,Business Owner,Business,43900,12.0,3600,Motorcycle,New,105000,15900,89100,3,Personal,1,Approved
VL100271,41,Professional,Permanent,30700,3.6,2600,SUV,New,1313000,277500,1035500,3,Business,2,Rejected
VL100272,38,Self Employed,Self Employed,34400,0.4,4600,Scooter,New,71000,17900,53100,7,Personal,3,Approved
VL100273,24,Private Employee,Contract,22300,2.0,1600,Car,New,799000,167900,631100,3,Commercial,2,Approved
VL100274,40,Salaried,Contract,69400,4.5,5900,Motorcycle,New,115000,16200,98800,2,Personal,1,Approved
VL100275,30,Government Employee,Permanent,23000,5.3,4400,Electric Vehicle,New,1407000,300400,1106600,3,Commercial,0,Rejected
VL100276,39,Private Employee,Contract,36600,5.8,1700,Electric Vehicle,Used,510000,135500,374500,3,Personal,2,Approved
VL100277,28,Professional,Permanent,43500,1.2,2900,SUV,New,1549000,481500,1067500,5,Personal,1,Rejected
VL100278,21,Private Employee,Permanent,15800,0.4,2100,Car,New,701000,209800,491200,1,Personal,2,Rejected
VL100279,30,Private Employee,Permanent,31600,3.4,3400,Scooter,Used,40000,6600,33400,7,Personal,1,Approved
VL100280,30,Private Employee,Permanent,37000,1.3,3300,Car,New,802000,0,802000,5,Personal,4,Rejected
VL100281,47,Business Owner,Business,26500,16.7,2800,Motorcycle,New,97000,8900,88100,3,Personal,0,Approved
VL100282,41,Private Employee,Permanent,30500,9.6,0,Motorcycle,Used,53000,4700,48300,3,Personal,1,Approved
VL100283,61,Private Employee,Permanent,47900,27.8,12300,Motorcycle,Used,51000,11000,40000,2,Personal,1,Approved
VL100284,35,Private Employee,Permanent,61700,1.7,3600,SUV,New,1370000,147300,1222700,3,Personal,2,Approved
VL100285,33,Salaried,Permanent,41700,0.8,1100,Car,New,900000,122200,777800,2,Personal,0,Approved
VL100286,33,Salaried,Permanent,17600,4.4,2100,Electric Vehicle,New,1426000,237100,1188900,2,Personal,1,Rejected
VL100287,34,Government Employee,Permanent,28000,14.0,200,Commercial Vehicle,New,1690000,818600,871400,5,Business,4,Approved
VL100288,35,Professional,Permanent,27100,7.1,1900,Scooter,New,76000,25900,50100,1,Personal,3,Approved
VL100289,28,Private Employee,Permanent,20800,1.8,4100,Car,Used,490000,81400,408600,2,Personal,0,Rejected
VL100290,32,Salaried,Contract,18800,2.4,1900,Electric Vehicle,New,1352000,494200,857800,5,Personal,1,Rejected
VL100291,29,Private Employee,Permanent,40000,9.0,1600,Car,New,871000,184200,686800,7,Personal,0,Approved
VL100292,34,Salaried,Permanent,27500,8.1,200,SUV,Used,608000,81300,526700,2,Personal,0,Approved
VL100293,50,Self Employed,Self Employed,49500,15.5,6300,Electric Vehicle,Used,716000,171800,544200,5,Commercial,1,Approved
VL100294,45,Private Employee,Permanent,60300,12.5,1600,SUV,Used,644000,73700,570300,5,Personal,0,Approved
VL100295,62,Private Employee,Contract,15000,2.9,400,Car,New,830000,19400,810600,1,Personal,2,Approved
VL100296,36,Self Employed,Self Employed,85100,5.5,10800,Motorcycle,Used,51000,700,50300,3,Personal,3,Rejected
VL100297,46,Government Employee,Permanent,47100,11.1,7900,Scooter,New,81000,24400,56600,7,Personal,2,Approved
VL100298,32,Salaried,Permanent,46900,12.0,1900,SUV,Used,669000,124600,544400,3,Commercial,1,Approved
VL100299,39,Salaried,Contract,47200,1.3,0,Scooter,New,82000,8300,73700,7,Personal,2,Rejected
VL100300,32,Professional,Permanent,33800,12.0,2400,Scooter,New,75000,17400,57600,3,Business,4,Approved
VL100301,54,Salaried,Permanent,20100,17.4,3000,SUV,New,1620000,106700,1513300,5,Business,1,Rejected
VL100302,34,Self Employed,Self Employed,34100,0.9,4300,Car,Used,474000,48100,425900,3,Personal,1,Rejected
VL100303,29,Professional,Permanent,15000,6.9,700,Motorcycle,New,111000,26600,84400,2,Business,0,Approved
VL100304,37,Private Employee,Contract,78900,15.2,10200,SUV,New,1461000,539200,921800,3,Personal,1,Approved
VL100305,30,Salaried,Permanent,26200,1.4,1100,Motorcycle,Used,58000,4600,53400,5,Personal,0,Approved
VL100306,53,Private Employee,Permanent,40400,7.0,500,Electric Vehicle,New,1385000,138300,1246700,5,Personal,1,Rejected
VL100307,38,Salaried,Permanent,19600,16.7,4200,Car,New,713000,130100,582900,3,Business,4,Rejected
VL100308,53,Salaried,Permanent,62400,33.0,12100,Motorcycle,Used,52000,13400,38600,3,Personal,2,Approved
VL100309,37,Private Employee,Permanent,36700,6.9,1000,Car,New,721000,164500,556500,7,Personal,1,Approved
VL100310,37,Salaried,Permanent,60700,12.4,8500,Car,New,795000,125600,669400,2,Commercial,0,Approved
VL100311,37,Government Employee,Permanent,60200,5.2,0,Electric Vehicle,Used,819000,152100,666900,3,Business,1,Approved
VL100312,37,Private Employee,Contract,16900,5.2,3600,Scooter,New,70000,15400,54600,2,Personal,4,Rejected
VL100313,41,Self Employed,Self Employed,32600,4.3,4900,Car,New,743000,264900,478100,5,Business,4,Rejected
VL100314,39,Professional,Contract,30000,3.9,3500,Car,New,717000,200300,516700,3,Commercial,1,Approved
VL100315,28,Private Employee,Permanent,23500,6.0,0,Car,Used,380000,47500,332500,5,Commercial,2,Approved
VL100316,35,Salaried,Permanent,52200,8.8,9700,Motorcycle,Used,71000,4500,66500,5,Personal,0,Approved
VL100317,32,Salaried,Contract,35700,2.6,4500,Electric Vehicle,New,1535000,395600,1139400,2,Personal,2,Rejected
VL100318,30,Self Employed,Self Employed,40300,6.2,5700,SUV,New,1294000,110600,1183400,3,Personal,0,Approved
VL100319,21,Private Employee,Contract,33300,0.4,6500,SUV,New,1623000,384600,1238400,2,Commercial,0,Rejected
VL100320,23,Salaried,Permanent,38700,1.0,5700,Car,New,800000,213200,586800,3,Personal,2,Approved
VL100321,32,Private Employee,Permanent,29400,6.7,0,Electric Vehicle,New,1126000,329900,796100,2,Personal,1,Approved
VL100322,32,Salaried,Contract,60300,2.2,11500,Electric Vehicle,New,1171000,118300,1052700,1,Personal,3,Approved
VL100323,47,Salaried,Permanent,42100,24.7,1600,Motorcycle,Used,73000,19900,53100,1,Personal,1,Approved
VL100324,29,Salaried,Permanent,18400,1.9,1400,Car,Used,461000,137500,323500,7,Business,0,Rejected
VL100325,21,Government Employee,Permanent,40500,0.5,2900,Scooter,Used,52000,9200,42800,5,Commercial,1,Approved
VL100326,23,Private Employee,Permanent,33700,0.3,0,Scooter,New,90000,10700,79300,5,Personal,3,Approved
VL100327,34,Professional,Permanent,45300,6.7,1700,Car,Used,345000,68400,276600,7,Personal,2,Approved
VL100328,42,Private Employee,Permanent,35300,16.7,400,Electric Vehicle,New,1491000,310500,1180500,5,Personal,1,Approved
VL100329,43,Professional,Permanent,40100,13.7,600,Electric Vehicle,New,1480000,421100,1058900,2,Personal,1,Approved
VL100330,33,Private Employee,Permanent,46700,5.1,4200,Car,Used,412000,84700,327300,5,Business,2,Approved
VL100331,52,Private Employee,Permanent,63200,8.1,10300,Car,New,784000,178200,605800,5,Personal,1,Approved
VL100332,30,Self Employed,Self Employed,37100,0.9,9300,Commercial Vehicle,Used,877000,228700,648300,2,Personal,2,Rejected
VL100333,24,Salaried,Permanent,40200,0.5,5800,Car,New,838000,154400,683600,1,Business,0,Rejected
VL100334,31,Business Owner,Business,79000,3.1,18500,Motorcycle,New,113000,23700,89300,1,Personal,3,Approved
VL100335,24,Salaried,Permanent,47400,1.0,200,Motorcycle,Used,65000,7800,57200,3,Personal,0,Approved
VL100336,31,Self Employed,Self Employed,15000,7.9,3600,Car,New,939000,188500,750500,5,Personal,1,Rejected
VL100337,32,Private Employee,Permanent,22100,12.0,1700,Motorcycle,New,113000,20500,92500,3,Personal,2,Rejected
VL100338,49,Self Employed,Self Employed,35500,1.9,9900,Car,New,878000,165500,712500,2,Personal,2,Rejected
VL100339,25,Professional,Permanent,49700,3.6,1100,Electric Vehicle,New,1424000,142200,1281800,5,Personal,1,Approved
VL100340,53,Self Employed,Self Employed,66000,13.8,12300,Car,New,950000,186900,763100,5,Commercial,2,Approved
VL100341,37,Government Employee,Permanent,17100,3.5,100,Scooter,New,64000,8800,55200,3,Personal,1,Approved
VL100342,52,Professional,Permanent,25800,17.5,200,Electric Vehicle,New,1172000,223800,948200,7,Personal,3,Approved
VL100343,42,Salaried,Permanent,41400,22.0,11500,Motorcycle,New,111000,23100,87900,2,Personal,0,Approved
VL100344,29,Private Employee,Permanent,30900,2.3,1000,Electric Vehicle,New,1558000,556200,1001800,3,Personal,2,Rejected
VL100345,31,Salaried,Permanent,36600,9.3,4400,Commercial Vehicle,New,1538000,226300,1311700,1,Personal,1,Approved
VL100346,33,Private Employee,Permanent,32400,11.5,200,Car,New,853000,112100,740900,2,Personal,2,Approved
VL100347,31,Private Employee,Contract,43200,9.0,4400,Car,Used,406000,74100,331900,3,Business,3,Approved
VL100348,49,Self Employed,Self Employed,76600,22.5,20100,SUV,Used,789000,90400,698600,3,Personal,4,Approved
VL100349,31,Salaried,Permanent,32100,7.3,3900,SUV,New,1372000,11700,1360300,7,Personal,1,Rejected
VL100350,21,Professional,Contract,30600,0.1,1800,Electric Vehicle,Used,1136000,193200,942800,5,Personal,0,Approved
VL100351,32,Government Employee,Permanent,41800,6.9,2900,Motorcycle,New,96000,18200,77800,3,Personal,0,Approved
VL100352,32,Private Employee,Permanent,37900,0.7,3400,Scooter,New,78000,16600,61400,3,Personal,2,Approved
VL100353,32,Professional,Permanent,109100,1.3,11300,Car,New,861000,151900,709100,5,Personal,1,Approved
VL100354,35,Private Employee,Permanent,31600,7.3,4200,Scooter,New,87000,11500,75500,3,Personal,3,Rejected
VL100355,37,Salaried,Permanent,47800,5.5,7800,Commercial Vehicle,Used,902000,205500,696500,3,Personal,3,Rejected
VL100356,48,Government Employee,Permanent,27600,1.8,1400,SUV,New,1490000,236500,1253500,5,Commercial,0,Approved
VL100357,39,Salaried,Permanent,30900,7.2,4600,Motorcycle,Used,56000,8400,47600,2,Business,0,Rejected
VL100358,21,Salaried,Permanent,23400,0.5,0,Motorcycle,New,126000,32000,94000,7,Personal,3,Rejected
VL100359,24,Salaried,Permanent,41100,1.6,4800,Car,New,891000,167900,723100,5,Personal,3,Rejected
VL100360,31,Self Employed,Self Employed,20300,7.5,800,SUV,New,1469000,467000,1002000,2,Personal,1,Rejected
VL100361,40,Salaried,Permanent,36900,12.9,3200,Motorcycle,New,121000,12800,108200,1,Business,1,Rejected
VL100362,37,Self Employed,Self Employed,60900,2.1,8600,Car,New,927000,332200,594800,3,Commercial,0,Approved
VL100363,25,Private Employee,Permanent,48500,0.4,10200,Electric Vehicle,Used,793000,192400,600600,5,Business,2,Rejected
VL100364,40,Self Employed,Self Employed,34300,7.5,2700,SUV,New,1313000,137700,1175300,7,Commercial,2,Approved
VL100365,39,Government Employee,Permanent,87700,10.7,11200,Motorcycle,New,102000,18200,83800,5,Business,2,Approved
VL100366,44,Private Employee,Contract,25800,10.4,3000,Car,Used,537000,78800,458200,3,Personal,1,Approved
VL100367,30,Business Owner,Business,74500,3.4,0,Electric Vehicle,Used,960000,240200,719800,2,Personal,0,Approved
VL100368,40,Private Employee,Contract,26800,19.7,3200,Scooter,Used,51000,7500,43500,3,Personal,2,Approved
VL100369,36,Self Employed,Self Employed,45700,1.1,12000,Car,Used,478000,58600,419400,5,Business,1,Approved
VL100370,21,Business Owner,Business,25600,0.1,4500,Motorcycle,Used,74000,18000,56000,2,Personal,2,Rejected
VL100371,42,Self Employed,Self Employed,42000,8.2,2900,SUV,Used,615000,112200,502800,3,Personal,4,Approved
VL100372,35,Private Employee,Permanent,64300,1.2,4300,Scooter,New,89000,200,88800,3,Commercial,2,Rejected
VL100373,40,Salaried,Permanent,29300,4.2,1600,Car,New,889000,269300,619700,2,Personal,2,Rejected
VL100374,21,Self Employed,Self Employed,70900,0.7,10800,Car,Used,441000,81300,359700,7,Personal,1,Approved
VL100375,33,Private Employee,Permanent,34200,11.9,3600,Scooter,New,72000,13300,58700,1,Personal,0,Approved
VL100376,28,Salaried,Contract,26600,3.3,0,Car,New,947000,273000,674000,5,Commercial,0,Approved
VL100377,45,Private Employee,Permanent,71100,8.1,11000,Commercial Vehicle,Used,965000,240500,724500,5,Business,0,Approved
VL100378,32,Private Employee,Permanent,26400,12.0,3800,Commercial Vehicle,New,2051000,817500,1233500,3,Personal,2,Rejected
VL100379,34,Government Employee,Permanent,15400,5.4,1500,SUV,New,1461000,204900,1256100,2,Business,3,Approved
VL100380,32,Salaried,Permanent,16700,1.4,2000,Commercial Vehicle,New,1786000,484200,1301800,7,Personal,1,Rejected
VL100381,38,Business Owner,Business,47600,5.4,1600,Car,New,735000,103800,631200,3,Personal,1,Approved
VL100382,34,Government Employee,Permanent,24100,1.5,5300,Motorcycle,New,108000,25500,82500,7,Personal,3,Rejected
VL100383,29,Self Employed,Self Employed,31900,2.2,0,Car,New,781000,232400,548600,1,Commercial,3,Rejected
VL100384,39,Private Employee,Contract,31100,9.0,3000,SUV,New,1581000,245300,1335700,3,Personal,2,Approved
VL100385,34,Salaried,Permanent,64000,1.0,6500,Car,Used,511000,213900,297100,3,Business,1,Approved
VL100386,30,Professional,Permanent,48100,10.0,3300,Scooter,New,67000,17100,49900,2,Business,0,Approved
VL100387,30,Government Employee,Permanent,48100,6.4,5100,Motorcycle,Used,87000,14800,72200,2,Personal,3,Approved
VL100388,42,Private Employee,Permanent,45300,6.2,900,Car,New,929000,0,929000,3,Personal,1,Approved
VL100389,37,Government Employee,Permanent,31100,9.3,1700,Commercial Vehicle,Used,748000,154400,593600,5,Business,2,Rejected
VL100390,22,Private Employee,Permanent,24100,0.7,500,Scooter,Used,52000,17400,34600,3,Commercial,2,Approved
VL100391,34,Self Employed,Self Employed,21400,9.7,1800,Car,Used,428000,100100,327900,5,Personal,3,Rejected
VL100392,48,Business Owner,Business,43300,11.2,9200,Commercial Vehicle,New,1828000,477500,1350500,1,Personal,1,Approved
VL100393,28,Private Employee,Permanent,30000,0.5,4300,SUV,New,1567000,293900,1273100,1,Personal,0,Rejected
VL100394,35,Business Owner,Business,53300,4.6,0,Car,New,924000,178800,745200,7,Personal,1,Approved
VL100395,26,Private Employee,Permanent,33100,5.9,2600,Car,New,792000,156000,636000,2,Commercial,0,Rejected
VL100396,31,Private Employee,Permanent,46500,6.6,4500,Electric Vehicle,New,1255000,205100,1049900,3,Business,2,Approved
VL100397,32,Government Employee,Permanent,76200,3.0,3600,Motorcycle,New,113000,21900,91100,3,Personal,1,Approved
VL100398,40,Private Employee,Permanent,93000,9.6,5900,Electric Vehicle,Used,712000,136700,575300,3,Personal,2,Approved
VL100399,29,Business Owner,Business,34000,1.5,6900,Electric Vehicle,New,1433000,355500,1077500,7,Personal,1,Rejected
VL100400,48,Salaried,Permanent,48800,7.3,0,Car,Used,686000,131800,554200,1,Personal,2,Approved
VL100401,25,Salaried,Permanent,17000,2.7,2300,Car,New,680000,198300,481700,3,Personal,1,Rejected
VL100402,37,Salaried,Permanent,22500,14.5,0,Scooter,Used,54000,21200,32800,5,Business,1,Approved
VL100403,21,Professional,Contract,38100,0.1,4700,SUV,New,1344000,220500,1123500,3,Personal,2,Approved
VL100404,35,Salaried,Permanent,51300,5.4,1600,Car,Used,419000,148700,270300,7,Business,2,Approved
VL100405,44,Professional,Permanent,28000,21.9,4200,SUV,New,1528000,396700,1131300,5,Personal,2,Rejected
VL100406,37,Professional,Permanent,24700,5.9,6400,Car,New,839000,128000,711000,3,Personal,2,Rejected
VL100407,23,Business Owner,Business,25400,0.2,2400,SUV,Used,1162000,383100,778900,5,Commercial,3,Rejected
VL100408,52,Private Employee,Permanent,51900,30.6,10700,SUV,New,1297000,334600,962400,3,Personal,0,Approved
VL100409,43,Private Employee,Permanent,38300,13.8,6000,Car,Used,510000,136700,373300,2,Personal,0,Rejected
VL100410,31,Salaried,Contract,42100,0.5,5800,Motorcycle,New,105000,0,105000,3,Business,2,Rejected
VL100411,35,Government Employee,Permanent,41400,9.5,700,Car,New,875000,227200,647800,2,Business,0,Rejected
VL100412,36,Government Employee,Permanent,46300,3.8,8700,Commercial Vehicle,Used,826000,161300,664700,2,Commercial,3,Approved
VL100413,21,Salaried,Permanent,36100,0.6,4800,Electric Vehicle,Used,683000,162300,520700,3,Personal,2,Approved
VL100414,27,Private Employee,Permanent,42500,4.5,700,Car,Used,525000,134600,390400,1,Business,1,Approved
VL100415,34,Government Employee,Permanent,42200,2.5,1100,Electric Vehicle,New,1132000,270300,861700,5,Personal,1,Approved
VL100416,47,Self Employed,Self Employed,15700,14.3,900,Car,New,737000,179600,557400,3,Personal,0,Approved
VL100417,28,Professional,Permanent,47400,2.3,1500,Car,New,957000,260500,696500,5,Commercial,1,Approved
VL100418,32,Private Employee,Permanent,39700,0.9,3500,Motorcycle,New,115000,20300,94700,3,Personal,0,Rejected
VL100419,42,Salaried,Contract,37400,6.7,5500,Car,New,867000,310400,556600,1,Personal,1,Approved
VL100420,40,Salaried,Permanent,23200,12.2,1900,Motorcycle,New,118000,30300,87700,7,Personal,1,Approved
VL100421,47,Business Owner,Business,31300,19.0,3700,Car,Used,284000,38100,245900,2,Business,4,Approved
VL100422,41,Salaried,Permanent,34200,7.3,0,Scooter,Used,40000,9300,30700,3,Personal,2,Approved
VL100423,37,Salaried,Permanent,15000,2.4,2800,Electric Vehicle,New,1526000,163300,1362700,7,Personal,2,Rejected
VL100424,37,Private Employee,Permanent,35700,2.7,6100,Electric Vehicle,Used,572000,155900,416100,3,Commercial,0,Rejected
VL100425,46,Business Owner,Business,33700,10.1,9000,Scooter,New,87000,9500,77500,1,Business,2,Rejected
VL100426,28,Self Employed,Self Employed,43900,2.6,700,Scooter,New,84000,15600,68400,7,Personal,2,Approved
VL100427,41,Salaried,Permanent,31800,2.0,200,Commercial Vehicle,Used,1091000,189500,901500,3,Personal,1,Approved
VL100428,30,Professional,Contract,32200,5.8,0,Car,Used,458000,125700,332300,5,Commercial,2,Rejected
VL100429,31,Private Employee,Permanent,35500,3.2,7000,Motorcycle,Used,63000,8300,54700,3,Commercial,0,Rejected
VL100430,36,Private Employee,Permanent,16400,5.9,0,Car,New,793000,189600,603400,3,Commercial,3,Approved
VL100431,34,Self Employed,Self Employed,26700,1.3,1700,Scooter,Used,40000,3200,36800,5,Business,1,Rejected
VL100432,29,Private Employee,Permanent,38100,5.8,0,Commercial Vehicle,New,1780000,526500,1253500,2,Personal,1,Approved
VL100433,33,Business Owner,Business,19300,11.5,2000,SUV,Used,878000,173200,704800,5,Commercial,2,Rejected
VL100434,34,Salaried,Permanent,33700,8.4,4000,SUV,New,1478000,243600,1234400,2,Personal,1,Approved
VL100435,39,Salaried,Permanent,25900,2.6,3600,Commercial Vehicle,Used,1046000,229300,816700,3,Business,1,Rejected
VL100436,34,Salaried,Permanent,24500,6.0,2300,Motorcycle,New,118000,26700,91300,3,Personal,4,Approved
VL100437,38,Private Employee,Permanent,46200,1.7,400,Commercial Vehicle,New,1791000,279900,1511100,3,Commercial,1,Rejected
VL100438,37,Self Employed,Self Employed,20000,5.1,2800,SUV,Used,758000,261300,496700,2,Personal,1,Approved
VL100439,29,Professional,Contract,28300,3.2,3000,Car,New,877000,259800,617200,3,Business,0,Rejected
VL100440,37,Salaried,Permanent,16900,0.4,1800,Motorcycle,Used,68000,3700,64300,5,Personal,4,Rejected
VL100441,21,Private Employee,Permanent,28700,0.7,800,Scooter,New,85000,17600,67400,7,Business,2,Rejected
VL100442,51,Business Owner,Business,15000,11.2,2000,Motorcycle,New,124000,22100,101900,3,Personal,1,Rejected
VL100443,54,Self Employed,Self Employed,37600,4.2,6300,Car,New,870000,0,870000,1,Personal,2,Rejected
VL100444,36,Private Employee,Permanent,57500,5.9,1900,Scooter,New,81000,17300,63700,1,Commercial,2,Approved
VL100445,28,Salaried,Permanent,31700,3.7,0,Car,Used,415000,54200,360800,5,Personal,1,Approved
VL100446,38,Private Employee,Contract,38100,18.0,6100,Commercial Vehicle,Used,1297000,244100,1052900,2,Personal,3,Rejected
VL100447,22,Salaried,Permanent,24700,1.2,0,Car,Used,455000,106400,348600,2,Personal,0,Rejected
VL100448,46,Private Employee,Permanent,26900,15.1,500,Car,Used,462000,123300,338700,3,Personal,3,Rejected
VL100449,39,Salaried,Contract,44400,4.8,1700,Electric Vehicle,Used,801000,183300,617700,5,Personal,1,Rejected
VL100450,28,Private Employee,Permanent,24100,6.0,800,Commercial Vehicle,Used,690000,400,689600,3,Business,0,Approved
VL100451,23,Private Employee,Permanent,23500,1.7,3700,SUV,Used,938000,186800,751200,3,Business,3,Rejected
VL100452,21,Salaried,Permanent,15000,0.6,2900,Scooter,New,69000,2800,66200,5,Personal,0,Rejected
VL100453,38,Salaried,Permanent,22000,10.7,4000,Scooter,Used,52000,5400,46600,7,Personal,1,Rejected
VL100454,21,Government Employee,Permanent,27200,0.4,700,Motorcycle,New,105000,39100,65900,7,Personal,3,Approved
VL100455,30,Salaried,Permanent,17200,0.7,3800,SUV,New,1572000,333600,1238400,5,Business,2,Rejected
VL100456,34,Government Employee,Permanent,33500,1.4,0,SUV,Used,816000,33900,782100,7,Business,1,Approved
VL100457,29,Self Employed,Self Employed,40000,2.2,4800,Commercial Vehicle,New,2011000,371000,1640000,5,Personal,1,Rejected
VL100458,22,Salaried,Contract,24600,1.6,2800,SUV,New,1431000,567700,863300,3,Commercial,1,Rejected
VL100459,34,Salaried,Contract,35200,1.6,7800,Electric Vehicle,Used,497000,75800,421200,7,Business,0,Rejected
VL100460,34,Private Employee,Permanent,28100,7.1,3900,Commercial Vehicle,New,1887000,36500,1850500,3,Personal,1,Rejected
VL100461,33,Self Employed,Self Employed,68000,0.7,16000,SUV,New,1287000,247800,1039200,3,Business,1,Approved
VL100462,49,Private Employee,Permanent,16600,9.6,500,SUV,New,1613000,643700,969300,2,Business,1,Rejected
VL100463,51,Professional,Permanent,51100,11.5,8600,Car,New,896000,142400,753600,7,Business,1,Approved
VL100464,32,Self Employed,Self Employed,41000,4.3,7800,Motorcycle,New,105000,35700,69300,2,Personal,2,Approved
VL100465,42,Private Employee,Permanent,21900,10.5,3100,Car,New,715000,141600,573400,3,Personal,1,Approved
VL100466,30,Government Employee,Permanent,34200,2.6,1200,Scooter,New,89000,37200,51800,3,Personal,4,Approved
VL100467,21,Business Owner,Business,38800,0.8,3000,Motorcycle,Used,94000,17400,76600,2,Personal,0,Approved
VL100468,37,Professional,Contract,58500,1.6,8800,Car,New,809000,145800,663200,5,Personal,2,Approved
VL100469,21,Private Employee,Permanent,39500,0.2,6400,SUV,New,1535000,392400,1142600,5,Personal,1,Rejected
VL100470,44,Self Employed,Self Employed,16500,1.9,400,Electric Vehicle,Used,792000,113400,678600,5,Commercial,3,Rejected
VL100471,34,Private Employee,Permanent,36600,6.3,300,Scooter,Used,48000,7900,40100,1,Business,3,Approved
VL100472,31,Private Employee,Contract,49200,5.5,9900,Motorcycle,Used,47000,8800,38200,2,Personal,1,Rejected
VL100473,25,Private Employee,Contract,87100,1.6,15600,SUV,New,1253000,443700,809300,5,Personal,3,Approved
VL100474,34,Professional,Contract,24600,3.9,5000,Scooter,New,85000,2700,82300,5,Commercial,3,Rejected
VL100475,30,Government Employee,Permanent,76300,6.6,18800,Commercial Vehicle,Used,1101000,102700,998300,5,Personal,2,Rejected
VL100476,21,Private Employee,Permanent,37800,0.2,4300,Scooter,New,82000,28200,53800,5,Personal,2,Approved
VL100477,32,Salaried,Permanent,16000,12.0,0,Scooter,New,76000,15700,60300,2,Personal,0,Rejected
VL100478,34,Professional,Permanent,72900,1.9,15800,Car,New,793000,81600,711400,5,Commercial,3,Approved
VL100479,38,Professional,Contract,24900,5.5,2200,Commercial Vehicle,New,1583000,391700,1191300,5,Personal,4,Rejected
VL100480,29,Private Employee,Permanent,51600,9.0,12300,Scooter,New,68000,13100,54900,3,Personal,3,Approved
VL100481,33,Government Employee,Permanent,22500,5.9,800,SUV,Used,706000,103700,602300,1,Personal,0,Approved
VL100482,30,Business Owner,Business,59500,1.1,10600,SUV,New,1642000,189300,1452700,2,Business,0,Rejected
VL100483,30,Salaried,Permanent,40300,8.5,700,Motorcycle,New,132000,21900,110100,5,Personal,1,Approved
VL100484,31,Private Employee,Permanent,27000,0.6,5900,Car,New,770000,0,770000,2,Business,1,Rejected
VL100485,36,Government Employee,Permanent,24200,4.0,0,Car,New,685000,102300,582700,5,Personal,2,Approved
VL100486,31,Salaried,Contract,26300,5.1,2800,Car,Used,506000,147600,358400,2,Personal,0,Approved
VL100487,31,Salaried,Contract,25500,0.8,2300,Car,Used,371000,95800,275200,3,Personal,2,Rejected
VL100488,43,Self Employed,Self Employed,17300,21.9,800,SUV,Used,829000,133000,696000,3,Personal,3,Rejected
VL100489,34,Private Employee,Contract,20800,4.5,2100,Motorcycle,Used,69000,5200,63800,1,Personal,2,Rejected
VL100490,42,Professional,Contract,88600,22.0,3600,Electric Vehicle,Used,772000,116200,655800,5,Personal,0,Approved
VL100491,21,Private Employee,Permanent,29600,0.2,2300,SUV,New,1647000,0,1647000,2,Personal,1,Approved
VL100492,49,Salaried,Permanent,40000,4.1,4500,Electric Vehicle,Used,633000,149300,483700,3,Personal,2,Approved
VL100493,37,Government Employee,Permanent,27300,10.1,900,SUV,Used,695000,170400,524600,2,Personal,1,Rejected
VL100494,33,Government Employee,Permanent,59500,2.7,5500,Commercial Vehicle,New,1730000,462500,1267500,5,Personal,3,Approved
VL100495,41,Private Employee,Permanent,52000,8.1,8200,Electric Vehicle,New,1409000,409700,999300,3,Personal,4,Approved
VL100496,48,Government Employee,Permanent,28000,6.1,800,Motorcycle,Used,59000,15900,43100,5,Personal,2,Approved
VL100497,26,Salaried,Permanent,24500,5.9,2600,Car,Used,409000,83500,325500,3,Personal,2,Rejected
VL100498,21,Private Employee,Contract,21200,0.4,300,Motorcycle,New,122000,18600,103400,2,Personal,1,Approved
VL100499,36,Private Employee,Permanent,24800,4.6,5700,Motorcycle,New,97000,14300,82700,5,Personal,1,Approved
VL100500,21,Salaried,Permanent,45800,0.7,6100,Commercial Vehicle,Used,1024000,195300,828700,2,Personal,1,Rejected
VL100501,25,Salaried,Contract,29800,1.6,0,Car,Used,339000,89800,249200,5,Business,2,Approved
VL100502,53,Private Employee,Permanent,24500,7.4,6100,Electric Vehicle,Used,734000,81600,652400,3,Business,0,Rejected
VL100503,24,Private Employee,Permanent,26200,1.9,3400,Commercial Vehicle,New,1935000,425900,1509100,5,Business,0,Approved
VL100504,22,Private Employee,Permanent,62900,0.3,1900,Scooter,New,85000,9000,76000,7,Personal,4,Approved
VL100505,40,Self Employed,Self Employed,28600,4.1,8500,Scooter,Used,43000,10300,32700,2,Business,1,Rejected
VL100506,41,Business Owner,Business,45300,3.6,4000,SUV,New,1241000,165900,1075100,3,Personal,2,Approved
VL100507,46,Private Employee,Permanent,41300,8.6,0,Car,Used,523000,192300,330700,7,Personal,2,Approved
VL100508,21,Self Employed,Self Employed,37800,0.2,7500,Electric Vehicle,New,1230000,206900,1023100,7,Personal,2,Rejected
VL100509,31,Salaried,Permanent,28100,7.3,3500,Scooter,Used,40000,8700,31300,7,Personal,2,Approved
VL100510,40,Salaried,Permanent,64200,16.4,13400,SUV,New,1204000,99100,1104900,7,Business,1,Approved
VL100511,30,Salaried,Contract,44400,4.5,4900,Scooter,New,75000,18300,56700,5,Personal,3,Approved
VL100512,46,Self Employed,Self Employed,33200,1.3,1400,Car,New,883000,256100,626900,2,Business,1,Approved
VL100513,30,Business Owner,Business,25800,2.8,100,Motorcycle,New,119000,14500,104500,2,Business,2,Approved
VL100514,31,Salaried,Permanent,25000,2.3,900,Motorcycle,Used,73000,13800,59200,5,Personal,0,Approved
VL100515,31,Private Employee,Permanent,61700,11.0,2700,Commercial Vehicle,Used,989000,110600,878400,5,Business,1,Approved
VL100516,44,Private Employee,Permanent,51000,16.8,0,Car,Used,486000,87600,398400,2,Business,2,Approved
VL100517,37,Business Owner,Business,82600,0.8,3200,Car,New,951000,266500,684500,5,Business,2,Approved
VL100518,31,Salaried,Permanent,40500,6.1,3500,Motorcycle,Used,46000,17500,28500,3,Commercial,1,Approved
VL100519,27,Private Employee,Permanent,46200,1.5,3500,Scooter,New,66000,17500,48500,2,Personal,0,Approved
VL100520,35,Business Owner,Business,15000,9.8,0,Car,New,716000,62400,653600,5,Personal,0,Approved
VL100521,37,Salaried,Permanent,46700,9.2,500,SUV,New,1359000,258200,1100800,1,Personal,4,Approved
VL100522,36,Salaried,Permanent,55000,6.0,4800,SUV,Used,1152000,306900,845100,1,Personal,3,Approved
VL100523,34,Salaried,Permanent,69000,3.5,3100,Scooter,New,64000,0,64000,5,Commercial,1,Approved
VL100524,37,Self Employed,Self Employed,15000,5.1,2100,Motorcycle,Used,50000,11400,38600,2,Personal,3,Rejected
VL100525,28,Salaried,Permanent,16900,2.0,900,Car,New,747000,160900,586100,3,Business,0,Rejected
VL100526,36,Salaried,Permanent,46600,7.2,4200,Electric Vehicle,New,1206000,472400,733600,2,Commercial,0,Rejected
VL100527,33,Salaried,Permanent,39500,7.6,5100,Scooter,New,87000,17400,69600,5,Business,4,Rejected
VL100528,25,Self Employed,Self Employed,18500,0.4,3300,Car,Used,654000,218100,435900,3,Commercial,2,Rejected
VL100529,34,Private Employee,Permanent,43900,7.7,4600,Car,New,778000,137800,640200,2,Business,4,Rejected
VL100530,34,Government Employee,Permanent,31700,5.7,0,Motorcycle,New,124000,32200,91800,1,Business,2,Approved
VL100531,22,Professional,Contract,24300,0.4,5100,Electric Vehicle,New,1212000,279000,933000,2,Personal,1,Rejected
VL100532,42,Salaried,Permanent,23000,20.8,4100,Car,New,704000,248700,455300,2,Business,2,Rejected
VL100533,30,Salaried,Contract,25000,1.9,400,Scooter,Used,47000,15300,31700,5,Personal,1,Approved
VL100534,34,Private Employee,Permanent,25000,4.6,3000,Scooter,Used,40000,6400,33600,3,Commercial,1,Approved
VL100535,27,Professional,Permanent,17100,3.1,400,Car,New,747000,46000,701000,5,Commercial,2,Rejected
VL100536,32,Business Owner,Business,79000,4.4,4600,Motorcycle,Used,62000,17300,44700,2,Personal,0,Approved
VL100537,53,Self Employed,Self Employed,71600,1.7,11200,Car,New,769000,272700,496300,1,Commercial,1,Approved
VL100538,38,Private Employee,Permanent,59100,18.0,6800,Car,New,956000,59700,896300,3,Personal,2,Approved
VL100539,32,Private Employee,Permanent,33700,12.0,4200,Car,New,756000,271200,484800,2,Personal,1,Approved
VL100540,23,Self Employed,Self Employed,24400,2.5,3300,SUV,New,1504000,187900,1316100,7,Personal,2,Rejected
VL100541,31,Private Employee,Contract,16200,5.1,3400,Motorcycle,Used,55000,17800,37200,5,Personal,4,Rejected
VL100542,30,Government Employee,Permanent,49100,1.6,7500,Car,New,747000,146900,600100,5,Personal,2,Approved
VL100543,38,Business Owner,Business,30500,14.2,3100,Commercial Vehicle,New,2053000,646000,1407000,3,Commercial,1,Approved
VL100544,28,Business Owner,Business,78700,3.8,5800,Car,New,902000,215000,687000,3,Personal,3,Rejected
VL100545,41,Professional,Permanent,37000,7.2,3200,Scooter,Used,48000,14300,33700,2,Commercial,3,Rejected
VL100546,32,Government Employee,Permanent,36300,6.2,2700,Motorcycle,Used,56000,9500,46500,5,Business,1,Approved
VL100547,21,Salaried,Permanent,23600,0.2,2500,Car,New,821000,63800,757200,3,Personal,2,Rejected
VL100548,44,Salaried,Contract,81300,7.9,0,SUV,Used,641000,191400,449600,2,Personal,2,Approved
VL100549,31,Private Employee,Permanent,15000,11.0,1500,Motorcycle,Used,60000,18100,41900,5,Personal,2,Rejected
VL100550,27,Salaried,Permanent,35900,3.1,7200,Scooter,New,64000,10600,53400,2,Personal,2,Rejected
VL100551,33,Self Employed,Self Employed,25400,3.8,2600,Car,New,913000,218400,694600,7,Personal,2,Rejected
VL100552,37,Professional,Permanent,53600,12.3,5100,Car,New,703000,105600,597400,1,Personal,1,Approved
VL100553,29,Salaried,Permanent,36100,1.9,0,SUV,Used,705000,51800,653200,3,Business,1,Approved
VL100554,40,Business Owner,Business,24700,14.7,0,Car,Used,451000,105400,345600,5,Personal,1,Approved
VL100555,26,Salaried,Permanent,40000,2.8,0,Scooter,New,66000,17100,48900,5,Personal,3,Approved
VL100556,44,Private Employee,Contract,63300,5.3,4500,Car,New,866000,143800,722200,3,Personal,1,Rejected
VL100557,21,Salaried,Permanent,41900,0.2,2800,Scooter,New,68000,21600,46400,3,Personal,2,Rejected
VL100558,29,Government Employee,Permanent,48000,1.9,2800,Motorcycle,New,98000,12600,85400,7,Commercial,0,Approved
VL100559,43,Business Owner,Business,57400,12.0,5900,Scooter,Used,49000,15200,33800,5,Personal,3,Rejected
VL100560,29,Salaried,Permanent,30500,3.0,5900,Car,New,925000,92600,832400,7,Personal,4,Rejected
VL100561,30,Business Owner,Business,76500,1.3,11500,Car,New,708000,172100,535900,5,Business,1,Approved
VL100562,21,Government Employee,Permanent,35500,0.1,8200,Commercial Vehicle,New,1629000,342200,1286800,2,Commercial,2,Rejected
VL100563,43,Salaried,Permanent,34900,23.0,0,Commercial Vehicle,New,1792000,519100,1272900,5,Personal,3,Approved
VL100564,33,Self Employed,Self Employed,87300,7.2,10300,Motorcycle,Used,70000,16600,53400,7,Commercial,3,Approved
VL100565,40,Salaried,Permanent,32500,1.9,2500,Car,Used,606000,145200,460800,1,Personal,3,Approved
VL100566,37,Salaried,Permanent,49200,16.7,7400,Car,New,686000,136200,549800,2,Personal,1,Approved
VL100567,21,Salaried,Permanent,16500,0.1,700,Car,Used,561000,140800,420200,3,Commercial,0,Rejected
VL100568,21,Business Owner,Business,19300,0.1,2100,Motorcycle,Used,51000,4500,46500,2,Commercial,2,Rejected
VL100569,28,Private Employee,Permanent,56900,1.3,3500,Commercial Vehicle,New,2037000,0,2037000,2,Commercial,3,Rejected
VL100570,50,Government Employee,Permanent,27200,4.7,3600,Car,New,946000,358700,587300,2,Personal,2,Approved
VL100571,31,Private Employee,Permanent,49900,11.0,9900,Scooter,New,70000,3500,66500,5,Personal,4,Approved
VL100572,49,Salaried,Permanent,68000,24.0,0,Scooter,New,79000,28600,50400,5,Personal,0,Approved
VL100573,21,Salaried,Permanent,22000,0.1,1500,Scooter,Used,43000,5800,37200,7,Commercial,1,Rejected
VL100574,40,Salaried,Permanent,109100,7.6,25800,SUV,New,1660000,557000,1103000,3,Personal,3,Rejected
VL100575,40,Salaried,Permanent,23600,4.6,4200,Motorcycle,Used,77000,25200,51800,1,Personal,4,Rejected
VL100576,22,Salaried,Permanent,43100,0.2,6300,Motorcycle,New,112000,21300,90700,5,Personal,2,Approved
VL100577,21,Private Employee,Permanent,60300,0.2,1900,Scooter,New,80000,15200,64800,3,Commercial,2,Rejected
VL100578,47,Private Employee,Permanent,42500,5.0,1700,Scooter,New,80000,11100,68900,2,Personal,1,Approved
VL100579,26,Private Employee,Permanent,49300,1.9,5500,Electric Vehicle,New,1547000,315600,1231400,5,Personal,0,Approved
VL100580,45,Self Employed,Self Employed,27200,6.3,2400,Electric Vehicle,New,1208000,278600,929400,5,Personal,2,Rejected
VL100581,27,Salaried,Contract,31000,2.9,200,Car,Used,700000,275600,424400,5,Personal,0,Rejected
VL100582,43,Salaried,Permanent,43100,18.1,2600,Electric Vehicle,New,1301000,49000,1252000,3,Personal,1,Approved
VL100583,32,Self Employed,Self Employed,49300,2.5,14400,Scooter,Used,53000,9900,43100,5,Personal,0,Rejected
VL100584,42,Salaried,Permanent,20300,22.0,2700,Motorcycle,New,124000,33200,90800,5,Personal,4,Rejected
VL100585,40,Salaried,Permanent,46100,19.9,0,Car,Used,373000,31200,341800,5,Business,2,Approved
VL100586,47,Self Employed,Self Employed,28700,1.6,6700,Car,New,855000,261500,593500,5,Commercial,2,Rejected
VL100587,47,Business Owner,Business,26500,27.0,1400,Car,New,688000,217300,470700,2,Personal,1,Approved
VL100588,40,Salaried,Permanent,64800,4.3,16000,SUV,Used,758000,210100,547900,7,Personal,1,Approved
VL100589,31,Salaried,Permanent,33300,0.7,5800,Motorcycle,Used,72000,11800,60200,7,Personal,4,Approved
VL100590,21,Government Employee,Permanent,35900,0.8,0,Car,Used,469000,131400,337600,2,Personal,3,Approved
VL100591,32,Government Employee,Permanent,45500,4.2,0,Car,Used,384000,72200,311800,5,Personal,0,Approved
VL100592,32,Professional,Contract,47700,3.6,4700,Motorcycle,New,114000,19000,95000,2,Personal,0,Approved
VL100593,48,Salaried,Permanent,35800,5.6,4900,Car,New,871000,238300,632700,2,Commercial,2,Rejected
VL100594,46,Professional,Permanent,36300,26.0,5400,Motorcycle,New,110000,17200,92800,1,Personal,0,Approved
VL100595,35,Government Employee,Permanent,25600,5.2,4600,Motorcycle,New,116000,33100,82900,2,Personal,1,Rejected
VL100596,39,Salaried,Permanent,39700,3.8,3400,Motorcycle,New,121000,34300,86700,5,Personal,2,Approved
VL100597,50,Government Employee,Permanent,41700,5.2,0,Car,Used,375000,112800,262200,3,Personal,0,Approved
VL100598,28,Private Employee,Permanent,57100,3.5,3900,Motorcycle,New,97000,13000,84000,1,Personal,1,Approved
VL100599,36,Private Employee,Contract,61400,5.2,0,Motorcycle,New,117000,29800,87200,3,Business,4,Approved
VL100600,27,Private Employee,Permanent,27200,2.1,1900,Motorcycle,New,108000,18900,89100,3,Commercial,0,Approved
VL100601,41,Salaried,Permanent,58100,10.1,11400,Scooter,Used,40000,15700,24300,7,Personal,1,Approved
VL100602,30,Professional,Permanent,22600,8.0,5000,Car,New,918000,76300,841700,5,Commercial,0,Rejected
VL100603,21,Salaried,Permanent,40900,0.1,2500,Scooter,Used,41000,8800,32200,3,Personal,0,Approved
VL100604,45,Private Employee,Permanent,61800,3.7,8200,Electric Vehicle,Used,735000,142500,592500,3,Personal,0,Approved
VL100605,33,Private Employee,Contract,65500,2.0,0,Scooter,New,75000,15300,59700,2,Commercial,4,Approved
VL100606,47,Government Employee,Permanent,46300,18.0,8100,Scooter,New,89000,7700,81300,2,Personal,2,Approved
VL100607,45,Self Employed,Self Employed,61200,3.9,2300,Motorcycle,New,103000,13700,89300,3,Business,3,Approved
VL100608,37,Salaried,Contract,43700,17.0,2900,Commercial Vehicle,Used,1303000,99500,1203500,3,Business,0,Approved
VL100609,21,Salaried,Permanent,29300,0.3,4500,Commercial Vehicle,Used,1351000,98400,1252600,3,Business,0,Rejected
VL100610,38,Private Employee,Permanent,63200,3.7,4100,SUV,New,1431000,243900,1187100,5,Business,3,Approved
VL100611,31,Private Employee,Contract,15000,6.0,2100,Motorcycle,Used,45000,18500,26500,5,Commercial,0,Approved
VL100612,55,Self Employed,Self Employed,46600,12.6,3300,SUV,New,1314000,367700,946300,2,Personal,0,Approved
VL100613,39,Private Employee,Permanent,30000,7.4,4000,Car,New,917000,130700,786300,3,Personal,1,Rejected
VL100614,48,Salaried,Permanent,36700,1.1,3600,Car,Used,555000,104100,450900,3,Personal,1,Rejected
VL100615,37,Government Employee,Permanent,104000,2.4,19800,Motorcycle,New,111000,10700,100300,2,Personal,2,Rejected
VL100616,47,Private Employee,Contract,48600,9.6,1900,SUV,Used,938000,0,938000,3,Personal,1,Approved
VL100617,40,Professional,Permanent,27800,20.0,4400,Car,Used,386000,79100,306900,1,Personal,1,Rejected
VL100618,31,Government Employee,Permanent,16200,3.3,1600,Scooter,Used,60000,10900,49100,5,Business,1,Rejected
VL100619,45,Salaried,Permanent,25200,9.6,3400,Motorcycle,New,119000,21900,97100,3,Personal,1,Rejected
VL100620,21,Professional,Contract,55500,0.8,2400,Motorcycle,Used,71000,11500,59500,5,Personal,1,Approved
VL100621,48,Business Owner,Business,29400,15.8,6600,Motorcycle,New,117000,18300,98700,2,Business,2,Rejected
VL100622,48,Private Employee,Permanent,34400,10.2,4800,Car,New,816000,200600,615400,5,Personal,1,Approved
VL100623,39,Private Employee,Permanent,31800,5.4,0,Motorcycle,Used,60000,6100,53900,2,Commercial,1,Rejected
VL100624,30,Professional,Permanent,23800,1.2,4100,Motorcycle,New,99000,20600,78400,2,Commercial,1,Rejected
VL100625,24,Salaried,Contract,82100,4.0,21000,Car,Used,377000,16900,360100,3,Commercial,1,Approved
VL100626,42,Self Employed,Self Employed,40000,7.4,900,Electric Vehicle,Used,880000,327800,552200,3,Personal,1,Approved
VL100627,40,Salaried,Contract,44100,11.8,1000,Motorcycle,Used,89000,24000,65000,7,Personal,1,Approved
VL100628,21,Salaried,Permanent,82900,0.3,17800,Car,Used,382000,54200,327800,5,Personal,1,Approved
VL100629,30,Salaried,Permanent,33600,5.7,1600,Electric Vehicle,New,1479000,250200,1228800,5,Personal,2,Approved
VL100630,21,Salaried,Permanent,29600,1.0,5200,Scooter,Used,40000,10900,29100,7,Business,3,Rejected
VL100631,33,Salaried,Contract,37300,6.4,4400,Motorcycle,New,99000,28100,70900,1,Business,3,Approved
VL100632,29,Private Employee,Permanent,19700,2.1,1200,Motorcycle,New,95000,14400,80600,5,Personal,2,Rejected
VL100633,34,Self Employed,Self Employed,40100,6.5,4200,Motorcycle,New,95000,14300,80700,5,Personal,2,Approved
VL100634,24,Self Employed,Self Employed,35500,0.8,6700,Scooter,New,71000,10400,60600,5,Commercial,1,Rejected
VL100635,46,Salaried,Permanent,33000,19.9,4500,Motorcycle,Used,57000,15200,41800,2,Personal,4,Approved
VL100636,21,Government Employee,Permanent,59100,0.7,1300,SUV,New,1554000,272900,1281100,3,Business,1,Approved
VL100637,42,Government Employee,Permanent,39700,10.0,2800,Car,New,740000,184100,555900,3,Personal,0,Approved
VL100638,44,Government Employee,Permanent,41900,10.4,7500,Commercial Vehicle,New,2083000,490700,1592300,7,Commercial,3,Rejected
VL100639,22,Professional,Permanent,42700,0.3,10300,Car,Used,571000,93000,478000,7,Commercial,2,Approved
VL100640,30,Government Employee,Permanent,44000,3.1,7000,Motorcycle,New,104000,8500,95500,1,Personal,0,Approved
VL100641,35,Private Employee,Permanent,32500,2.4,9500,SUV,New,1275000,376300,898700,3,Commercial,2,Rejected
VL100642,21,Business Owner,Business,18100,0.9,1500,Car,New,801000,170500,630500,2,Personal,0,Rejected
VL100643,32,Private Employee,Permanent,24900,5.0,3900,Scooter,Used,40000,8700,31300,3,Commercial,3,Rejected
VL100644,21,Government Employee,Permanent,31800,0.1,4000,Car,Used,545000,108300,436700,3,Personal,0,Approved
VL100645,32,Salaried,Permanent,49100,12.0,12400,Scooter,New,64000,5700,58300,5,Business,1,Approved
VL100646,28,Self Employed,Self Employed,43600,2.3,4600,Motorcycle,Used,55000,9000,46000,2,Business,2,Rejected
VL100647,36,Self Employed,Self Employed,66500,8.2,12800,Commercial Vehicle,New,1620000,363400,1256600,2,Business,2,Approved
VL100648,30,Business Owner,Business,37300,4.2,3500,Motorcycle,Used,76000,11600,64400,5,Personal,1,Approved
VL100649,37,Private Employee,Permanent,118400,2.4,5300,SUV,New,1254000,293100,960900,5,Personal,2,Approved
VL100650,28,Salaried,Permanent,62900,8.0,15200,Scooter,New,66000,12500,53500,5,Personal,0,Rejected
VL100651,21,Business Owner,Business,26500,0.8,2400,Scooter,Used,48000,3700,44300,3,Personal,4,Rejected
VL100652,31,Salaried,Contract,34200,6.6,4000,Motorcycle,New,101000,3500,97500,2,Personal,1,Approved
VL100653,21,Government Employee,Permanent,29300,0.3,800,Commercial Vehicle,Used,1115000,263600,851400,2,Personal,3,Rejected
VL100654,42,Private Employee,Permanent,49200,4.0,8700,Electric Vehicle,New,1402000,180000,1222000,7,Personal,1,Approved
VL100655,23,Private Employee,Permanent,47000,1.2,0,SUV,New,1465000,254400,1210600,5,Business,0,Approved
VL100656,43,Self Employed,Self Employed,49600,23.0,100,Car,New,894000,111500,782500,5,Business,0,Rejected
VL100657,39,Private Employee,Permanent,15000,2.4,2900,Car,Used,422000,123800,298200,5,Personal,4,Rejected
VL100658,35,Private Employee,Contract,25700,6.6,2700,SUV,New,1662000,129800,1532200,2,Commercial,0,Rejected
VL100659,45,Private Employee,Permanent,23400,7.4,1700,Motorcycle,New,123000,34700,88300,5,Personal,2,Rejected
VL100660,21,Government Employee,Permanent,37900,0.4,400,Car,New,806000,59100,746900,5,Personal,2,Approved
VL100661,33,Professional,Permanent,22900,1.7,3300,Car,Used,565000,142000,423000,5,Personal,2,Rejected
VL100662,34,Salaried,Permanent,27500,4.2,4700,SUV,New,1494000,277500,1216500,2,Personal,2,Rejected
VL100663,30,Private Employee,Permanent,20700,0.3,2800,Motorcycle,New,107000,22300,84700,3,Commercial,2,Rejected
VL100664,34,Professional,Permanent,39000,6.6,0,Commercial Vehicle,New,1766000,398600,1367400,3,Personal,0,Approved
VL100665,32,Salaried,Contract,82100,0.4,15800,Car,New,749000,138000,611000,5,Commercial,2,Rejected
VL100666,21,Private Employee,Permanent,51100,0.2,6500,Car,New,760000,198700,561300,2,Business,1,Rejected
VL100667,38,Salaried,Permanent,57700,18.0,3600,SUV,Used,1014000,163800,850200,1,Personal,0,Approved
VL100668,29,Self Employed,Self Employed,90500,6.5,10000,Car,Used,390000,35600,354400,2,Commercial,4,Approved
VL100669,36,Private Employee,Permanent,52500,1.2,700,Car,New,939000,147800,791200,3,Personal,0,Approved
VL100670,34,Professional,Permanent,45300,11.0,6800,Car,New,707000,114100,592900,3,Personal,2,Approved
VL100671,43,Government Employee,Permanent,16500,11.3,1400,SUV,Used,882000,194600,687400,3,Business,1,Approved
VL100672,50,Professional,Permanent,56600,5.1,9500,Motorcycle,New,105000,10200,94800,5,Personal,2,Approved
VL100673,21,Government Employee,Permanent,29100,0.1,4000,Motorcycle,Used,59000,16700,42300,2,Personal,3,Approved
VL100674,44,Professional,Permanent,43700,9.4,5400,Motorcycle,New,118000,37700,80300,3,Personal,0,Approved
VL100675,40,Salaried,Permanent,51400,12.1,7500,Commercial Vehicle,New,1785000,309900,1475100,3,Commercial,3,Approved
VL100676,37,Private Employee,Contract,33300,3.6,5600,Motorcycle,New,111000,27800,83200,3,Personal,1,Rejected
VL100677,43,Private Employee,Permanent,38000,8.7,100,Car,Used,452000,175700,276300,7,Business,0,Approved
VL100678,50,Self Employed,Self Employed,17700,25.2,3200,SUV,Used,638000,137000,501000,3,Personal,2,Approved
VL100679,29,Salaried,Permanent,21700,3.6,0,Motorcycle,Used,47000,4100,42900,2,Personal,3,Approved
VL100680,62,Self Employed,Self Employed,36500,13.3,3300,Motorcycle,Used,70000,11900,58100,2,Business,2,Approved
VL100681,22,Government Employee,Permanent,15000,1.0,3200,Scooter,New,89000,12600,76400,5,Business,2,Rejected
VL100682,31,Government Employee,Permanent,76500,3.2,9000,Motorcycle,New,124000,27300,96700,5,Personal,1,Approved
VL100683,40,Salaried,Permanent,33800,1.6,2700,Motorcycle,Used,55000,16900,38100,3,Personal,0,Approved
VL100684,29,Salaried,Contract,42200,3.4,2600,Car,New,716000,28600,687400,5,Personal,0,Rejected
VL100685,33,Private Employee,Contract,18300,2.1,200,SUV,New,1574000,504700,1069300,7,Personal,2,Rejected
VL100686,39,Salaried,Contract,26200,2.8,6400,Car,Used,672000,149700,522300,2,Personal,3,Rejected
VL100687,36,Salaried,Permanent,31200,4.0,0,SUV,New,1456000,383400,1072600,2,Commercial,4,Rejected
VL100688,50,Professional,Permanent,15000,6.9,100,SUV,New,1206000,288100,917900,2,Personal,2,Approved
VL100689,46,Salaried,Contract,42000,8.5,0,Scooter,New,65000,9300,55700,7,Commercial,0,Approved
VL100690,29,Salaried,Permanent,61800,2.3,14100,Car,New,697000,169600,527400,2,Commercial,0,Approved
VL100691,37,Private Employee,Contract,35900,6.1,2900,Motorcycle,New,126000,36800,89200,5,Personal,1,Approved
VL100692,43,Salaried,Permanent,37700,13.0,5800,Electric Vehicle,Used,584000,181300,402700,5,Personal,2,Approved
VL100693,21,Government Employee,Permanent,33000,0.2,4900,SUV,New,1617000,485800,1131200,1,Commercial,1,Rejected
VL100694,36,Private Employee,Permanent,24900,2.7,3600,Car,Used,642000,99900,542100,5,Personal,1,Rejected
VL100695,31,Salaried,Permanent,36700,8.9,4100,Scooter,New,80000,25600,54400,3,Commercial,3,Rejected
VL100696,34,Salaried,Permanent,38000,5.1,4400,Commercial Vehicle,Used,750000,221500,528500,3,Commercial,3,Approved
VL100697,51,Salaried,Permanent,46300,13.4,9400,Commercial Vehicle,Used,1180000,334400,845600,3,Personal,4,Rejected
VL100698,42,Salaried,Permanent,24800,6.6,2600,Scooter,Used,40000,3800,36200,5,Commercial,2,Approved
VL100699,38,Private Employee,Permanent,35800,3.5,1700,SUV,New,1287000,196200,1090800,5,Commercial,0,Rejected
VL100700,28,Salaried,Permanent,28300,1.6,5700,Car,New,693000,147700,545300,5,Personal,1,Rejected
VL100701,45,Government Employee,Permanent,31100,13.9,4400,Motorcycle,Used,90000,25000,65000,5,Personal,1,Approved
VL100702,24,Salaried,Contract,41600,4.0,0,Motorcycle,Used,52000,3600,48400,3,Personal,1,Rejected
VL100703,33,Professional,Permanent,15000,1.9,1000,Car,Used,519000,50800,468200,7,Commercial,0,Approved
VL100704,38,Business Owner,Business,56800,8.4,4800,SUV,New,1606000,337000,1269000,7,Business,2,Approved
VL100705,37,Self Employed,Self Employed,41400,10.4,9000,SUV,New,1242000,129400,1112600,2,Commercial,0,Approved
VL100706,31,Self Employed,Self Employed,65200,6.7,6900,SUV,New,1550000,257600,1292400,5,Business,2,Approved
VL100707,28,Professional,Permanent,15000,3.2,600,Car,Used,543000,103200,439800,1,Personal,1,Approved
VL100708,50,Salaried,Permanent,53100,13.0,800,Electric Vehicle,Used,723000,13400,709600,3,Business,0,Approved
VL100709,23,Professional,Permanent,23000,3.0,2400,Electric Vehicle,Used,785000,173200,611800,3,Personal,1,Rejected
VL100710,43,Private Employee,Permanent,52800,3.0,9500,Commercial Vehicle,Used,1332000,244800,1087200,3,Business,0,Approved
VL100711,32,Salaried,Permanent,51900,2.8,12500,Commercial Vehicle,Used,1183000,71400,1111600,2,Personal,2,Rejected
VL100712,26,Private Employee,Permanent,81600,6.0,0,Car,New,835000,121700,713300,3,Personal,2,Approved
VL100713,31,Self Employed,Self Employed,43300,2.5,5100,Commercial Vehicle,New,1951000,523300,1427700,2,Commercial,1,Approved
VL100714,32,Self Employed,Self Employed,15000,3.4,1000,SUV,Used,1000000,166800,833200,7,Personal,0,Rejected
VL100715,24,Government Employee,Permanent,28800,0.8,2600,Car,Used,398000,79000,319000,7,Personal,1,Approved
VL100716,47,Private Employee,Permanent,43600,8.7,1800,Scooter,New,65000,14400,50600,5,Personal,2,Approved
VL100717,37,Private Employee,Permanent,37300,4.5,0,Scooter,Used,50000,1400,48600,3,Personal,0,Approved
VL100718,25,Government Employee,Permanent,22100,0.9,2900,Car,New,778000,253300,524700,5,Commercial,0,Rejected
VL100719,27,Business Owner,Business,49300,1.5,3500,Car,Used,432000,103200,328800,5,Personal,3,Approved
VL100720,21,Government Employee,Permanent,114000,1.0,18700,Car,New,910000,213900,696100,1,Commercial,1,Approved
VL100721,37,Salaried,Contract,37900,16.3,4100,Scooter,New,72000,18400,53600,3,Commercial,2,Rejected
VL100722,31,Salaried,Permanent,59200,1.7,13700,Motorcycle,Used,64000,12200,51800,3,Personal,3,Approved
VL100723,21,Salaried,Permanent,41900,0.1,8500,Scooter,New,82000,16100,65900,1,Commercial,1,Rejected
VL100724,25,Private Employee,Permanent,24600,0.5,6500,SUV,Used,760000,306300,453700,3,Personal,1,Approved
VL100725,28,Salaried,Permanent,19600,2.4,600,Motorcycle,New,108000,7400,100600,5,Business,3,Rejected
VL100726,26,Government Employee,Permanent,40000,3.0,8200,Car,New,784000,198800,585200,7,Personal,2,Approved
VL100727,57,Private Employee,Permanent,39900,19.9,4400,Motorcycle,Used,62000,6500,55500,2,Personal,0,Approved
VL100728,43,Salaried,Permanent,30600,19.4,4500,Scooter,New,81000,26300,54700,7,Personal,2,Rejected
VL100729,22,Private Employee,Permanent,36900,0.4,3800,Electric Vehicle,Used,592000,122200,469800,7,Personal,0,Approved
VL100730,39,Self Employed,Self Employed,22500,16.4,2600,Electric Vehicle,New,1554000,112700,1441300,3,Personal,1,Rejected
VL100731,32,Self Employed,Self Employed,35100,2.8,2500,Car,Used,408000,100600,307400,1,Personal,0,Approved
VL100732,36,Salaried,Permanent,36600,1.6,7500,Motorcycle,Used,63000,18600,44400,3,Personal,3,Approved
VL100733,31,Government Employee,Permanent,26600,6.3,1000,Motorcycle,New,96000,22100,73900,3,Personal,2,Rejected
VL100734,40,Salaried,Permanent,21800,5.4,2300,Car,New,818000,228000,590000,5,Personal,2,Rejected
VL100735,46,Salaried,Contract,20200,16.2,3200,Car,New,857000,280800,576200,1,Personal,0,Rejected
VL100736,35,Self Employed,Self Employed,92800,0.1,6900,Car,New,691000,186800,504200,3,Business,2,Approved
VL100737,25,Business Owner,Business,21700,1.4,3900,Motorcycle,New,118000,19000,99000,1,Personal,1,Rejected
VL100738,34,Salaried,Permanent,38700,4.6,2900,Electric Vehicle,New,1207000,388300,818700,1,Personal,3,Approved
VL100739,41,Salaried,Permanent,51900,6.1,4500,Car,New,797000,192500,604500,3,Commercial,1,Approved
VL100740,42,Government Employee,Permanent,60200,1.2,12100,Commercial Vehicle,New,2000000,311000,1689000,3,Personal,4,Approved
VL100741,32,Private Employee,Contract,90800,5.9,5800,Car,Used,363000,86900,276100,5,Commercial,1,Approved
VL100742,21,Professional,Contract,19800,0.1,3700,Scooter,Used,40000,9400,30600,1,Personal,1,Rejected
VL100743,44,Private Employee,Permanent,35100,12.4,5500,Motorcycle,New,105000,22300,82700,3,Personal,1,Approved
VL100744,32,Professional,Permanent,23400,0.8,6200,Car,New,731000,58200,672800,7,Business,3,Rejected
VL100745,38,Government Employee,Permanent,40300,6.8,2400,Electric Vehicle,New,1106000,339800,766200,7,Personal,4,Rejected
VL100746,52,Salaried,Permanent,24800,4.5,1900,Car,New,759000,203200,555800,3,Personal,2,Approved
VL100747,39,Private Employee,Permanent,37200,2.1,4600,SUV,New,1647000,241600,1405400,5,Personal,3,Rejected
VL100748,40,Government Employee,Permanent,23000,20.0,1800,Car,New,745000,183000,562000,1,Personal,0,Rejected
VL100749,33,Self Employed,Self Employed,21100,13.0,2900,Electric Vehicle,New,1244000,286800,957200,5,Personal,2,Rejected
VL100750,40,Government Employee,Permanent,23500,4.5,2700,Motorcycle,New,129000,7700,121300,7,Commercial,1,Rejected
VL100751,21,Private Employee,Permanent,21100,0.2,100,Car,New,859000,165700,693300,3,Personal,0,Rejected
VL100752,21,Government Employee,Permanent,42000,0.4,1700,Scooter,New,83000,19000,64000,2,Personal,1,Approved
VL100753,36,Self Employed,Self Employed,30900,3.2,7400,Electric Vehicle,New,1491000,520300,970700,2,Personal,2,Rejected
VL100754,21,Business Owner,Business,38400,0.7,2700,Motorcycle,New,113000,23600,89400,1,Business,1,Approved
VL100755,49,Salaried,Permanent,17900,6.3,2400,Car,New,787000,278000,509000,1,Personal,3,Rejected
VL100756,43,Professional,Permanent,39300,6.0,2100,Motorcycle,New,103000,18100,84900,3,Personal,1,Rejected
VL100757,49,Private Employee,Permanent,30100,7.7,1300,Motorcycle,New,97000,17600,79400,3,Personal,2,Approved
VL100758,31,Self Employed,Self Employed,64900,1.7,12200,Motorcycle,Used,52000,2800,49200,2,Business,4,Rejected
VL100759,37,Salaried,Permanent,88700,3.7,10900,Commercial Vehicle,New,1631000,319300,1311700,5,Personal,3,Approved
VL100760,33,Salaried,Contract,44100,3.0,1200,Motorcycle,New,129000,21400,107600,3,Personal,2,Approved
VL100761,31,Professional,Permanent,50600,1.1,6000,Scooter,New,76000,11500,64500,2,Personal,4,Rejected
VL100762,25,Government Employee,Permanent,31500,1.1,4200,Scooter,Used,43000,6600,36400,3,Personal,3,Approved
VL100763,31,Salaried,Permanent,41700,4.1,10000,Motorcycle,Used,53000,6100,46900,1,Personal,0,Approved
VL100764,27,Government Employee,Permanent,30900,1.0,0,SUV,Used,587000,70200,516800,7,Personal,3,Approved
VL100765,38,Professional,Permanent,37900,6.7,7200,Scooter,New,80000,16200,63800,3,Business,0,Rejected
VL100766,29,Salaried,Permanent,31100,5.1,2200,Car,Used,388000,99700,288300,3,Personal,0,Approved
VL100767,46,Private Employee,Permanent,41300,12.2,10700,Motorcycle,Used,43000,14000,29000,5,Business,2,Rejected
VL100768,27,Private Employee,Permanent,44600,1.1,10400,SUV,New,1475000,346500,1128500,2,Personal,2,Rejected
VL100769,32,Government Employee,Permanent,38100,8.3,9500,SUV,New,1418000,83100,1334900,5,Personal,4,Approved
VL100770,37,Private Employee,Permanent,40000,14.3,2800,Commercial Vehicle,Used,1407000,321500,1085500,3,Business,1,Rejected
VL100771,33,Private Employee,Permanent,79800,7.7,100,Car,New,903000,289000,614000,5,Business,2,Approved
VL100772,29,Professional,Contract,35100,0.5,3600,SUV,New,1467000,331700,1135300,2,Personal,0,Approved
VL100773,41,Self Employed,Self Employed,51400,3.9,1700,Motorcycle,Used,49000,15200,33800,3,Personal,1,Approved
VL100774,31,Business Owner,Business,33200,2.5,3200,SUV,New,1330000,227500,1102500,3,Commercial,1,Rejected
VL100775,44,Salaried,Permanent,51300,5.6,0,Electric Vehicle,New,1118000,166400,951600,2,Personal,4,Approved
VL100776,33,Government Employee,Permanent,56000,2.4,3900,Motorcycle,Used,72000,11000,61000,1,Personal,2,Approved
VL100777,39,Private Employee,Permanent,57600,6.0,12400,SUV,Used,867000,214400,652600,3,Personal,3,Approved
VL100778,38,Private Employee,Permanent,52800,1.4,6400,Motorcycle,New,130000,15400,114600,3,Commercial,1,Approved
VL100779,21,Government Employee,Permanent,62300,0.4,1100,Motorcycle,Used,54000,9400,44600,5,Personal,2,Approved
VL100780,51,Professional,Permanent,24000,16.3,3600,Car,Used,492000,116000,376000,5,Personal,4,Rejected
VL100781,21,Self Employed,Self Employed,22800,1.0,1200,SUV,New,1559000,500800,1058200,2,Personal,1,Rejected
VL100782,44,Self Employed,Self Employed,64900,21.6,12700,Electric Vehicle,New,1357000,169700,1187300,3,Commercial,0,Approved
VL100783,30,Private Employee,Permanent,24200,3.7,4300,Motorcycle,Used,82000,26900,55100,1,Business,4,Approved
VL100784,34,Private Employee,Contract,39700,8.2,6100,SUV,Used,760000,254300,505700,5,Personal,2,Approved
VL100785,28,Professional,Contract,62800,3.5,15100,Electric Vehicle,New,1272000,133200,1138800,5,Commercial,2,Approved
VL100786,43,Business Owner,Business,33100,3.8,2800,Motorcycle,New,96000,15200,80800,1,Personal,1,Approved
VL100787,27,Salaried,Permanent,29000,1.7,7500,Scooter,New,75000,11200,63800,5,Personal,3,Rejected
VL100788,24,Private Employee,Permanent,21900,0.8,3100,Car,Used,330000,36700,293300,5,Personal,3,Rejected
VL100789,46,Self Employed,Self Employed,42300,15.3,7000,Car,Used,490000,109400,380600,3,Personal,2,Rejected
VL100790,46,Salaried,Permanent,39100,7.2,0,Motorcycle,Used,81000,22500,58500,5,Personal,3,Approved
VL100791,33,Private Employee,Permanent,74900,13.0,6700,SUV,Used,877000,181300,695700,5,Commercial,2,Approved
VL100792,23,Business Owner,Business,44400,0.9,3600,Scooter,Used,52000,10200,41800,3,Personal,4,Approved
VL100793,30,Salaried,Permanent,71700,0.6,800,Car,Used,583000,201000,382000,7,Personal,0,Approved
VL100794,30,Government Employee,Permanent,60900,0.7,1600,Motorcycle,Used,47000,7200,39800,2,Personal,0,Approved
VL100795,43,Business Owner,Business,53400,11.6,10600,Motorcycle,New,121000,25700,95300,3,Personal,1,Approved
VL100796,48,Private Employee,Contract,24800,6.9,3800,Scooter,New,77000,14700,62300,1,Business,2,Rejected
VL100797,39,Professional,Permanent,70700,11.8,11100,Electric Vehicle,New,1162000,158900,1003100,2,Business,1,Rejected
VL100798,32,Professional,Permanent,26400,6.2,7100,Car,Used,532000,68900,463100,7,Personal,2,Rejected
VL100799,24,Salaried,Permanent,32100,2.3,4600,Commercial Vehicle,Used,1226000,280700,945300,5,Commercial,0,Rejected
VL100800,39,Salaried,Permanent,27600,8.7,5900,Commercial Vehicle,New,1606000,554400,1051600,3,Commercial,1,Rejected
VL100801,40,Salaried,Permanent,41800,6.2,5300,Scooter,New,86000,20700,65300,3,Personal,2,Approved
VL100802,22,Salaried,Permanent,26400,2.0,1400,Car,New,689000,75200,613800,3,Commercial,2,Approved
VL100803,32,Self Employed,Self Employed,17600,1.3,1800,Scooter,New,82000,11300,70700,5,Business,1,Rejected
VL100804,41,Private Employee,Permanent,135300,4.9,21100,SUV,Used,833000,181700,651300,3,Business,2,Rejected
VL100805,31,Private Employee,Permanent,20500,1.3,0,Electric Vehicle,New,1472000,208300,1263700,3,Commercial,1,Rejected
VL100806,34,Self Employed,Self Employed,67400,4.5,8200,Motorcycle,New,112000,25800,86200,1,Commercial,0,Approved
VL100807,42,Salaried,Permanent,59200,22.0,8300,Car,New,910000,227300,682700,3,Commercial,1,Approved
VL100808,34,Government Employee,Permanent,48400,3.8,2100,Scooter,Used,40000,6700,33300,2,Commercial,1,Approved
VL100809,21,Government Employee,Permanent,33700,1.0,0,Scooter,New,73000,100,72900,1,Commercial,2,Approved
VL100810,44,Salaried,Permanent,20200,17.5,2900,SUV,New,1466000,288500,1177500,5,Personal,0,Rejected
VL100811,38,Business Owner,Business,41000,1.9,4500,Commercial Vehicle,Used,820000,237700,582300,5,Business,0,Rejected
VL100812,21,Business Owner,Business,64700,0.3,12700,Motorcycle,New,115000,27300,87700,3,Personal,3,Rejected
VL100813,42,Self Employed,Self Employed,50000,14.9,5700,Scooter,New,77000,26300,50700,7,Personal,1,Approved
VL100814,26,Salaried,Contract,38800,1.6,0,SUV,Used,567000,153000,414000,3,Personal,2,Approved
VL100815,42,Government Employee,Permanent,77900,3.6,8000,Car,Used,629000,98100,530900,1,Business,4,Rejected
VL100816,22,Salaried,Permanent,53000,1.5,8600,Car,New,958000,144100,813900,5,Business,0,Rejected
VL100817,39,Professional,Permanent,34400,2.0,0,Scooter,New,87000,15300,71700,5,Business,1,Approved
VL100818,36,Private Employee,Contract,52100,16.0,0,Electric Vehicle,Used,1129000,186300,942700,5,Personal,1,Approved
VL100819,25,Salaried,Contract,36100,3.9,5600,Motorcycle,New,107000,23300,83700,5,Business,3,Rejected
VL100820,34,Salaried,Permanent,19500,9.5,3700,Motorcycle,Used,74000,7200,66800,3,Commercial,0,Rejected
VL100821,48,Salaried,Contract,106100,16.4,8600,Car,Used,431000,58000,373000,3,Commercial,4,Approved
VL100822,51,Self Employed,Self Employed,48700,10.6,6400,Electric Vehicle,Used,704000,121200,582800,1,Personal,4,Approved
VL100823,31,Private Employee,Contract,15000,6.1,400,Commercial Vehicle,New,1993000,402300,1590700,3,Personal,1,Rejected
VL100824,43,Self Employed,Self Employed,56900,5.5,3200,SUV,Used,628000,170500,457500,5,Commercial,0,Approved
VL100825,21,Private Employee,Permanent,68000,0.1,9300,Scooter,New,64000,10200,53800,2,Personal,3,Approved
VL100826,46,Private Employee,Permanent,54800,2.2,6300,Scooter,Used,44000,400,43600,1,Business,0,Approved
VL100827,43,Private Employee,Permanent,68400,4.7,9000,Car,Used,523000,151500,371500,3,Personal,3,Approved
VL100828,49,Business Owner,Business,48400,12.1,6700,Motorcycle,New,112000,19800,92200,5,Personal,4,Approved
VL100829,29,Self Employed,Self Employed,27600,4.8,7900,Car,New,733000,132000,601000,7,Business,1,Rejected
VL100830,29,Private Employee,Permanent,45600,5.3,0,Scooter,New,89000,24000,65000,2,Personal,0,Approved
VL100831,45,Self Employed,Self Employed,72500,7.8,11000,Car,Used,378000,113000,265000,2,Commercial,2,Approved
VL100832,37,Salaried,Permanent,66900,3.5,3800,Scooter,New,89000,21200,67800,7,Commercial,1,Approved
VL100833,34,Salaried,Permanent,22800,7.6,800,Motorcycle,New,117000,23700,93300,5,Commercial,2,Approved
VL100834,41,Private Employee,Permanent,71800,7.1,9600,Commercial Vehicle,New,1659000,294900,1364100,3,Personal,2,Approved
VL100835,40,Professional,Permanent,31400,10.5,3800,Scooter,New,74000,8000,66000,5,Commercial,2,Rejected
VL100836,35,Salaried,Permanent,34900,7.1,5700,Scooter,Used,56000,12500,43500,3,Personal,1,Approved
VL100837,43,Salaried,Permanent,38100,19.2,4200,Car,New,689000,65000,624000,1,Personal,3,Approved
VL100838,38,Business Owner,Business,93500,2.5,3000,Scooter,Used,44000,8700,35300,5,Commercial,1,Approved
VL100839,34,Private Employee,Contract,19500,7.9,0,Motorcycle,New,105000,39000,66000,5,Personal,4,Approved
VL100840,21,Self Employed,Self Employed,31400,0.1,1700,Car,Used,396000,28900,367100,7,Personal,2,Rejected
VL100841,30,Private Employee,Contract,50900,9.2,8000,SUV,New,1619000,385200,1233800,3,Personal,2,Approved
VL100842,37,Professional,Contract,39500,9.7,7100,Electric Vehicle,Used,673000,110800,562200,5,Personal,1,Approved
VL100843,21,Private Employee,Permanent,39200,0.4,0,Electric Vehicle,New,1315000,172900,1142100,5,Business,2,Approved
VL100844,22,Salaried,Permanent,61700,0.6,4900,SUV,New,1345000,210600,1134400,1,Business,4,Approved
VL100845,21,Salaried,Contract,20500,0.0,1500,Motorcycle,New,124000,26000,98000,2,Personal,0,Rejected
VL100846,33,Private Employee,Permanent,30200,1.3,3700,Car,New,939000,383400,555600,3,Business,2,Rejected
VL100847,33,Government Employee,Permanent,136300,3.6,6200,Electric Vehicle,New,1200000,328900,871100,3,Personal,2,Approved
VL100848,22,Salaried,Permanent,25200,0.6,0,Electric Vehicle,New,1125000,288200,836800,3,Commercial,1,Rejected
VL100849,25,Government Employee,Permanent,42700,0.6,3000,Car,New,875000,133900,741100,5,Personal,0,Rejected
VL100850,45,Professional,Permanent,32500,9.6,6400,SUV,New,1580000,165600,1414400,3,Commercial,1,Approved
VL100851,39,Salaried,Permanent,16800,2.3,0,Car,New,764000,102000,662000,5,Personal,2,Rejected
VL100852,39,Business Owner,Business,24700,10.0,100,Commercial Vehicle,Used,1133000,353700,779300,5,Personal,2,Approved
VL100853,22,Government Employee,Permanent,24900,1.2,2200,Motorcycle,New,123000,19000,104000,7,Business,4,Rejected
VL100854,38,Salaried,Permanent,59900,15.7,3100,Electric Vehicle,New,1156000,257000,899000,2,Business,4,Approved
VL100855,30,Salaried,Contract,26100,2.8,200,Car,New,837000,171000,666000,5,Personal,1,Approved
VL100856,21,Salaried,Permanent,67700,0.2,2900,Car,Used,395000,84300,310700,5,Personal,2,Approved
VL100857,23,Professional,Contract,28000,0.7,3500,Electric Vehicle,New,1520000,289900,1230100,7,Commercial,3,Rejected
VL100858,43,Salaried,Permanent,48400,10.0,5800,Electric Vehicle,New,1169000,287600,881400,5,Business,3,Approved
VL100859,21,Salaried,Permanent,45000,0.4,7600,Commercial Vehicle,Used,1080000,144900,935100,3,Commercial,0,Rejected
VL100860,57,Private Employee,Permanent,39100,12.2,5900,Car,New,889000,229000,660000,3,Personal,1,Rejected
VL100861,21,Salaried,Permanent,56700,1.0,0,Electric Vehicle,Used,756000,289200,466800,5,Personal,0,Approved
VL100862,43,Government Employee,Permanent,41900,8.2,6000,Car,Used,422000,86000,336000,2,Commercial,1,Approved
VL100863,37,Salaried,Permanent,54000,7.5,8300,Motorcycle,New,127000,21700,105300,5,Personal,3,Approved
VL100864,41,Private Employee,Permanent,19000,15.0,1100,SUV,New,1363000,254800,1108200,5,Personal,1,Rejected
VL100865,40,Government Employee,Permanent,22000,20.0,4400,Commercial Vehicle,New,1734000,466500,1267500,5,Business,2,Rejected
VL100866,43,Private Employee,Permanent,28900,15.1,1400,Scooter,New,82000,7600,74400,2,Commercial,0,Approved
VL100867,33,Salaried,Permanent,22800,6.0,4200,Motorcycle,New,101000,31400,69600,3,Personal,0,Approved
VL100868,37,Business Owner,Business,43400,17.0,6400,Motorcycle,New,121000,25500,95500,5,Personal,0,Approved
VL100869,37,Private Employee,Permanent,38500,4.5,3300,Commercial Vehicle,Used,1269000,296800,972200,3,Business,1,Approved
VL100870,39,Salaried,Contract,78100,1.2,1600,Car,New,804000,154500,649500,3,Personal,2,Approved
VL100871,35,Private Employee,Permanent,53700,5.3,2900,Electric Vehicle,New,1527000,307100,1219900,3,Personal,1,Rejected
VL100872,44,Professional,Permanent,29000,6.0,1300,Electric Vehicle,New,1436000,171700,1264300,5,Personal,2,Approved
VL100873,23,Government Employee,Permanent,40900,1.7,10000,Car,New,904000,107900,796100,3,Personal,0,Approved
VL100874,40,Business Owner,Business,56300,3.0,10500,Commercial Vehicle,Used,1414000,125200,1288800,2,Personal,1,Rejected
VL100875,30,Government Employee,Permanent,52400,4.3,9400,Car,Used,447000,32700,414300,3,Personal,0,Approved
VL100876,35,Salaried,Permanent,40800,3.9,5100,SUV,Used,1065000,331700,733300,3,Business,1,Approved
VL100877,54,Business Owner,Business,25200,4.8,1500,Motorcycle,Used,42000,7900,34100,3,Personal,0,Rejected
VL100878,46,Salaried,Permanent,38200,20.3,6100,Motorcycle,Used,64000,15000,49000,5,Personal,0,Approved
VL100879,21,Professional,Permanent,24000,0.5,600,Motorcycle,Used,42000,9900,32100,1,Personal,1,Approved
VL100880,30,Business Owner,Business,53900,5.5,12000,Car,New,690000,146700,543300,3,Personal,2,Approved
VL100881,27,Self Employed,Self Employed,54400,3.6,0,SUV,New,1524000,405200,1118800,3,Personal,1,Approved
VL100882,40,Salaried,Permanent,29200,15.1,400,Scooter,New,88000,28300,59700,5,Commercial,3,Approved
VL100883,45,Business Owner,Business,41600,7.2,6300,Car,New,832000,176500,655500,3,Commercial,0,Approved
VL100884,25,Professional,Permanent,42100,2.8,3200,Motorcycle,Used,89000,12400,76600,7,Business,2,Approved
VL100885,32,Salaried,Contract,39800,2.6,7900,Scooter,Used,63000,19400,43600,5,Business,1,Rejected
VL100886,35,Business Owner,Business,26600,4.5,5300,Car,New,842000,59500,782500,3,Commercial,1,Rejected
VL100887,29,Business Owner,Business,27400,0.9,0,Motorcycle,Used,59000,15300,43700,3,Business,1,Approved
VL100888,35,Salaried,Contract,52400,15.0,1700,Car,New,855000,182600,672400,3,Personal,1,Approved
VL100889,41,Private Employee,Permanent,45600,18.1,1400,Car,New,850000,219500,630500,5,Personal,3,Rejected
VL100890,39,Business Owner,Business,51400,19.0,8800,Car,New,722000,74500,647500,7,Personal,1,Approved
VL100891,29,Salaried,Permanent,40200,1.4,0,Electric Vehicle,Used,826000,216400,609600,2,Personal,1,Approved
VL100892,48,Government Employee,Permanent,19800,16.9,0,SUV,Used,963000,166700,796300,3,Personal,2,Approved
VL100893,21,Professional,Permanent,39800,0.3,700,Commercial Vehicle,Used,1173000,177400,995600,3,Personal,2,Approved
VL100894,21,Salaried,Permanent,36800,0.2,5300,Electric Vehicle,Used,548000,186100,361900,3,Personal,2,Rejected
VL100895,30,Salaried,Permanent,28200,10.0,7200,SUV,New,1541000,450700,1090300,3,Personal,0,Rejected
VL100896,37,Professional,Permanent,16400,2.9,0,Electric Vehicle,New,1309000,316900,992100,2,Personal,1,Rejected
VL100897,24,Salaried,Contract,19800,1.6,600,Commercial Vehicle,Used,1094000,247400,846600,3,Personal,3,Rejected
VL100898,56,Private Employee,Contract,25600,7.6,2800,Motorcycle,New,115000,14600,100400,5,Personal,2,Rejected
VL100899,35,Self Employed,Self Employed,36600,4.7,6800,Commercial Vehicle,New,1781000,236000,1545000,5,Personal,1,Rejected
VL100900,33,Salaried,Permanent,53300,3.2,14100,Motorcycle,New,117000,29100,87900,3,Commercial,3,Rejected
VL100901,43,Private Employee,Permanent,72500,11.1,9200,Car,New,757000,72700,684300,3,Personal,2,Approved
VL100902,21,Salaried,Permanent,29900,0.1,4800,Electric Vehicle,New,1308000,392200,915800,3,Business,4,Approved
VL100903,47,Business Owner,Business,48200,27.0,5100,Car,New,754000,235600,518400,5,Business,2,Approved
VL100904,23,Salaried,Permanent,42500,1.8,9200,Commercial Vehicle,Used,1250000,369700,880300,2,Business,0,Approved
VL100905,23,Self Employed,Self Employed,61800,0.9,3400,Car,New,693000,177300,515700,2,Personal,1,Approved
VL100906,35,Salaried,Permanent,72300,4.4,7300,Car,Used,486000,59000,427000,2,Personal,2,Approved
VL100907,29,Government Employee,Permanent,67700,6.9,0,Motorcycle,New,118000,13900,104100,3,Commercial,4,Approved
VL100908,41,Business Owner,Business,52800,8.2,8400,Scooter,Used,41000,13100,27900,5,Personal,1,Approved
VL100909,30,Professional,Permanent,35700,5.5,8100,Motorcycle,Used,68000,16000,52000,5,Personal,1,Approved
VL100910,42,Business Owner,Business,39300,5.6,6000,Motorcycle,New,98000,26200,71800,2,Personal,2,Approved
VL100911,40,Business Owner,Business,38400,13.9,1500,Motorcycle,Used,82000,25800,56200,1,Commercial,2,Approved
VL100912,37,Government Employee,Permanent,32000,7.7,0,SUV,Used,560000,215600,344400,5,Commercial,2,Approved
VL100913,34,Self Employed,Self Employed,22200,2.6,5200,Commercial Vehicle,New,2090000,267500,1822500,5,Personal,1,Rejected
VL100914,30,Salaried,Contract,15000,4.7,300,Car,New,803000,253100,549900,3,Commercial,0,Approved
VL100915,32,Professional,Contract,17900,10.3,1300,Scooter,New,83000,4400,78600,3,Personal,0,Approved
VL100916,34,Salaried,Permanent,32700,4.2,0,Scooter,New,77000,13300,63700,2,Personal,1,Approved
VL100917,41,Private Employee,Permanent,36500,11.0,5000,SUV,Used,738000,69100,668900,2,Business,0,Approved
VL100918,35,Government Employee,Permanent,44500,6.3,10900,Car,New,726000,179600,546400,5,Personal,2,Rejected
VL100919,28,Government Employee,Permanent,38100,3.3,4200,Car,New,726000,262200,463800,3,Personal,0,Approved
VL100920,41,Self Employed,Self Employed,51500,6.9,10700,Motorcycle,Used,48000,6500,41500,5,Commercial,0,Approved
VL100921,30,Salaried,Permanent,34400,2.2,900,Commercial Vehicle,New,1791000,83800,1707200,3,Personal,2,Approved
VL100922,47,Government Employee,Permanent,57600,4.2,5300,Car,New,860000,96600,763400,7,Personal,2,Approved
VL100923,39,Salaried,Contract,48000,5.7,5500,Car,Used,412000,37800,374200,3,Commercial,0,Approved
VL100924,47,Professional,Contract,27600,10.8,1000,SUV,New,1473000,0,1473000,2,Commercial,3,Rejected
VL100925,34,Private Employee,Contract,64000,1.8,1500,Commercial Vehicle,Used,865000,213500,651500,1,Personal,0,Approved
VL100926,40,Salaried,Permanent,32200,18.1,1600,Car,New,906000,209900,696100,5,Personal,0,Approved
VL100927,34,Professional,Permanent,35000,2.7,2800,Car,New,733000,107700,625300,3,Commercial,1,Approved
VL100928,29,Government Employee,Permanent,36500,0.4,2100,Commercial Vehicle,New,1998000,484900,1513100,5,Personal,0,Rejected
VL100929,40,Self Employed,Self Employed,48300,4.6,9800,Commercial Vehicle,Used,1259000,326500,932500,5,Business,2,Approved
VL100930,29,Salaried,Permanent,79900,7.9,0,SUV,New,1535000,524800,1010200,3,Commercial,1,Approved
VL100931,29,Private Employee,Permanent,25200,4.0,2700,Electric Vehicle,New,1210000,275300,934700,3,Business,0,Rejected
VL100932,21,Professional,Permanent,58200,0.2,0,SUV,New,1434000,153200,1280800,1,Personal,2,Approved
VL100933,46,Salaried,Permanent,78400,9.8,14200,Motorcycle,New,97000,25900,71100,1,Personal,3,Approved
VL100934,31,Salaried,Permanent,67300,1.2,2500,Electric Vehicle,Used,533000,58400,474600,3,Personal,3,Approved
VL100935,30,Self Employed,Self Employed,26900,1.9,2600,Motorcycle,New,107000,24800,82200,7,Personal,0,Rejected
VL100936,29,Private Employee,Permanent,62900,3.0,13000,Commercial Vehicle,New,1605000,560000,1045000,5,Personal,1,Approved
VL100937,30,Private Employee,Permanent,41300,10.0,0,SUV,Used,770000,170900,599100,5,Personal,4,Approved
VL100938,28,Private Employee,Permanent,21200,8.0,4400,SUV,New,1299000,344800,954200,3,Personal,2,Rejected
VL100939,24,Private Employee,Permanent,22500,1.8,3100,Car,Used,443000,28900,414100,3,Personal,3,Rejected
VL100940,39,Self Employed,Self Employed,19900,4.6,1300,Scooter,Used,40000,12900,27100,3,Business,1,Approved
VL100941,28,Private Employee,Permanent,38400,2.3,0,Motorcycle,New,127000,0,127000,1,Commercial,0,Approved
VL100942,43,Private Employee,Permanent,41100,11.0,10300,Motorcycle,New,110000,39300,70700,1,Personal,0,Approved
VL100943,35,Government Employee,Permanent,38200,3.7,2800,Motorcycle,Used,70000,27200,42800,5,Personal,3,Approved
VL100944,21,Self Employed,Self Employed,24200,0.2,3600,Commercial Vehicle,Used,1141000,199000,942000,2,Personal,2,Approved
VL100945,39,Private Employee,Permanent,22500,3.4,2500,SUV,New,1543000,245800,1297200,7,Personal,3,Rejected
VL100946,34,Self Employed,Self Employed,42600,3.4,11300,Electric Vehicle,Used,712000,133900,578100,2,Commercial,3,Rejected
VL100947,35,Salaried,Permanent,49900,4.2,700,Scooter,New,79000,24200,54800,3,Personal,2,Approved
VL100948,40,Salaried,Permanent,37200,3.9,6800,Motorcycle,New,113000,6700,106300,5,Commercial,2,Rejected
VL100949,27,Self Employed,Self Employed,24600,3.3,6100,Motorcycle,Used,94000,17100,76900,3,Business,3,Rejected
VL100950,45,Salaried,Permanent,29100,4.2,100,Scooter,New,69000,16000,53000,2,Personal,3,Rejected
VL100951,31,Salaried,Permanent,48900,8.8,4100,Scooter,New,75000,25800,49200,5,Personal,0,Approved
VL100952,49,Professional,Permanent,25800,13.8,3300,Car,New,926000,103300,822700,1,Personal,2,Rejected
VL100953,23,Self Employed,Self Employed,47000,1.9,7400,Car,New,728000,184800,543200,7,Commercial,4,Rejected
VL100954,25,Private Employee,Contract,31800,3.6,4600,SUV,Used,1085000,243800,841200,3,Personal,2,Rejected
VL100955,36,Private Employee,Permanent,33300,5.0,6200,Scooter,Used,40000,11700,28300,1,Personal,3,Rejected
VL100956,37,Business Owner,Business,60000,10.0,6100,Commercial Vehicle,New,1948000,556000,1392000,3,Commercial,0,Approved
VL100957,33,Salaried,Permanent,37500,7.0,5000,SUV,Used,746000,106800,639200,3,Personal,3,Approved
VL100958,35,Salaried,Permanent,25900,5.6,100,Car,Used,577000,275200,301800,2,Personal,1,Approved
VL100959,42,Private Employee,Permanent,19400,1.5,400,SUV,New,1576000,530900,1045100,2,Personal,1,Rejected
VL100960,31,Salaried,Permanent,15300,3.1,1400,Commercial Vehicle,New,1614000,164600,1449400,3,Commercial,2,Rejected
VL100961,24,Salaried,Permanent,38300,0.4,2800,Motorcycle,New,99000,13500,85500,5,Personal,1,Approved
VL100962,47,Business Owner,Business,35400,11.2,5500,Car,Used,447000,119700,327300,7,Personal,2,Rejected
VL100963,44,Salaried,Permanent,75700,11.0,0,SUV,New,1571000,246800,1324200,5,Commercial,4,Approved
VL100964,43,Private Employee,Permanent,43700,7.5,6000,Motorcycle,Used,78000,14700,63300,5,Business,2,Approved
VL100965,23,Government Employee,Permanent,46400,0.6,7500,Electric Vehicle,New,1209000,429800,779200,2,Business,1,Approved
VL100966,26,Private Employee,Permanent,28700,1.2,0,Electric Vehicle,New,1464000,444300,1019700,1,Personal,4,Approved
VL100967,39,Salaried,Permanent,26700,0.5,6200,SUV,New,1574000,266800,1307200,3,Personal,2,Rejected
VL100968,50,Private Employee,Permanent,51100,19.4,13100,Electric Vehicle,New,1441000,259600,1181400,3,Commercial,2,Rejected
VL100969,47,Self Employed,Self Employed,31600,8.7,5900,Car,Used,537000,8600,528400,5,Personal,1,Approved
VL100970,33,Government Employee,Permanent,24500,13.0,2000,Commercial Vehicle,New,2065000,498400,1566600,5,Personal,1,Approved
VL100971,27,Salaried,Permanent,67100,3.4,5200,Electric Vehicle,Used,744000,5900,738100,5,Business,0,Rejected
VL100972,24,Private Employee,Permanent,32200,2.9,1700,Motorcycle,New,111000,11900,99100,2,Personal,1,Approved
VL100973,31,Professional,Contract,24700,1.9,2500,Scooter,New,72000,6600,65400,2,Personal,0,Approved
VL100974,59,Professional,Permanent,89800,34.5,5700,Scooter,Used,53000,15500,37500,3,Personal,1,Rejected
VL100975,25,Salaried,Contract,27400,0.4,3500,Electric Vehicle,Used,703000,162100,540900,2,Personal,2,Rejected
VL100976,34,Salaried,Permanent,30100,3.8,3100,Car,New,927000,236100,690900,5,Personal,0,Approved
VL100977,27,Private Employee,Contract,66600,4.3,9900,SUV,Used,978000,73100,904900,7,Business,1,Approved
VL100978,37,Salaried,Permanent,89700,6.9,6200,Car,Used,435000,137900,297100,1,Personal,1,Approved
VL100979,21,Self Employed,Self Employed,38400,0.1,700,Car,New,934000,190100,743900,2,Personal,0,Approved
VL100980,23,Business Owner,Business,77500,0.6,15100,Electric Vehicle,New,1185000,102500,1082500,7,Commercial,2,Approved
VL100981,25,Government Employee,Permanent,34500,1.5,700,Car,New,849000,138300,710700,5,Personal,0,Rejected
VL100982,23,Professional,Permanent,24400,0.4,2100,SUV,New,1601000,574500,1026500,2,Personal,2,Rejected
VL100983,26,Government Employee,Permanent,22700,3.5,2000,SUV,New,1430000,191800,1238200,2,Personal,0,Rejected
VL100984,34,Salaried,Permanent,68900,7.2,7400,Electric Vehicle,New,1498000,346900,1151100,2,Commercial,1,Approved
VL100985,46,Government Employee,Permanent,47200,2.2,4300,Electric Vehicle,New,1180000,243100,936900,2,Personal,1,Rejected
VL100986,32,Self Employed,Self Employed,42000,6.6,3000,SUV,New,1191000,165600,1025400,3,Personal,0,Rejected
VL100987,27,Professional,Permanent,26300,0.6,3000,Electric Vehicle,Used,839000,210900,628100,7,Personal,0,Rejected
VL100988,38,Self Employed,Self Employed,30800,4.6,800,Car,New,907000,220900,686100,3,Business,1,Approved
VL100989,43,Business Owner,Business,44400,12.3,3700,Commercial Vehicle,New,2067000,390500,1676500,2,Personal,1,Approved
VL100990,23,Government Employee,Permanent,23300,2.4,2500,Commercial Vehicle,New,1547000,286400,1260600,2,Business,2,Rejected
VL100991,27,Business Owner,Business,21000,1.3,0,SUV,Used,691000,77700,613300,5,Personal,3,Approved
VL100992,27,Business Owner,Business,29800,0.6,6000,Car,Used,517000,29000,488000,3,Personal,2,Rejected
VL100993,31,Self Employed,Self Employed,37900,3.1,10100,Car,New,758000,209900,548100,5,Personal,2,Rejected
VL100994,32,Business Owner,Business,32500,0.9,4900,Motorcycle,New,127000,17800,109200,3,Commercial,2,Approved
VL100995,35,Government Employee,Permanent,75100,10.0,5200,Scooter,New,83000,20100,62900,2,Personal,2,Approved
VL100996,31,Private Employee,Permanent,76300,5.2,5600,Electric Vehicle,New,1110000,255200,854800,5,Personal,3,Approved
VL100997,39,Salaried,Permanent,41600,3.7,700,SUV,New,1669000,350600,1318400,5,Personal,2,Approved
VL100998,31,Private Employee,Permanent,23600,6.2,5300,Motorcycle,New,127000,48400,78600,5,Business,3,Rejected
VL100999,21,Salaried,Contract,43900,0.1,0,Car,New,808000,65400,742600,2,Personal,2,Approved
VL101000,39,Salaried,Permanent,30000,4.3,5200,Motorcycle,Used,74000,13100,60900,3,Personal,0,Approved
VL101001,26,Salaried,Permanent,15000,2.4,900,Car,New,841000,165600,675400,3,Commercial,0,Rejected
VL101002,30,Salaried,Permanent,81200,3.6,16800,Car,Used,633000,157500,475500,5,Personal,3,Rejected
VL101003,41,Salaried,Permanent,21600,20.7,3300,Scooter,New,66000,12500,53500,5,Personal,3,Approved
VL101004,37,Business Owner,Business,90000,1.2,15400,Motorcycle,New,109000,14300,94700,3,Business,1,Approved
VL101005,29,Business Owner,Business,36100,0.9,4100,Scooter,New,76000,5500,70500,3,Personal,1,Approved
VL101006,44,Private Employee,Contract,65300,21.6,15200,Car,New,719000,123200,595800,5,Business,0,Approved
VL101007,44,Government Employee,Permanent,72800,24.0,0,Car,New,770000,70000,700000,3,Personal,4,Rejected
VL101008,22,Salaried,Permanent,55100,1.3,0,Car,Used,558000,150800,407200,2,Business,2,Approved
VL101009,21,Private Employee,Permanent,42100,0.1,0,Motorcycle,Used,53000,4000,49000,3,Business,3,Approved
VL101010,34,Professional,Permanent,39300,4.3,2500,Electric Vehicle,New,1536000,337100,1198900,3,Personal,2,Approved
VL101011,32,Private Employee,Permanent,40200,4.3,1700,Motorcycle,New,94000,31800,62200,2,Business,0,Approved
VL101012,42,Business Owner,Business,20200,13.4,1100,Car,New,795000,246200,548800,3,Business,0,Approved
VL101013,47,Private Employee,Permanent,26900,4.7,6300,Car,Used,448000,101000,347000,2,Business,3,Rejected
VL101014,48,Salaried,Permanent,15300,5.6,800,Car,New,714000,132900,581100,2,Personal,2,Rejected
VL101015,52,Salaried,Permanent,30300,4.6,5300,SUV,New,1328000,367800,960200,7,Commercial,0,Rejected
VL101016,24,Private Employee,Permanent,18900,3.5,2000,Scooter,Used,47000,16600,30400,3,Business,2,Rejected
VL101017,47,Private Employee,Permanent,48000,1.2,9000,Car,New,697000,78200,618800,5,Personal,0,Approved
VL101018,21,Government Employee,Permanent,15000,0.1,1900,Motorcycle,New,115000,8500,106500,5,Personal,4,Rejected
VL101019,21,Salaried,Permanent,32200,0.3,4200,SUV,Used,709000,74800,634200,5,Personal,2,Approved
VL101020,22,Business Owner,Business,40300,2.0,3100,Motorcycle,New,131000,20300,110700,3,Personal,1,Rejected
VL101021,35,Private Employee,Permanent,41000,5.4,1100,Electric Vehicle,New,1444000,257300,1186700,5,Business,1,Approved
VL101022,38,Professional,Permanent,17900,7.4,0,Scooter,New,65000,23200,41800,5,Personal,3,Approved
VL101023,30,Private Employee,Contract,67400,4.3,10100,SUV,Used,806000,175100,630900,2,Personal,2,Rejected
VL101024,33,Private Employee,Permanent,36200,6.2,9100,SUV,Used,889000,141800,747200,2,Business,2,Rejected
VL101025,35,Private Employee,Permanent,29500,9.5,1700,Commercial Vehicle,New,1958000,687200,1270800,3,Personal,1,Approved
VL101026,34,Self Employed,Self Employed,22100,3.3,2200,SUV,New,1481000,276800,1204200,5,Personal,2,Rejected
VL101027,24,Professional,Permanent,34200,4.0,600,Car,New,730000,204700,525300,2,Business,4,Approved
VL101028,35,Salaried,Permanent,17900,7.0,1600,Motorcycle,New,115000,13400,101600,3,Personal,3,Rejected
VL101029,47,Salaried,Permanent,38000,13.8,2800,Motorcycle,New,113000,35400,77600,3,Personal,0,Approved
VL101030,32,Government Employee,Permanent,16400,4.7,800,SUV,Used,542000,98200,443800,5,Personal,1,Approved
VL101031,22,Private Employee,Permanent,28300,0.1,500,SUV,Used,766000,133500,632500,5,Personal,1,Rejected
VL101032,50,Salaried,Contract,30700,13.6,5600,Scooter,Used,40000,1400,38600,5,Personal,2,Approved
VL101033,35,Business Owner,Business,25700,5.8,4700,Electric Vehicle,New,1206000,177000,1029000,2,Personal,0,Rejected
VL101034,32,Private Employee,Contract,27800,5.9,5900,Car,New,855000,68300,786700,3,Business,1,Rejected
VL101035,48,Private Employee,Permanent,27900,5.7,4700,Car,New,929000,201300,727700,2,Personal,1,Rejected
VL101036,27,Self Employed,Self Employed,36300,3.3,1000,Scooter,New,65000,7200,57800,3,Personal,0,Approved
VL101037,37,Government Employee,Permanent,57000,4.3,2900,Scooter,New,71000,3500,67500,7,Commercial,2,Approved
VL101038,21,Self Employed,Self Employed,68100,1.0,8700,SUV,New,1338000,338200,999800,3,Business,1,Rejected
VL101039,27,Salaried,Permanent,57000,0.8,2100,Motorcycle,New,97000,12800,84200,3,Personal,4,Approved
VL101040,21,Salaried,Permanent,67700,0.4,14900,Car,New,852000,109000,743000,5,Personal,1,Approved
VL101041,32,Business Owner,Business,58900,5.8,5800,Car,Used,433000,185800,247200,3,Personal,1,Approved
VL101042,39,Salaried,Contract,35300,8.4,1000,Scooter,New,66000,9400,56600,5,Personal,2,Approved
VL101043,32,Business Owner,Business,31500,1.9,4800,Scooter,Used,55000,15900,39100,5,Commercial,3,Rejected
VL101044,39,Private Employee,Permanent,81500,12.8,13300,SUV,Used,1149000,105000,1044000,5,Commercial,2,Approved
VL101045,34,Salaried,Permanent,36800,1.4,5000,Commercial Vehicle,New,1590000,359800,1230200,3,Business,1,Rejected
VL101046,25,Salaried,Permanent,22000,1.0,3700,Car,Used,418000,106000,312000,2,Personal,3,Rejected
VL101047,43,Salaried,Contract,46200,11.5,6000,SUV,New,1561000,57700,1503300,5,Commercial,1,Approved
VL101048,40,Private Employee,Permanent,76900,7.2,17500,Motorcycle,Used,96000,7700,88300,1,Personal,1,Approved
VL101049,40,Private Employee,Contract,53600,1.5,9900,SUV,New,1594000,489300,1104700,5,Commercial,1,Approved
VL101050,28,Professional,Permanent,33300,8.0,1600,Commercial Vehicle,New,1957000,316200,1640800,5,Business,2,Rejected
VL101051,21,Professional,Permanent,61700,0.1,2800,Motorcycle,Used,63000,13000,50000,3,Personal,0,Approved
VL101052,34,Government Employee,Permanent,22700,0.3,2100,Motorcycle,Used,53000,15700,37300,3,Personal,0,Approved
VL101053,42,Government Employee,Permanent,44000,18.2,4400,Car,New,816000,258600,557400,2,Personal,1,Approved
VL101054,30,Salaried,Permanent,32100,4.6,1500,Car,New,736000,105400,630600,5,Personal,0,Approved
VL101055,28,Private Employee,Permanent,26800,2.5,600,Motorcycle,Used,56000,11100,44900,1,Personal,0,Approved
VL101056,37,Salaried,Contract,25600,7.0,2100,Motorcycle,New,126000,19200,106800,3,Personal,1,Rejected
VL101057,21,Government Employee,Permanent,39800,0.5,1900,SUV,New,1615000,293100,1321900,3,Commercial,0,Approved
VL101058,21,Salaried,Permanent,36300,0.4,3800,SUV,New,1449000,206700,1242300,3,Business,3,Rejected
VL101059,41,Private Employee,Permanent,57400,6.8,0,Motorcycle,New,108000,17400,90600,5,Personal,4,Approved
VL101060,35,Salaried,Permanent,23200,8.2,4300,SUV,Used,893000,337500,555500,2,Personal,0,Approved
VL101061,38,Private Employee,Permanent,129200,4.3,9500,Car,New,724000,110200,613800,3,Commercial,2,Approved
VL101062,35,Private Employee,Permanent,40800,15.0,5100,Car,Used,467000,0,467000,5,Business,2,Approved
VL101063,21,Private Employee,Permanent,43100,0.8,0,Car,Used,499000,87800,411200,2,Commercial,2,Approved
VL101064,27,Private Employee,Permanent,52300,1.1,5600,Scooter,New,71000,2800,68200,3,Personal,3,Approved
VL101065,31,Government Employee,Permanent,18300,4.5,1600,Motorcycle,Used,42000,9600,32400,5,Business,2,Approved
VL101066,39,Government Employee,Permanent,92000,6.3,8800,Car,New,880000,160500,719500,2,Personal,2,Approved
VL101067,30,Government Employee,Permanent,27000,8.5,3100,Motorcycle,Used,60000,23400,36600,1,Business,0,Approved
VL101068,38,Private Employee,Permanent,56400,13.4,3100,Motorcycle,New,130000,37600,92400,2,Personal,2,Approved
VL101069,27,Private Employee,Permanent,45700,4.9,5900,Scooter,New,82000,500,81500,5,Commercial,0,Approved
VL101070,47,Private Employee,Permanent,31200,7.9,0,Motorcycle,Used,45000,3600,41400,1,Personal,1,Approved
VL101071,35,Business Owner,Business,51400,5.8,6300,Motorcycle,New,95000,16200,78800,5,Commercial,0,Approved
VL101072,37,Government Employee,Permanent,34000,8.3,3900,Scooter,Used,66000,14600,51400,3,Personal,1,Rejected
VL101073,38,Salaried,Permanent,43500,10.1,9700,Scooter,Used,40000,11300,28700,3,Business,2,Approved
VL101074,21,Self Employed,Self Employed,49500,0.4,6100,Car,Used,658000,164800,493200,5,Personal,2,Approved
VL101075,37,Government Employee,Permanent,36900,3.8,0,SUV,New,1519000,373800,1145200,3,Personal,3,Rejected
VL101076,33,Government Employee,Permanent,41800,1.3,2600,Motorcycle,New,112000,17200,94800,5,Business,2,Approved
VL101077,31,Salaried,Permanent,28100,4.9,1800,Car,Used,555000,92600,462400,5,Commercial,2,Approved
VL101078,37,Salaried,Permanent,24300,7.3,2200,Car,New,891000,203800,687200,5,Personal,1,Approved
VL101079,30,Salaried,Permanent,54900,2.0,4000,Car,New,816000,186300,629700,1,Business,1,Rejected
VL101080,46,Government Employee,Permanent,25400,2.6,2700,Motorcycle,New,117000,28100,88900,2,Business,3,Approved
VL101081,50,Self Employed,Self Employed,72000,7.6,1700,Motorcycle,New,107000,12800,94200,5,Personal,0,Approved
VL101082,35,Salaried,Contract,24200,4.1,5500,Car,New,811000,157200,653800,5,Personal,1,Rejected
VL101083,41,Government Employee,Permanent,36800,13.4,3300,Car,New,737000,211200,525800,7,Personal,2,Rejected
VL101084,31,Private Employee,Permanent,48500,8.3,13300,Car,Used,411000,59600,351400,2,Personal,2,Approved
VL101085,24,Business Owner,Business,61100,2.8,0,Car,New,772000,188600,583400,5,Personal,1,Approved
VL101086,38,Government Employee,Permanent,39500,6.4,2600,Car,Used,439000,52200,386800,3,Personal,2,Approved
VL101087,24,Salaried,Contract,92900,0.3,14800,Commercial Vehicle,Used,737000,142700,594300,2,Business,4,Approved
VL101088,28,Professional,Permanent,17600,1.1,0,Motorcycle,New,94000,24000,70000,3,Personal,3,Approved
VL101089,34,Self Employed,Self Employed,15000,2.1,3000,SUV,New,1511000,412300,1098700,1,Personal,3,Rejected
VL101090,33,Government Employee,Permanent,18300,7.0,2000,SUV,New,1309000,158000,1151000,2,Personal,0,Rejected
VL101091,34,Private Employee,Permanent,18100,2.2,2000,Commercial Vehicle,New,1897000,0,1897000,5,Commercial,1,Rejected
VL101092,44,Business Owner,Business,20500,13.1,4200,Motorcycle,New,94000,30300,63700,3,Commercial,2,Approved
VL101093,43,Government Employee,Permanent,28100,12.5,1800,Car,Used,692000,217300,474700,5,Business,2,Approved
VL101094,43,Salaried,Permanent,28600,8.2,1600,Commercial Vehicle,New,1676000,39500,1636500,5,Personal,0,Rejected
VL101095,36,Salaried,Permanent,29900,7.1,2000,Scooter,New,86000,21000,65000,7,Commercial,0,Rejected
VL101096,23,Salaried,Permanent,21000,0.6,1600,Car,New,694000,144700,549300,1,Business,1,Approved
VL101097,31,Business Owner,Business,36300,1.8,0,Commercial Vehicle,New,1536000,496800,1039200,3,Commercial,2,Approved
VL101098,28,Business Owner,Business,51600,4.3,6700,SUV,New,1338000,421100,916900,5,Personal,0,Rejected
VL101099,35,Salaried,Permanent,29100,6.5,2100,Electric Vehicle,New,1367000,388000,979000,5,Commercial,2,Approved
VL101100,44,Professional,Permanent,31900,3.1,2700,Scooter,New,74000,12700,61300,1,Commercial,1,Approved
VL101101,37,Professional,Permanent,56100,12.4,4800,SUV,New,1515000,0,1515000,3,Business,3,Rejected
VL101102,33,Government Employee,Permanent,52400,1.6,8600,Scooter,Used,40000,9600,30400,3,Commercial,0,Approved
VL101103,40,Salaried,Permanent,29200,10.5,3600,Car,New,854000,83600,770400,3,Personal,2,Approved
VL101104,33,Self Employed,Self Employed,62300,5.8,8600,Commercial Vehicle,Used,867000,32400,834600,7,Personal,2,Approved
VL101105,32,Salaried,Permanent,31400,12.0,2700,SUV,New,1408000,648200,759800,7,Personal,1,Approved
VL101106,40,Salaried,Permanent,47800,5.2,6700,Motorcycle,Used,82000,11100,70900,3,Business,0,Rejected
VL101107,38,Private Employee,Permanent,21200,14.4,5500,Car,New,899000,222600,676400,2,Personal,3,Rejected
VL101108,28,Business Owner,Business,25400,4.4,4900,Motorcycle,New,121000,33700,87300,3,Personal,1,Rejected
VL101109,21,Salaried,Permanent,20800,0.4,500,Car,New,815000,195200,619800,5,Personal,0,Rejected
VL101110,36,Self Employed,Self Employed,35400,1.9,6800,Car,New,723000,0,723000,3,Personal,3,Rejected
VL101111,31,Self Employed,Self Employed,28800,1.8,3900,Car,New,797000,266600,530400,3,Personal,1,Rejected
VL101112,30,Salaried,Permanent,25400,1.4,2600,Commercial Vehicle,New,1562000,306000,1256000,2,Commercial,1,Rejected
VL101113,29,Salaried,Permanent,40500,3.9,6700,Car,New,852000,204800,647200,2,Personal,1,Approved
VL101114,33,Professional,Contract,55200,5.4,8500,Scooter,New,88000,11800,76200,3,Personal,3,Approved
VL101115,34,Salaried,Permanent,33700,2.0,3900,Commercial Vehicle,Used,1078000,127600,950400,5,Personal,2,Rejected
VL101116,29,Government Employee,Permanent,39900,2.0,2900,SUV,New,1336000,164700,1171300,1,Business,4,Rejected
VL101117,27,Salaried,Permanent,34900,3.0,1400,Commercial Vehicle,New,1674000,214200,1459800,1,Business,4,Rejected
VL101118,21,Salaried,Permanent,23400,0.4,3900,Car,New,737000,106700,630300,3,Business,3,Rejected
VL101119,34,Private Employee,Permanent,29400,4.5,3800,SUV,Used,831000,257400,573600,2,Business,1,Approved
VL101120,41,Salaried,Permanent,67600,1.2,5300,Commercial Vehicle,New,2021000,325400,1695600,7,Personal,2,Approved
VL101121,35,Salaried,Permanent,30500,4.3,3000,Motorcycle,Used,82000,20400,61600,3,Personal,4,Approved
VL101122,21,Business Owner,Business,88300,1.0,6200,Motorcycle,New,125000,18400,106600,3,Personal,1,Approved
VL101123,26,Government Employee,Permanent,29000,0.5,500,Car,New,804000,189900,614100,7,Business,0,Approved
VL101124,25,Government Employee,Permanent,26300,2.3,5200,Electric Vehicle,New,1383000,271500,1111500,5,Commercial,1,Rejected
VL101125,26,Government Employee,Permanent,92800,1.2,10300,Car,New,743000,107200,635800,5,Business,4,Approved
VL101126,27,Salaried,Permanent,67500,0.8,0,Motorcycle,Used,73000,5400,67600,3,Personal,4,Approved
VL101127,28,Government Employee,Permanent,27900,7.9,4500,Scooter,Used,59000,13800,45200,3,Commercial,2,Approved
VL101128,55,Private Employee,Permanent,33800,5.8,4200,Motorcycle,Used,72000,8000,64000,5,Personal,1,Approved
VL101129,29,Salaried,Contract,15000,5.0,2200,Car,New,931000,227600,703400,3,Personal,1,Rejected
VL101130,21,Professional,Permanent,49100,0.3,9100,Scooter,New,81000,4700,76300,2,Commercial,1,Approved
VL101131,43,Professional,Permanent,28100,13.2,2500,Electric Vehicle,Used,829000,112200,716800,2,Business,2,Approved
VL101132,35,Self Employed,Self Employed,34500,5.4,3900,Electric Vehicle,Used,1039000,2900,1036100,7,Commercial,1,Rejected
VL101133,42,Private Employee,Permanent,21200,4.9,0,Scooter,Used,55000,5900,49100,5,Personal,0,Rejected
VL101134,33,Salaried,Permanent,61800,3.9,3600,SUV,Used,702000,110300,591700,3,Personal,2,Approved
VL101135,46,Private Employee,Permanent,26200,2.4,4600,SUV,New,1608000,512100,1095900,5,Personal,4,Rejected
VL101136,35,Private Employee,Permanent,43000,0.9,4200,Car,Used,328000,107700,220300,2,Personal,1,Approved
VL101137,43,Salaried,Permanent,34200,3.1,2400,Scooter,New,86000,25000,61000,5,Business,2,Rejected
VL101138,42,Self Employed,Self Employed,71000,2.1,8600,Car,Used,440000,110400,329600,5,Business,1,Approved
VL101139,31,Salaried,Permanent,52500,7.2,1500,Motorcycle,New,108000,23300,84700,1,Personal,0,Approved
VL101140,36,Salaried,Permanent,37900,3.3,2100,Car,New,781000,111800,669200,2,Business,2,Rejected
VL101141,44,Business Owner,Business,32900,24.0,5400,Motorcycle,New,99000,17600,81400,7,Business,2,Approved
VL101142,38,Business Owner,Business,22100,14.2,0,Car,New,841000,115200,725800,7,Personal,0,Approved
VL101143,43,Self Employed,Self Employed,17000,6.4,1000,Car,New,872000,257300,614700,5,Personal,4,Rejected
VL101144,56,Salaried,Permanent,19800,12.9,2200,Scooter,Used,51000,8200,42800,1,Personal,2,Rejected
VL101145,30,Salaried,Permanent,41500,6.6,5500,Motorcycle,New,125000,37400,87600,5,Business,2,Approved
VL101146,31,Salaried,Permanent,52000,4.4,1700,Scooter,New,79000,5800,73200,2,Commercial,4,Approved
VL101147,21,Self Employed,Self Employed,60600,1.0,8500,Motorcycle,New,127000,42700,84300,5,Business,1,Approved
VL101148,24,Salaried,Permanent,35600,0.9,3700,Scooter,Used,40000,5300,34700,1,Personal,1,Approved
VL101149,28,Private Employee,Permanent,37100,2.0,7400,Electric Vehicle,New,1234000,197000,1037000,2,Commercial,0,Rejected
VL101150,37,Salaried,Permanent,29200,5.1,4400,Car,Used,481000,107100,373900,5,Business,2,Approved
VL101151,32,Salaried,Permanent,30500,2.1,2500,Motorcycle,New,100000,7400,92600,3,Business,2,Rejected
VL101152,29,Self Employed,Self Employed,48900,0.4,9200,Motorcycle,Used,74000,14600,59400,2,Commercial,1,Rejected
VL101153,32,Professional,Contract,26200,4.5,2700,SUV,New,1547000,244000,1303000,3,Personal,1,Rejected
VL101154,29,Government Employee,Permanent,39800,3.7,5300,Motorcycle,New,112000,34300,77700,5,Personal,2,Rejected
VL101155,31,Private Employee,Permanent,38500,4.2,2100,Car,Used,511000,72100,438900,2,Business,1,Approved
VL101156,21,Salaried,Permanent,35700,0.4,900,Electric Vehicle,Used,834000,271600,562400,2,Commercial,1,Approved
VL101157,46,Salaried,Permanent,35000,6.6,0,Car,New,681000,143200,537800,5,Personal,1,Approved
VL101158,32,Salaried,Permanent,59800,6.2,3400,Scooter,Used,40000,5100,34900,5,Personal,2,Approved
VL101159,29,Business Owner,Business,46100,2.1,4600,Car,Used,599000,134200,464800,3,Commercial,1,Rejected
VL101160,32,Salaried,Contract,42300,4.3,2200,SUV,New,1231000,262000,969000,5,Personal,3,Rejected
VL101161,26,Self Employed,Self Employed,49700,2.4,6000,Commercial Vehicle,Used,991000,102800,888200,3,Personal,3,Rejected
VL101162,44,Salaried,Permanent,29800,8.3,2600,Commercial Vehicle,New,1738000,274900,1463100,5,Business,3,Rejected
VL101163,21,Self Employed,Self Employed,59100,0.9,5900,Car,New,687000,141900,545100,3,Business,0,Approved
VL101164,35,Professional,Permanent,59100,4.8,11600,SUV,Used,968000,300500,667500,3,Personal,2,Approved
VL101165,48,Self Employed,Self Employed,29300,1.0,6400,Motorcycle,New,117000,37500,79500,2,Personal,2,Rejected
VL101166,27,Salaried,Permanent,37800,6.2,0,Scooter,Used,40000,6800,33200,3,Personal,0,Approved
VL101167,21,Private Employee,Permanent,32800,0.5,300,Car,New,835000,232800,602200,7,Commercial,0,Approved
VL101168,33,Government Employee,Permanent,49400,3.7,5600,SUV,Used,614000,215600,398400,3,Personal,1,Approved
VL101169,32,Private Employee,Contract,43300,3.3,3000,Commercial Vehicle,Used,1389000,220500,1168500,5,Business,2,Approved
VL101170,33,Salaried,Permanent,23000,13.0,0,Scooter,Used,60000,8800,51200,7,Personal,3,Rejected
VL101171,28,Professional,Permanent,34300,2.6,4500,Car,New,804000,148500,655500,5,Personal,1,Rejected
VL101172,36,Salaried,Permanent,67500,12.4,800,Motorcycle,New,110000,31200,78800,3,Personal,1,Approved
VL101173,41,Self Employed,Self Employed,31700,12.5,4800,Scooter,New,64000,16500,47500,7,Commercial,2,Approved
VL101174,29,Private Employee,Permanent,56200,6.0,10000,Scooter,Used,42000,8000,34000,2,Personal,3,Rejected
VL101175,36,Business Owner,Business,74900,3.2,14300,Motorcycle,New,105000,26300,78700,1,Personal,3,Approved
VL101176,27,Self Employed,Self Employed,36200,4.0,1500,SUV,New,1438000,100400,1337600,3,Personal,3,Rejected
VL101177,53,Professional,Permanent,65800,6.1,6700,Commercial Vehicle,New,1909000,185200,1723800,2,Personal,2,Rejected
VL101178,43,Business Owner,Business,22300,3.4,4200,SUV,New,1343000,356100,986900,5,Personal,2,Rejected
VL101179,51,Salaried,Permanent,39900,7.1,0,SUV,Used,522000,10600,511400,1,Personal,2,Approved
VL101180,42,Salaried,Permanent,44100,20.0,400,Motorcycle,New,116000,15500,100500,2,Business,3,Approved
VL101181,22,Private Employee,Permanent,28800,0.3,4100,Commercial Vehicle,Used,830000,254000,576000,5,Commercial,1,Rejected
VL101182,27,Government Employee,Permanent,30100,5.3,6700,Motorcycle,New,126000,28600,97400,7,Commercial,0,Approved
VL101183,40,Salaried,Contract,46400,1.6,0,Scooter,New,74000,20700,53300,3,Personal,1,Approved
VL101184,31,Private Employee,Permanent,39300,4.7,300,Scooter,Used,50000,9600,40400,2,Business,4,Approved
VL101185,40,Professional,Permanent,45100,2.9,3300,Scooter,Used,43000,18300,24700,3,Personal,2,Approved
VL101186,32,Government Employee,Permanent,129100,8.8,14100,Scooter,Used,50000,18200,31800,2,Business,2,Approved
VL101187,41,Salaried,Permanent,33500,9.4,8400,SUV,Used,641000,96300,544700,5,Business,2,Approved
VL101188,52,Private Employee,Permanent,20300,22.5,3600,Car,Used,593000,0,593000,1,Personal,0,Approved
VL101189,22,Private Employee,Permanent,25800,1.1,3500,Scooter,Used,40000,6100,33900,2,Business,0,Rejected
VL101190,21,Professional,Permanent,35200,0.3,0,Motorcycle,New,122000,54200,67800,5,Personal,1,Approved
VL101191,32,Salaried,Permanent,19100,1.8,1900,Electric Vehicle,New,1209000,247800,961200,2,Personal,2,Rejected
VL101192,33,Salaried,Permanent,40400,8.0,6700,Scooter,Used,40000,3100,36900,2,Commercial,2,Approved
VL101193,29,Business Owner,Business,70000,2.1,700,Car,Used,301000,68200,232800,5,Personal,1,Approved
VL101194,37,Business Owner,Business,76200,16.8,5100,Scooter,New,69000,11300,57700,3,Business,2,Approved
VL101195,31,Private Employee,Permanent,36900,0.8,3300,Car,Used,594000,60500,533500,3,Business,1,Approved
VL101196,27,Self Employed,Self Employed,47000,1.2,2200,Electric Vehicle,New,1275000,47700,1227300,1,Personal,4,Rejected
VL101197,36,Salaried,Permanent,56000,10.9,8800,Motorcycle,New,116000,17200,98800,5,Personal,2,Approved
VL101198,41,Professional,Permanent,126800,21.0,21500,Motorcycle,New,113000,21100,91900,5,Business,0,Approved
VL101199,36,Private Employee,Permanent,37600,0.4,1300,Motorcycle,Used,82000,24000,58000,2,Personal,4,Approved
VL101200,51,Professional,Permanent,24500,3.1,400,Car,New,790000,156000,634000,2,Business,2,Approved
VL101201,31,Private Employee,Permanent,31400,3.0,3000,SUV,New,1595000,343200,1251800,3,Personal,4,Rejected
VL101202,26,Business Owner,Business,25500,3.9,3300,SUV,New,1619000,153500,1465500,2,Business,4,Rejected
VL101203,36,Professional,Permanent,43200,12.8,10900,Electric Vehicle,Used,748000,116100,631900,7,Personal,4,Approved
VL101204,21,Salaried,Permanent,51300,0.7,5200,Car,Used,383000,78200,304800,5,Personal,2,Approved
VL101205,52,Salaried,Permanent,37100,32.0,2600,Motorcycle,Used,71000,12800,58200,3,Business,3,Approved
VL101206,49,Government Employee,Permanent,25800,14.1,1000,SUV,New,1532000,353900,1178100,5,Business,3,Approved
VL101207,46,Salaried,Permanent,27500,9.5,3100,SUV,Used,806000,101900,704100,3,Business,3,Rejected
VL101208,21,Salaried,Contract,55300,0.3,4400,Electric Vehicle,Used,798000,210600,587400,7,Personal,2,Approved
VL101209,30,Professional,Permanent,28800,3.4,4700,SUV,New,1311000,426700,884300,2,Commercial,3,Rejected
VL101210,34,Self Employed,Self Employed,115300,3.8,13500,Electric Vehicle,New,1109000,33000,1076000,5,Personal,2,Approved
VL101211,35,Salaried,Contract,23500,6.7,2200,Commercial Vehicle,New,1889000,347800,1541200,3,Personal,1,Rejected
VL101212,40,Professional,Contract,22900,7.0,600,Motorcycle,New,110000,39600,70400,3,Personal,1,Approved
VL101213,44,Salaried,Permanent,23900,13.6,3200,Electric Vehicle,New,1182000,43600,1138400,5,Personal,1,Rejected
VL101214,49,Business Owner,Business,63300,1.8,5600,Motorcycle,Used,43000,5500,37500,1,Personal,0,Approved
VL101215,41,Salaried,Permanent,32100,14.7,5000,Commercial Vehicle,Used,988000,292000,696000,7,Personal,2,Approved
VL101216,33,Private Employee,Permanent,30700,8.6,0,Motorcycle,Used,60000,13000,47000,3,Personal,2,Approved
VL101217,34,Government Employee,Permanent,82800,7.2,10300,Electric Vehicle,Used,904000,177300,726700,5,Personal,0,Approved
VL101218,41,Private Employee,Permanent,15000,2.6,2400,Electric Vehicle,Used,528000,41200,486800,3,Personal,2,Rejected
VL101219,23,Private Employee,Permanent,41700,0.8,4300,Car,New,866000,213100,652900,5,Business,2,Approved
VL101220,32,Salaried,Permanent,32200,4.5,5400,Motorcycle,New,110000,33800,76200,2,Business,0,Approved
VL101221,49,Professional,Permanent,112000,2.8,14900,Electric Vehicle,New,1173000,272200,900800,2,Personal,3,Approved
VL101222,40,Private Employee,Permanent,29100,5.5,1500,Motorcycle,New,126000,18700,107300,5,Personal,2,Rejected
VL101223,44,Private Employee,Permanent,25600,24.0,200,Motorcycle,Used,86000,15800,70200,7,Business,1,Approved
VL101224,37,Salaried,Permanent,49400,4.8,8800,Car,New,755000,89500,665500,5,Commercial,1,Approved
VL101225,43,Salaried,Permanent,42200,10.1,2300,Motorcycle,New,114000,18900,95100,2,Commercial,2,Approved
VL101226,39,Professional,Permanent,47300,6.9,4300,Car,Used,477000,28100,448900,2,Commercial,2,Approved
VL101227,51,Salaried,Contract,30400,25.6,1700,Commercial Vehicle,New,1954000,306100,1647900,5,Personal,1,Approved
VL101228,30,Self Employed,Self Employed,27700,1.1,5100,Electric Vehicle,New,1425000,382900,1042100,3,Personal,2,Rejected
VL101229,27,Professional,Permanent,23900,1.2,0,Car,Used,456000,92700,363300,5,Business,3,Approved
VL101230,21,Private Employee,Permanent,41000,0.5,7000,Motorcycle,New,115000,21100,93900,3,Personal,0,Rejected
VL101231,34,Private Employee,Permanent,39400,5.1,2200,Car,Used,568000,68200,499800,3,Commercial,3,Rejected
VL101232,42,Private Employee,Permanent,42700,12.8,11500,Scooter,Used,49000,10300,38700,5,Business,3,Approved
VL101233,45,Private Employee,Permanent,109500,3.6,19000,Motorcycle,New,107000,24500,82500,3,Personal,0,Approved
VL101234,34,Government Employee,Permanent,73000,14.0,2600,Car,Used,409000,53500,355500,5,Personal,0,Approved
VL101235,46,Government Employee,Permanent,35700,10.3,8000,SUV,Used,549000,83400,465600,2,Business,1,Rejected
VL101236,37,Salaried,Permanent,29600,6.0,1400,Commercial Vehicle,New,1617000,97700,1519300,1,Commercial,3,Rejected
VL101237,24,Salaried,Permanent,63600,3.3,9400,Commercial Vehicle,New,1625000,442300,1182700,1,Personal,0,Approved
VL101238,42,Self Employed,Self Employed,51200,5.4,7000,Commercial Vehicle,New,2056000,718300,1337700,5,Personal,3,Approved
VL101239,29,Self Employed,Self Employed,42100,3.9,11600,Scooter,New,75000,11400,63600,5,Personal,3,Rejected
VL101240,30,Salaried,Permanent,49600,7.2,1200,Car,New,754000,192900,561100,1,Business,2,Approved
VL101241,46,Private Employee,Contract,23300,10.9,0,SUV,New,1223000,355200,867800,5,Personal,0,Approved
VL101242,46,Self Employed,Self Employed,52800,11.3,300,Commercial Vehicle,New,2080000,396600,1683400,5,Personal,2,Approved
VL101243,38,Salaried,Permanent,28500,15.5,2900,Car,New,944000,229400,714600,3,Personal,0,Rejected
VL101244,27,Business Owner,Business,34300,5.6,500,Car,New,888000,111700,776300,3,Personal,2,Approved
VL101245,24,Salaried,Permanent,50900,4.0,0,Commercial Vehicle,New,2058000,561500,1496500,1,Personal,3,Approved
VL101246,38,Private Employee,Permanent,55200,3.9,4000,SUV,New,1259000,183300,1075700,7,Business,0,Approved
VL101247,36,Salaried,Contract,15000,8.5,2600,Motorcycle,New,106000,23900,82100,3,Business,2,Rejected
VL101248,31,Salaried,Permanent,75000,1.1,0,Car,New,711000,178900,532100,7,Personal,4,Approved
VL101249,39,Salaried,Permanent,56000,1.1,6400,SUV,New,1413000,313600,1099400,5,Personal,2,Rejected
VL101250,35,Salaried,Contract,25300,6.4,2900,Scooter,New,73000,20100,52900,5,Business,3,Approved
VL101251,29,Private Employee,Permanent,30400,1.5,5000,Commercial Vehicle,New,1953000,175600,1777400,2,Personal,1,Rejected
VL101252,24,Self Employed,Self Employed,40500,2.1,600,Car,New,844000,208900,635100,5,Personal,0,Approved
VL101253,34,Salaried,Permanent,31000,1.4,7400,Car,New,909000,166800,742200,2,Personal,1,Rejected
VL101254,31,Self Employed,Self Employed,20400,9.0,2300,Electric Vehicle,New,1459000,291900,1167100,2,Business,3,Rejected
VL101255,31,Salaried,Permanent,24700,7.6,3300,Motorcycle,Used,51000,9800,41200,5,Personal,2,Approved
VL101256,33,Government Employee,Permanent,49600,3.7,2900,Scooter,Used,40000,7300,32700,1,Personal,2,Approved
VL101257,34,Private Employee,Permanent,22800,2.7,4300,Commercial Vehicle,Used,942000,308800,633200,3,Personal,0,Rejected
VL101258,29,Government Employee,Permanent,35700,5.8,10600,Car,Used,422000,107600,314400,3,Personal,2,Rejected
VL101259,40,Government Employee,Permanent,44900,2.5,3300,Car,New,702000,0,702000,3,Personal,1,Approved
VL101260,31,Professional,Permanent,41400,3.0,5000,Scooter,New,87000,23300,63700,2,Personal,1,Approved
VL101261,37,Private Employee,Permanent,31300,12.1,4700,Car,New,756000,187000,569000,3,Personal,2,Rejected
VL101262,26,Private Employee,Permanent,27900,3.1,6000,Motorcycle,New,110000,14800,95200,3,Business,1,Rejected
VL101263,30,Self Employed,Self Employed,22300,5.0,4000,Car,Used,626000,144700,481300,2,Personal,0,Rejected
VL101264,39,Salaried,Contract,42900,4.3,6100,Scooter,New,81000,16000,65000,3,Personal,2,Approved
VL101265,22,Professional,Contract,24500,1.6,3600,Electric Vehicle,New,1324000,289400,1034600,3,Personal,1,Rejected
VL101266,46,Salaried,Permanent,92400,9.6,15800,Car,New,946000,122500,823500,5,Commercial,2,Approved
VL101267,39,Salaried,Permanent,32800,11.9,6000,Motorcycle,New,120000,8700,111300,2,Business,4,Approved
VL101268,34,Salaried,Permanent,41000,0.6,7600,Car,New,683000,217500,465500,2,Business,2,Approved
VL101269,39,Self Employed,Self Employed,27100,13.7,1500,Scooter,Used,40000,6200,33800,5,Personal,1,Approved
VL101270,23,Private Employee,Permanent,49000,1.2,15900,Scooter,New,81000,11300,69700,3,Business,2,Rejected
VL101271,37,Salaried,Permanent,15500,4.9,2000,Electric Vehicle,New,1434000,351600,1082400,3,Personal,1,Rejected
VL101272,21,Private Employee,Permanent,44000,0.9,6400,Car,Used,548000,87300,460700,7,Personal,2,Rejected
VL101273,42,Government Employee,Permanent,32700,13.1,5800,Car,Used,424000,94100,329900,5,Personal,1,Approved
VL101274,26,Government Employee,Permanent,125700,0.4,18500,Motorcycle,New,108000,14100,93900,7,Business,2,Approved
VL101275,41,Private Employee,Contract,35600,14.7,6300,Motorcycle,Used,60000,14600,45400,5,Personal,2,Approved
VL101276,25,Private Employee,Contract,25500,3.6,1300,Electric Vehicle,New,1328000,382900,945100,3,Personal,1,Rejected
VL101277,34,Government Employee,Permanent,55900,12.1,5900,Motorcycle,New,106000,23000,83000,5,Personal,4,Approved
VL101278,35,Self Employed,Self Employed,39600,0.9,4100,Electric Vehicle,New,1329000,141900,1187100,2,Business,3,Approved
VL101279,34,Salaried,Permanent,19200,1.2,3400,SUV,New,1486000,350000,1136000,3,Commercial,1,Rejected
VL101280,39,Self Employed,Self Employed,77700,2.9,8500,Motorcycle,Used,57000,7600,49400,3,Commercial,1,Approved
VL101281,24,Private Employee,Permanent,20800,1.2,2500,SUV,Used,970000,213300,756700,2,Personal,4,Rejected
VL101282,21,Self Employed,Self Employed,30400,0.4,3700,Car,Used,647000,17500,629500,3,Commercial,0,Rejected
VL101283,28,Business Owner,Business,42100,2.4,8900,Motorcycle,New,117000,33200,83800,7,Personal,1,Approved
VL101284,44,Private Employee,Permanent,38300,14.9,0,Scooter,New,67000,15100,51900,2,Personal,4,Rejected
VL101285,31,Government Employee,Permanent,53900,1.1,7300,SUV,New,1381000,301200,1079800,5,Personal,1,Approved
VL101286,28,Salaried,Contract,20100,3.2,1400,Car,New,918000,266600,651400,5,Personal,3,Rejected
VL101287,50,Government Employee,Permanent,33500,5.9,0,Motorcycle,New,109000,5200,103800,5,Commercial,2,Approved
VL101288,25,Salaried,Permanent,25100,5.0,400,SUV,New,1193000,151500,1041500,2,Commercial,2,Approved
VL101289,42,Business Owner,Business,48500,8.1,700,SUV,New,1440000,238400,1201600,1,Personal,0,Approved
VL101290,25,Salaried,Contract,55900,0.9,3700,Commercial Vehicle,New,1635000,0,1635000,3,Business,0,Rejected
VL101291,25,Salaried,Permanent,31500,2.5,1100,Motorcycle,New,124000,27600,96400,2,Personal,0,Approved
VL101292,42,Salaried,Permanent,34400,22.0,3600,Scooter,New,84000,8700,75300,1,Personal,2,Approved
VL101293,40,Private Employee,Permanent,28900,3.4,4700,Car,Used,591000,184000,407000,2,Personal,4,Rejected
VL101294,27,Professional,Permanent,22500,1.2,2600,Car,New,894000,107900,786100,3,Personal,3,Approved
VL101295,21,Salaried,Permanent,48200,0.2,2200,Car,New,740000,222100,517900,3,Business,0,Approved
VL101296,33,Professional,Permanent,23600,11.7,2700,SUV,New,1536000,170200,1365800,3,Personal,2,Rejected
VL101297,32,Business Owner,Business,36100,1.8,5400,Motorcycle,Used,64000,19600,44400,2,Personal,2,Approved
VL101298,51,Private Employee,Permanent,48000,8.9,9300,Scooter,New,89000,15800,73200,5,Business,1,Approved
VL101299,23,Self Employed,Self Employed,18600,0.3,600,Car,New,733000,100600,632400,3,Personal,0,Rejected
VL101300,32,Salaried,Permanent,39100,12.0,9300,Car,Used,479000,173000,306000,3,Commercial,2,Approved
VL101301,33,Self Employed,Self Employed,22500,2.8,2600,Motorcycle,New,118000,33700,84300,5,Personal,4,Approved
VL101302,33,Business Owner,Business,43100,12.6,4800,Electric Vehicle,New,1435000,265700,1169300,3,Personal,1,Approved
VL101303,28,Salaried,Contract,37500,5.4,1600,Scooter,New,67000,3200,63800,2,Personal,2,Approved
VL101304,29,Private Employee,Permanent,26400,6.2,0,Commercial Vehicle,New,2140000,241600,1898400,5,Commercial,2,Rejected
VL101305,32,Salaried,Contract,41500,12.0,0,Car,New,690000,145400,544600,5,Personal,1,Approved
VL101306,37,Salaried,Contract,45900,3.0,11200,Commercial Vehicle,New,2055000,303200,1751800,1,Business,2,Approved
VL101307,42,Salaried,Permanent,21000,22.0,4500,SUV,New,1408000,159000,1249000,5,Personal,3,Rejected
VL101308,37,Salaried,Contract,38200,6.0,5700,Motorcycle,New,112000,20900,91100,2,Personal,1,Approved
VL101309,29,Business Owner,Business,26600,4.4,300,Commercial Vehicle,New,1977000,552500,1424500,5,Personal,1,Approved
VL101310,44,Salaried,Permanent,50500,12.9,4600,Car,New,738000,267500,470500,7,Personal,0,Approved
VL101311,37,Salaried,Permanent,15000,1.5,0,Electric Vehicle,New,1343000,158800,1184200,5,Commercial,2,Rejected
VL101312,37,Self Employed,Self Employed,44200,10.5,2300,Commercial Vehicle,Used,984000,139600,844400,7,Personal,1,Rejected
VL101313,27,Salaried,Permanent,20200,0.6,0,Car,Used,404000,119400,284600,5,Commercial,2,Rejected
VL101314,45,Professional,Permanent,29500,17.0,2000,Scooter,Used,43000,4600,38400,2,Personal,1,Approved
VL101315,35,Government Employee,Permanent,67300,7.8,4800,Commercial Vehicle,New,1590000,242400,1347600,2,Personal,2,Approved
VL101316,42,Business Owner,Business,18500,9.0,900,Motorcycle,New,112000,23800,88200,5,Personal,1,Rejected
VL101317,30,Government Employee,Permanent,40200,0.9,1000,Motorcycle,New,120000,36200,83800,2,Personal,4,Approved
VL101318,27,Salaried,Permanent,22800,1.9,2000,Scooter,New,66000,4000,62000,3,Personal,2,Rejected
VL101319,21,Professional,Contract,66500,0.2,9500,Car,Used,541000,99300,441700,3,Personal,2,Rejected
VL101320,35,Professional,Permanent,43000,7.1,8700,Scooter,New,80000,8500,71500,3,Personal,1,Approved
VL101321,25,Government Employee,Permanent,119200,3.4,5300,Scooter,Used,46000,14100,31900,3,Personal,0,Approved
VL101322,25,Salaried,Permanent,38800,2.0,5700,Commercial Vehicle,Used,980000,230300,749700,2,Personal,0,Approved
VL101323,42,Private Employee,Permanent,54200,5.0,7900,Scooter,Used,40000,7200,32800,5,Personal,1,Approved
VL101324,38,Self Employed,Self Employed,34200,4.4,4400,Car,Used,679000,121600,557400,7,Personal,0,Approved
VL101325,26,Government Employee,Permanent,85100,4.8,14500,SUV,Used,540000,131900,408100,7,Personal,2,Approved
VL101326,21,Private Employee,Permanent,38000,0.6,4200,Electric Vehicle,Used,756000,102900,653100,2,Commercial,0,Rejected
VL101327,23,Government Employee,Permanent,66100,1.2,6500,Electric Vehicle,Used,621000,108800,512200,7,Personal,1,Approved
VL101328,53,Private Employee,Permanent,16400,33.0,2400,Motorcycle,New,113000,18000,95000,2,Personal,3,Rejected
VL101329,35,Business Owner,Business,37700,15.0,9500,Motorcycle,Used,70000,13600,56400,2,Personal,0,Approved
VL101330,27,Salaried,Contract,29600,2.3,0,SUV,Used,976000,286400,689600,2,Business,3,Approved
VL101331,41,Salaried,Contract,50700,3.8,5700,Motorcycle,New,112000,14300,97700,1,Personal,1,Rejected
VL101332,28,Private Employee,Permanent,63300,1.8,4100,Motorcycle,New,121000,31400,89600,5,Personal,2,Approved
VL101333,25,Self Employed,Self Employed,85700,5.0,1100,Commercial Vehicle,New,2062000,452200,1609800,2,Personal,2,Approved
VL101334,36,Government Employee,Permanent,21400,8.9,3000,SUV,New,1387000,250600,1136400,3,Personal,1,Rejected
VL101335,35,Private Employee,Permanent,62000,9.8,4600,Electric Vehicle,New,1360000,357100,1002900,3,Business,1,Approved
VL101336,22,Government Employee,Permanent,31700,2.0,1900,Electric Vehicle,Used,646000,129500,516500,3,Business,0,Approved
VL101337,31,Salaried,Permanent,65600,7.3,8300,Electric Vehicle,New,1529000,358100,1170900,2,Commercial,4,Approved
VL101338,24,Professional,Permanent,37300,0.4,6100,Commercial Vehicle,New,1644000,496800,1147200,1,Personal,1,Approved
VL101339,37,Salaried,Contract,74000,15.2,900,Motorcycle,Used,81000,13100,67900,2,Personal,1,Rejected
VL101340,33,Private Employee,Permanent,27200,10.3,3200,Car,New,853000,134300,718700,5,Personal,0,Rejected
VL101341,43,Salaried,Contract,56200,11.9,11900,Motorcycle,New,107000,26300,80700,1,Personal,0,Approved
VL101342,23,Salaried,Permanent,21000,0.8,2400,Electric Vehicle,New,1127000,216800,910200,7,Personal,0,Rejected
VL101343,37,Business Owner,Business,20600,9.5,1900,Motorcycle,New,114000,32800,81200,7,Commercial,1,Approved
VL101344,28,Salaried,Permanent,21400,1.9,1800,Scooter,New,81000,31000,50000,3,Personal,0,Approved
VL101345,40,Professional,Permanent,33700,11.2,0,Car,Used,454000,152500,301500,3,Personal,1,Approved
VL101346,21,Government Employee,Permanent,33000,0.2,0,Electric Vehicle,Used,858000,98800,759200,2,Personal,2,Rejected
VL101347,45,Salaried,Contract,45100,3.0,8000,Electric Vehicle,New,1135000,294600,840400,3,Personal,1,Rejected
VL101348,42,Business Owner,Business,41500,7.8,10700,Car,Used,452000,16700,435300,7,Commercial,0,Rejected
VL101349,35,Private Employee,Permanent,33700,1.5,7700,Car,New,750000,171400,578600,2,Business,2,Rejected
VL101350,48,Private Employee,Permanent,42600,28.0,10800,SUV,New,1268000,224800,1043200,1,Business,2,Approved
VL101351,30,Self Employed,Self Employed,32400,8.2,2400,Scooter,New,85000,20400,64600,2,Commercial,2,Approved
VL101352,47,Private Employee,Permanent,47700,24.2,4300,Scooter,New,77000,15100,61900,3,Personal,0,Approved
VL101353,40,Salaried,Permanent,23900,7.4,100,Motorcycle,New,114000,18000,96000,3,Personal,3,Rejected
VL101354,32,Business Owner,Business,45700,10.4,700,Scooter,New,68000,14600,53400,2,Personal,1,Approved
VL101355,48,Private Employee,Permanent,17500,10.4,2800,Commercial Vehicle,Used,1334000,402300,931700,5,Commercial,0,Rejected
VL101356,37,Self Employed,Self Employed,74100,1.3,3300,Motorcycle,New,119000,47700,71300,5,Personal,3,Approved
VL101357,31,Salaried,Permanent,22600,4.1,1300,Commercial Vehicle,Used,1089000,343000,746000,3,Commercial,3,Rejected
VL101358,42,Business Owner,Business,21800,15.6,1600,SUV,Used,838000,226800,611200,7,Business,2,Approved
VL101359,31,Private Employee,Contract,70300,6.9,12200,Car,New,737000,205900,531100,2,Personal,4,Approved
VL101360,24,Self Employed,Self Employed,28600,3.0,2900,SUV,New,1595000,295100,1299900,1,Personal,1,Approved
VL101361,37,Private Employee,Permanent,66900,2.3,3500,Car,New,704000,135800,568200,5,Personal,4,Approved
VL101362,37,Salaried,Permanent,37300,5.9,3800,Car,New,826000,217700,608300,7,Personal,0,Rejected
VL101363,35,Private Employee,Permanent,17500,15.0,3000,SUV,Used,738000,37400,700600,3,Personal,2,Rejected
VL101364,34,Self Employed,Self Employed,32700,3.9,1700,Scooter,Used,63000,14900,48100,7,Business,1,Approved
VL101365,29,Business Owner,Business,15000,6.2,300,Car,New,738000,138000,600000,5,Commercial,0,Rejected
VL101366,27,Professional,Permanent,44600,4.4,1200,SUV,Used,504000,90100,413900,5,Personal,1,Approved
VL101367,43,Government Employee,Permanent,53900,3.0,13900,Motorcycle,Used,71000,7300,63700,5,Personal,1,Approved
VL101368,35,Salaried,Permanent,47200,15.0,1900,Car,New,766000,166400,599600,5,Business,0,Approved
VL101369,35,Salaried,Permanent,26100,8.5,2600,SUV,New,1370000,186100,1183900,2,Personal,3,Rejected
VL101370,21,Professional,Permanent,39700,0.5,0,Car,New,870000,189900,680100,5,Commercial,2,Approved
VL101371,41,Private Employee,Permanent,19800,19.9,5600,Car,New,946000,195400,750600,5,Personal,0,Rejected
VL101372,28,Private Employee,Permanent,46000,0.3,2400,Car,New,926000,131300,794700,3,Personal,0,Approved
VL101373,29,Self Employed,Self Employed,47700,0.6,6600,Electric Vehicle,New,1461000,434300,1026700,2,Personal,0,Approved
VL101374,39,Salaried,Contract,27300,6.3,2500,Electric Vehicle,Used,701000,125800,575200,3,Business,0,Approved
VL101375,28,Private Employee,Contract,25700,0.2,1100,Motorcycle,New,106000,26100,79900,2,Personal,0,Approved
VL101376,34,Private Employee,Permanent,23000,4.9,3600,Motorcycle,Used,44000,4700,39300,5,Business,1,Approved
VL101377,35,Salaried,Permanent,72500,11.9,3800,Car,New,845000,149200,695800,5,Personal,1,Approved
VL101378,36,Government Employee,Permanent,25900,3.9,4600,Car,New,773000,87800,685200,5,Business,1,Approved
VL101379,35,Salaried,Contract,62200,15.0,19200,Scooter,Used,47000,9500,37500,2,Personal,1,Approved
VL101380,37,Business Owner,Business,33700,2.5,5700,Commercial Vehicle,Used,1270000,290700,979300,2,Commercial,4,Rejected
VL101381,42,Government Employee,Permanent,19100,10.9,600,Scooter,Used,55000,12500,42500,5,Business,0,Approved
VL101382,36,Government Employee,Permanent,26500,16.0,2200,Motorcycle,Used,69000,24100,44900,2,Personal,2,Approved
VL101383,48,Government Employee,Permanent,33200,11.1,0,Motorcycle,New,108000,30300,77700,5,Personal,2,Approved
VL101384,32,Professional,Permanent,27400,1.1,0,SUV,Used,725000,49300,675700,1,Personal,2,Rejected
VL101385,34,Private Employee,Permanent,49900,1.6,0,Motorcycle,Used,49000,13400,35600,5,Personal,4,Rejected
VL101386,54,Private Employee,Permanent,29100,34.0,3000,Car,Used,398000,54100,343900,3,Personal,4,Rejected
VL101387,28,Private Employee,Contract,37600,1.9,4800,Commercial Vehicle,Used,1227000,330700,896300,5,Personal,3,Rejected
VL101388,29,Salaried,Contract,31600,7.5,4000,SUV,Used,726000,35100,690900,3,Commercial,2,Rejected
VL101389,31,Private Employee,Permanent,31300,4.0,4300,Motorcycle,New,120000,22000,98000,2,Commercial,1,Approved
VL101390,49,Salaried,Contract,28000,17.0,3100,Scooter,Used,54000,12500,41500,3,Personal,3,Rejected
VL101391,39,Private Employee,Permanent,30900,5.1,5100,Electric Vehicle,New,1390000,159800,1230200,7,Personal,0,Rejected
VL101392,42,Private Employee,Permanent,64900,4.5,7400,Car,New,872000,277800,594200,5,Personal,1,Rejected
VL101393,32,Self Employed,Self Employed,34100,3.1,1300,Car,Used,304000,115400,188600,5,Commercial,3,Approved
VL101394,26,Salaried,Permanent,45300,2.7,7600,Scooter,New,72000,13900,58100,3,Personal,0,Approved
VL101395,25,Salaried,Permanent,48600,0.4,500,SUV,New,1492000,403600,1088400,5,Personal,0,Rejected
VL101396,31,Private Employee,Permanent,23000,2.5,600,Car,New,822000,230100,591900,5,Commercial,1,Rejected
VL101397,43,Salaried,Contract,21700,23.0,5700,Motorcycle,New,122000,17600,104400,1,Personal,4,Rejected
VL101398,33,Salaried,Permanent,18500,6.2,300,Car,New,723000,103000,620000,3,Business,2,Approved
VL101399,38,Professional,Contract,25100,5.0,4200,Scooter,New,87000,20200,66800,5,Commercial,2,Rejected
VL101400,21,Self Employed,Self Employed,48200,0.6,7000,Commercial Vehicle,New,1571000,522000,1049000,2,Personal,3,Approved
VL101401,31,Salaried,Contract,16200,7.5,100,Motorcycle,Used,85000,24700,60300,5,Personal,4,Approved
VL101402,28,Government Employee,Permanent,43300,0.8,13700,Scooter,Used,50000,3300,46700,3,Commercial,1,Rejected
VL101403,36,Salaried,Permanent,24100,13.2,1900,Motorcycle,Used,63000,19400,43600,5,Personal,1,Approved
VL101404,49,Self Employed,Self Employed,46100,5.2,3200,Car,New,728000,221900,506100,5,Personal,0,Rejected
VL101405,43,Professional,Permanent,27700,3.8,2000,SUV,Used,545000,0,545000,2,Personal,0,Rejected
VL101406,30,Professional,Permanent,44700,7.9,6100,Scooter,New,78000,20900,57100,5,Commercial,0,Approved
VL101407,22,Salaried,Permanent,48200,1.6,2100,Car,New,785000,160200,624800,3,Personal,3,Approved
VL101408,38,Self Employed,Self Employed,25200,1.5,0,SUV,Used,845000,268700,576300,2,Commercial,0,Approved
VL101409,35,Salaried,Contract,30200,8.9,4600,Commercial Vehicle,New,1992000,577800,1414200,2,Personal,4,Rejected
VL101410,36,Professional,Permanent,27500,10.4,0,Motorcycle,New,125000,31400,93600,2,Business,1,Approved
VL101411,29,Salaried,Permanent,33200,5.6,0,Car,New,843000,182400,660600,7,Personal,1,Approved
VL101412,41,Salaried,Permanent,33600,14.9,1600,Motorcycle,New,117000,27400,89600,5,Personal,0,Approved
VL101413,32,Salaried,Permanent,45000,5.8,13000,Car,New,904000,56700,847300,1,Personal,3,Rejected
VL101414,23,Salaried,Permanent,100000,2.3,6700,SUV,New,1202000,66500,1135500,1,Commercial,1,Approved
VL101415,46,Salaried,Permanent,64100,7.0,15000,Motorcycle,New,103000,26300,76700,2,Business,0,Approved
VL101416,37,Self Employed,Self Employed,19000,3.1,1700,Motorcycle,New,120000,25400,94600,2,Commercial,0,Rejected
VL101417,45,Private Employee,Permanent,22000,8.7,2300,Car,Used,401000,103900,297100,5,Business,2,Rejected
VL101418,41,Salaried,Contract,45100,6.4,5300,Motorcycle,New,111000,17700,93300,1,Personal,2,Approved
VL101419,41,Government Employee,Permanent,24400,14.8,1200,SUV,New,1492000,202200,1289800,5,Commercial,0,Rejected
VL101420,55,Private Employee,Permanent,26500,1.3,2700,Scooter,New,71000,11100,59900,2,Personal,2,Rejected
VL101421,41,Government Employee,Permanent,21600,5.8,3100,Scooter,New,88000,11300,76700,2,Commercial,2,Rejected
VL101422,22,Salaried,Contract,33300,0.4,3900,SUV,Used,628000,185600,442400,3,Personal,2,Approved
VL101423,25,Self Employed,Self Employed,19800,3.1,1000,Motorcycle,New,109000,28800,80200,7,Business,1,Approved
VL101424,31,Government Employee,Permanent,59400,3.6,10400,Motorcycle,New,114000,28500,85500,2,Commercial,2,Approved
VL101425,21,Salaried,Permanent,51100,0.2,0,Scooter,New,76000,24900,51100,5,Personal,0,Approved
VL101426,23,Professional,Contract,17400,1.7,2600,SUV,New,1400000,183600,1216400,3,Personal,1,Rejected
VL101427,46,Private Employee,Permanent,47700,10.9,6300,Motorcycle,New,98000,8200,89800,3,Personal,2,Approved
VL101428,42,Government Employee,Permanent,46100,22.0,4900,Scooter,New,82000,14700,67300,1,Commercial,2,Approved
VL101429,41,Private Employee,Permanent,43500,5.3,8400,Motorcycle,Used,52000,12300,39700,3,Personal,0,Rejected
VL101430,28,Salaried,Permanent,38500,1.1,5000,Car,New,830000,114000,716000,3,Commercial,2,Approved
VL101431,26,Private Employee,Permanent,36700,1.3,0,Car,New,709000,72800,636200,5,Personal,2,Approved
VL101432,31,Private Employee,Contract,43200,7.8,7100,Car,Used,386000,48500,337500,3,Business,0,Approved
VL101433,43,Government Employee,Permanent,22200,4.1,2200,Scooter,New,89000,24400,64600,5,Personal,3,Approved
VL101434,32,Self Employed,Self Employed,28600,7.7,3200,Car,New,707000,178800,528200,3,Personal,1,Rejected
VL101435,41,Salaried,Permanent,69800,8.4,8400,SUV,New,1275000,416200,858800,5,Personal,1,Approved
VL101436,49,Private Employee,Contract,36800,12.9,4000,SUV,Used,630000,207700,422300,5,Commercial,2,Approved
VL101437,31,Government Employee,Permanent,41000,3.4,400,Car,New,833000,189000,644000,1,Commercial,1,Approved
VL101438,24,Professional,Contract,76100,0.4,4000,Commercial Vehicle,New,1598000,47400,1550600,2,Commercial,3,Approved
VL101439,50,Business Owner,Business,51400,6.8,8700,Car,New,804000,180300,623700,3,Commercial,0,Approved
VL101440,39,Business Owner,Business,95200,8.1,9300,Car,Used,508000,105300,402700,7,Commercial,0,Approved
VL101441,26,Government Employee,Permanent,32800,1.4,3700,Scooter,New,86000,19400,66600,5,Personal,4,Approved
VL101442,27,Salaried,Permanent,31300,0.5,4800,SUV,Used,755000,107300,647700,7,Commercial,2,Rejected
VL101443,44,Business Owner,Business,33200,23.0,2700,Car,Used,449000,41900,407100,5,Commercial,1,Rejected
VL101444,32,Private Employee,Contract,44400,7.8,8300,Motorcycle,Used,74000,16500,57500,3,Personal,2,Rejected
VL101445,24,Private Employee,Permanent,55800,1.8,6600,Scooter,New,73000,4600,68400,1,Business,2,Approved
VL101446,24,Professional,Permanent,45100,3.1,500,Car,Used,464000,133700,330300,5,Business,0,Approved
VL101447,41,Salaried,Permanent,51500,4.2,3800,Car,Used,528000,38500,489500,3,Business,1,Approved
VL101448,39,Self Employed,Self Employed,24200,5.6,1700,Motorcycle,Used,65000,1400,63600,3,Personal,1,Approved
VL101449,49,Salaried,Permanent,33800,3.2,3600,Car,New,748000,177600,570400,3,Personal,1,Approved
VL101450,21,Salaried,Permanent,56600,0.2,800,Car,New,913000,153900,759100,5,Personal,2,Approved
VL101451,35,Business Owner,Business,34100,8.4,8300,Car,New,796000,21700,774300,5,Business,0,Rejected
VL101452,27,Private Employee,Permanent,20200,3.7,3400,Car,New,705000,95700,609300,5,Commercial,1,Rejected
VL101453,21,Private Employee,Permanent,63100,1.0,7500,SUV,Used,787000,205300,581700,5,Business,0,Approved
VL101454,33,Self Employed,Self Employed,24400,3.4,2600,Motorcycle,New,113000,25000,88000,2,Business,0,Approved
VL101455,37,Professional,Permanent,34200,12.2,6100,Motorcycle,Used,52000,8600,43400,5,Personal,2,Approved
VL101456,43,Private Employee,Permanent,37100,23.0,0,Commercial Vehicle,Used,1419000,281100,1137900,2,Personal,1,Approved
VL101457,50,Salaried,Permanent,16200,6.2,2000,Motorcycle,Used,66000,11900,54100,3,Business,0,Rejected
VL101458,25,Private Employee,Contract,23000,5.0,100,Commercial Vehicle,Used,902000,86800,815200,3,Personal,1,Approved
VL101459,36,Salaried,Permanent,29300,9.3,5000,Motorcycle,New,126000,7300,118700,3,Business,2,Approved
VL101460,29,Government Employee,Permanent,55200,2.0,1700,Car,New,914000,167400,746600,3,Business,1,Rejected
VL101461,22,Salaried,Permanent,40400,1.3,5000,Electric Vehicle,New,1407000,362100,1044900,5,Personal,1,Approved
VL101462,45,Private Employee,Permanent,118900,6.7,30400,SUV,Used,852000,144600,707400,5,Personal,3,Approved
VL101463,43,Private Employee,Permanent,86800,15.1,16400,Motorcycle,New,108000,24700,83300,5,Personal,4,Approved
VL101464,37,Self Employed,Self Employed,32600,3.5,600,Electric Vehicle,Used,796000,237700,558300,5,Personal,3,Approved
VL101465,39,Self Employed,Self Employed,39500,5.0,4700,SUV,New,1227000,97400,1129600,5,Business,2,Rejected
VL101466,31,Business Owner,Business,23900,4.8,2500,Car,New,831000,219900,611100,1,Personal,1,Approved
VL101467,37,Salaried,Permanent,25700,0.8,2500,SUV,New,1328000,76500,1251500,3,Business,4,Rejected
VL101468,36,Private Employee,Permanent,24300,11.7,5700,Car,Used,403000,159200,243800,7,Personal,3,Rejected
VL101469,32,Salaried,Permanent,16400,6.0,1600,Car,Used,374000,57000,317000,5,Personal,2,Rejected
VL101470,41,Salaried,Contract,22400,15.3,6400,Motorcycle,New,129000,38500,90500,3,Business,1,Rejected
VL101471,29,Private Employee,Contract,70600,4.1,3500,Electric Vehicle,New,1135000,236600,898400,1,Business,0,Approved
VL101472,43,Business Owner,Business,47300,5.8,5000,Motorcycle,New,118000,13200,104800,3,Personal,1,Approved
VL101473,46,Government Employee,Permanent,15000,5.2,1500,Commercial Vehicle,New,2124000,29600,2094400,5,Personal,0,Rejected
VL101474,39,Salaried,Contract,29300,2.5,3600,SUV,Used,682000,153100,528900,2,Business,0,Rejected
VL101475,35,Salaried,Permanent,51100,9.6,8400,Motorcycle,Used,51000,10600,40400,3,Commercial,0,Approved
VL101476,32,Salaried,Contract,26700,7.1,5500,Car,Used,587000,131200,455800,3,Business,1,Rejected
VL101477,30,Private Employee,Permanent,41800,4.4,3900,SUV,New,1661000,238200,1422800,5,Commercial,0,Approved
VL101478,37,Salaried,Permanent,15000,10.5,1300,Car,New,769000,155500,613500,5,Business,0,Rejected
VL101479,26,Salaried,Permanent,17000,3.5,1600,Scooter,New,84000,20600,63400,7,Personal,2,Rejected
VL101480,25,Government Employee,Permanent,27200,1.4,4800,Commercial Vehicle,New,1621000,458100,1162900,3,Commercial,2,Rejected
VL101481,26,Private Employee,Contract,37600,1.8,100,Motorcycle,New,109000,21700,87300,2,Commercial,2,Approved
VL101482,30,Salaried,Permanent,41700,1.5,2700,Car,New,801000,25300,775700,3,Personal,2,Rejected
VL101483,26,Salaried,Permanent,15400,1.5,3800,Car,Used,585000,109100,475900,3,Personal,1,Rejected
VL101484,23,Salaried,Permanent,35000,2.1,0,Car,Used,413000,59100,353900,3,Business,0,Approved
VL101485,27,Salaried,Permanent,55000,5.5,9500,Scooter,New,65000,14300,50700,2,Business,0,Approved
VL101486,33,Salaried,Permanent,20300,1.3,4000,SUV,New,1255000,268100,986900,3,Personal,2,Rejected
VL101487,31,Professional,Permanent,35600,4.9,6300,Electric Vehicle,Used,580000,149600,430400,7,Commercial,0,Approved
VL101488,36,Government Employee,Permanent,38300,0.9,2300,Scooter,New,79000,10700,68300,7,Personal,2,Approved
VL101489,43,Salaried,Permanent,50000,14.4,9100,Scooter,New,78000,10600,67400,5,Personal,2,Approved
VL101490,36,Private Employee,Permanent,41700,3.3,6200,Car,Used,441000,127700,313300,3,Personal,1,Approved
VL101491,24,Private Employee,Permanent,35600,1.6,5200,SUV,New,1456000,149800,1306200,5,Commercial,0,Rejected
VL101492,43,Self Employed,Self Employed,30800,9.6,400,Scooter,New,86000,16100,69900,5,Business,0,Approved
VL101493,33,Private Employee,Permanent,35600,0.4,2800,SUV,Used,536000,107300,428700,2,Personal,3,Rejected
VL101494,36,Salaried,Permanent,81100,12.9,8700,Motorcycle,Used,77000,900,76100,5,Personal,2,Approved
VL101495,37,Private Employee,Permanent,21300,6.0,6500,Motorcycle,Used,88000,17900,70100,7,Personal,3,Rejected
VL101496,36,Professional,Permanent,22400,2.6,100,SUV,New,1634000,327000,1307000,3,Personal,1,Rejected
VL101497,50,Salaried,Contract,39900,28.9,3700,SUV,New,1535000,316300,1218700,1,Personal,2,Rejected
VL101498,33,Salaried,Permanent,19800,3.5,2600,Motorcycle,New,120000,13800,106200,5,Commercial,1,Rejected
VL101499,43,Professional,Permanent,19000,1.0,2000,Motorcycle,New,125000,11600,113400,5,Commercial,1,Approved
VL101500,34,Private Employee,Permanent,107300,3.5,12100,Car,New,698000,55200,642800,5,Personal,1,Rejected
VL101501,35,Private Employee,Permanent,38600,8.5,0,Commercial Vehicle,Used,967000,291600,675400,1,Personal,1,Approved
VL101502,31,Salaried,Contract,45400,4.2,5600,Motorcycle,New,127000,27700,99300,3,Business,1,Approved
VL101503,21,Government Employee,Permanent,34300,0.0,500,Electric Vehicle,New,1339000,183000,1156000,2,Personal,1,Rejected
VL101504,39,Private Employee,Permanent,54000,3.2,5200,SUV,Used,1089000,100000,989000,5,Personal,0,Rejected
VL101505,40,Salaried,Permanent,41000,10.2,3900,Motorcycle,Used,63000,5100,57900,2,Business,2,Approved
VL101506,21,Salaried,Permanent,23100,0.9,4800,Motorcycle,Used,91000,18300,72700,7,Personal,4,Rejected
VL101507,34,Self Employed,Self Employed,43400,4.5,0,Commercial Vehicle,Used,690000,131600,558400,3,Personal,1,Approved
VL101508,35,Salaried,Permanent,27000,3.3,0,Electric Vehicle,New,1470000,73900,1396100,5,Personal,2,Approved
VL101509,34,Business Owner,Business,30900,0.6,1500,Motorcycle,New,105000,9800,95200,5,Business,1,Approved
VL101510,38,Private Employee,Permanent,27300,6.2,4700,Motorcycle,New,104000,13000,91000,2,Personal,4,Rejected
VL101511,30,Salaried,Permanent,17700,6.1,2200,Motorcycle,New,107000,29200,77800,5,Personal,1,Rejected
VL101512,36,Private Employee,Permanent,49300,3.6,4900,Car,Used,352000,41700,310300,5,Business,1,Approved
VL101513,50,Government Employee,Permanent,19000,16.2,4000,Commercial Vehicle,Used,850000,160400,689600,2,Personal,1,Rejected
VL101514,21,Business Owner,Business,36900,0.5,1300,Car,New,850000,241300,608700,5,Business,1,Rejected
VL101515,39,Business Owner,Business,15000,1.5,800,Scooter,New,74000,20800,53200,5,Personal,0,Rejected
VL101516,31,Salaried,Contract,56900,0.6,8200,Scooter,New,78000,19700,58300,3,Business,4,Rejected
VL101517,29,Government Employee,Permanent,37800,1.6,4800,Electric Vehicle,New,1411000,461100,949900,2,Personal,1,Approved
VL101518,46,Salaried,Permanent,32500,6.7,1400,SUV,New,1572000,341100,1230900,2,Personal,3,Rejected
VL101519,35,Private Employee,Permanent,35400,12.5,2000,Motorcycle,Used,86000,10900,75100,3,Business,2,Rejected
VL101520,32,Self Employed,Self Employed,41500,2.9,1600,Electric Vehicle,Used,942000,323800,618200,1,Business,1,Approved
VL101521,35,Professional,Contract,46200,11.7,0,SUV,New,1224000,296000,928000,3,Personal,0,Approved
VL101522,24,Business Owner,Business,52100,2.9,2900,Car,Used,356000,45400,310600,3,Commercial,0,Approved
VL101523,45,Government Employee,Permanent,60500,8.4,0,Car,New,786000,192800,593200,3,Business,3,Approved
VL101524,39,Self Employed,Self Employed,85800,3.5,7600,Car,New,776000,19600,756400,5,Personal,2,Rejected
VL101525,28,Business Owner,Business,39800,0.9,3400,Car,New,909000,191400,717600,5,Personal,2,Approved
VL101526,30,Private Employee,Permanent,26200,0.9,2800,Scooter,Used,46000,0,46000,5,Personal,0,Rejected
VL101527,35,Private Employee,Permanent,37500,11.2,7500,SUV,New,1600000,200300,1399700,3,Personal,0,Approved
VL101528,42,Private Employee,Contract,15000,1.6,1300,Scooter,Used,44000,6300,37700,3,Business,2,Approved
VL101529,26,Salaried,Permanent,20500,1.4,600,Car,Used,350000,32900,317100,2,Personal,2,Approved
VL101530,27,Salaried,Permanent,40000,4.4,3200,SUV,New,1423000,278600,1144400,5,Personal,2,Rejected
VL101531,39,Salaried,Permanent,28400,2.1,500,Car,Used,559000,70000,489000,5,Personal,1,Approved
VL101532,29,Professional,Permanent,46700,3.5,6400,Scooter,New,66000,13100,52900,3,Personal,3,Approved
VL101533,31,Government Employee,Permanent,33500,2.2,5500,Scooter,New,87000,26300,60700,5,Business,2,Rejected
VL101534,37,Salaried,Contract,38200,3.8,6400,Scooter,New,73000,7900,65100,5,Personal,2,Rejected
VL101535,21,Self Employed,Self Employed,30700,0.4,6300,Car,New,731000,189300,541700,1,Personal,2,Rejected
VL101536,42,Salaried,Contract,43800,1.4,0,Commercial Vehicle,New,2122000,841000,1281000,1,Personal,2,Approved
VL101537,28,Salaried,Permanent,28000,7.8,1700,Scooter,Used,45000,9100,35900,5,Business,0,Approved
VL101538,51,Salaried,Permanent,19800,6.7,6200,Commercial Vehicle,New,2001000,104700,1896300,5,Personal,4,Rejected
VL101539,51,Private Employee,Permanent,57600,7.6,10500,Commercial Vehicle,New,1991000,457600,1533400,7,Personal,1,Approved
VL101540,47,Private Employee,Permanent,46100,11.4,6500,Scooter,Used,40000,7000,33000,2,Personal,2,Rejected
VL101541,27,Professional,Permanent,46300,0.3,4200,Scooter,New,84000,27000,57000,7,Personal,2,Approved
VL101542,25,Salaried,Permanent,81200,2.5,16200,Motorcycle,New,113000,10400,102600,3,Commercial,2,Rejected
VL101543,32,Professional,Contract,21700,6.7,1600,Scooter,Used,41000,7300,33700,5,Business,2,Rejected
VL101544,42,Government Employee,Permanent,54900,11.6,3100,Car,Used,317000,54600,262400,5,Personal,1,Approved
VL101545,41,Private Employee,Permanent,39700,2.7,4800,Scooter,New,66000,12000,54000,5,Personal,4,Approved
VL101546,32,Government Employee,Permanent,17700,2.0,1600,Commercial Vehicle,New,1611000,226500,1384500,2,Commercial,3,Rejected
VL101547,21,Business Owner,Business,40500,0.1,1800,SUV,New,1437000,281600,1155400,5,Commercial,4,Approved
VL101548,35,Private Employee,Permanent,48400,2.1,2500,SUV,Used,890000,236800,653200,5,Personal,2,Approved
VL101549,21,Salaried,Permanent,22500,0.2,4100,SUV,New,1374000,268400,1105600,3,Commercial,4,Rejected
VL101550,36,Salaried,Permanent,28200,4.4,6300,Motorcycle,Used,66000,16800,49200,5,Commercial,2,Rejected
VL101551,34,Business Owner,Business,30200,6.9,4200,Motorcycle,Used,45000,13100,31900,2,Commercial,0,Rejected
VL101552,25,Private Employee,Permanent,23500,0.6,1300,Scooter,Used,40000,6600,33400,1,Business,2,Rejected
VL101553,50,Private Employee,Permanent,52700,29.2,4700,Car,New,706000,28800,677200,5,Personal,2,Approved
VL101554,35,Private Employee,Permanent,74100,5.1,1600,Electric Vehicle,New,1323000,211500,1111500,7,Personal,2,Approved
VL101555,40,Business Owner,Business,28800,7.5,100,Car,New,748000,64900,683100,7,Personal,1,Approved
VL101556,44,Salaried,Contract,33600,2.8,4000,SUV,New,1560000,455000,1105000,3,Personal,2,Rejected
VL101557,27,Government Employee,Permanent,41000,2.2,3700,Motorcycle,Used,47000,9300,37700,5,Personal,2,Rejected
VL101558,36,Salaried,Permanent,59600,3.0,11700,Motorcycle,New,118000,29600,88400,2,Personal,0,Approved
VL101559,21,Private Employee,Permanent,18200,0.3,3000,Car,Used,388000,97200,290800,2,Personal,3,Rejected
VL101560,33,Professional,Contract,39700,4.2,0,SUV,New,1609000,480600,1128400,5,Personal,1,Approved
VL101561,28,Professional,Permanent,26600,7.6,5800,Scooter,Used,40000,11300,28700,2,Business,1,Approved
VL101562,33,Private Employee,Permanent,36100,8.9,2400,Motorcycle,New,106000,10500,95500,2,Personal,0,Rejected
VL101563,33,Business Owner,Business,33700,10.8,2000,Electric Vehicle,New,1403000,170000,1233000,5,Commercial,2,Approved
VL101564,27,Private Employee,Permanent,50900,2.2,4200,Motorcycle,New,99000,19100,79900,5,Personal,4,Approved
VL101565,42,Salaried,Permanent,41600,3.8,3800,SUV,Used,1202000,404300,797700,5,Business,1,Approved
VL101566,39,Salaried,Contract,29500,13.4,0,Scooter,New,85000,5900,79100,5,Personal,1,Approved
VL101567,33,Government Employee,Permanent,32200,3.2,4600,Motorcycle,New,121000,23800,97200,1,Business,1,Approved
VL101568,57,Government Employee,Permanent,44000,3.6,2600,Motorcycle,New,101000,26100,74900,2,Personal,3,Approved
VL101569,24,Salaried,Permanent,23500,2.1,200,SUV,New,1557000,258100,1298900,1,Commercial,3,Rejected
VL101570,23,Salaried,Permanent,52400,2.6,9500,SUV,New,1579000,555200,1023800,3,Personal,1,Approved
VL101571,47,Private Employee,Permanent,17300,23.5,100,Car,New,941000,124900,816100,7,Personal,2,Rejected
VL101572,42,Salaried,Permanent,103400,10.0,13300,Car,Used,468000,76500,391500,5,Commercial,1,Approved
VL101573,44,Salaried,Permanent,70100,11.7,4400,Car,New,938000,237700,700300,1,Commercial,3,Approved
VL101574,47,Salaried,Permanent,37900,21.3,7600,Electric Vehicle,Used,767000,127900,639100,1,Personal,2,Approved
VL101575,47,Salaried,Permanent,45500,3.0,6900,SUV,New,1513000,370000,1143000,5,Personal,2,Rejected
VL101576,27,Private Employee,Contract,30700,6.6,5600,Electric Vehicle,New,1123000,359000,764000,3,Commercial,1,Approved
VL101577,33,Private Employee,Permanent,33600,4.1,0,Motorcycle,New,127000,20800,106200,5,Personal,4,Approved
VL101578,40,Salaried,Permanent,43400,7.5,2300,Car,Used,505000,0,505000,2,Business,1,Approved
VL101579,22,Self Employed,Self Employed,33700,0.9,2800,Scooter,New,75000,24000,51000,5,Business,2,Approved
VL101580,28,Self Employed,Self Employed,29500,3.0,3700,Motorcycle,Used,48000,15200,32800,3,Personal,0,Approved
VL101581,50,Salaried,Permanent,52400,20.9,10400,Motorcycle,New,100000,3200,96800,3,Personal,3,Rejected
VL101582,24,Government Employee,Permanent,32100,4.0,0,Electric Vehicle,New,1137000,216500,920500,5,Personal,0,Approved
VL101583,39,Professional,Permanent,37200,5.6,4500,Commercial Vehicle,New,2084000,420700,1663300,5,Business,3,Rejected
VL101584,35,Business Owner,Business,33200,13.2,1000,Scooter,New,78000,12500,65500,3,Personal,1,Approved
VL101585,38,Private Employee,Permanent,37000,8.8,3000,SUV,New,1245000,287000,958000,2,Business,0,Approved
VL101586,23,Salaried,Permanent,36600,0.3,500,Commercial Vehicle,Used,913000,184700,728300,1,Business,3,Rejected
VL101587,39,Government Employee,Permanent,21500,10.8,6800,Motorcycle,New,127000,23900,103100,3,Personal,3,Rejected
VL101588,21,Salaried,Permanent,15000,0.6,2400,Electric Vehicle,New,1505000,334700,1170300,5,Commercial,3,Rejected
VL101589,31,Government Employee,Permanent,30000,3.2,2500,Car,New,852000,311500,540500,5,Personal,3,Rejected
VL101590,33,Salaried,Permanent,50100,1.4,2300,Commercial Vehicle,New,1796000,218600,1577400,5,Personal,2,Approved
VL101591,36,Business Owner,Business,51100,5.0,8000,Car,Used,359000,46000,313000,3,Personal,1,Approved
VL101592,45,Private Employee,Permanent,37900,14.7,3100,Motorcycle,New,130000,35700,94300,3,Commercial,4,Approved
VL101593,26,Self Employed,Self Employed,23000,4.9,3000,Scooter,Used,40000,10700,29300,3,Personal,3,Approved
VL101594,42,Salaried,Contract,17200,7.8,2200,Scooter,New,72000,7000,65000,5,Personal,1,Rejected
VL101595,47,Private Employee,Permanent,44500,27.0,2700,Scooter,Used,58000,7700,50300,2,Commercial,0,Approved
VL101596,27,Private Employee,Permanent,63900,1.5,9500,SUV,New,1503000,234600,1268400,5,Commercial,1,Approved
VL101597,21,Business Owner,Business,37600,0.4,1800,Motorcycle,New,117000,16900,100100,3,Business,2,Approved
VL101598,31,Salaried,Contract,76000,5.5,700,Commercial Vehicle,Used,823000,82300,740700,1,Commercial,2,Approved
VL101599,44,Salaried,Contract,50300,7.7,6000,Motorcycle,New,130000,42400,87600,2,Personal,0,Rejected
VL101600,45,Private Employee,Permanent,32600,2.7,5900,Motorcycle,Used,40000,5300,34700,3,Personal,0,Rejected
VL101601,28,Private Employee,Contract,21400,1.3,0,Car,New,767000,172800,594200,3,Personal,4,Approved
VL101602,35,Self Employed,Self Employed,27100,15.0,7600,SUV,New,1395000,275600,1119400,5,Personal,0,Rejected
VL101603,41,Government Employee,Permanent,15000,1.2,200,Motorcycle,New,113000,23200,89800,2,Business,0,Approved
VL101604,43,Private Employee,Permanent,42900,8.2,5300,Electric Vehicle,New,1497000,343800,1153200,2,Personal,2,Rejected
VL101605,41,Salaried,Permanent,40800,20.7,11800,SUV,New,1675000,237600,1437400,3,Personal,0,Approved
VL101606,47,Government Employee,Permanent,52900,6.0,0,Car,New,838000,171500,666500,5,Commercial,3,Approved
VL101607,41,Private Employee,Contract,33000,5.0,300,Car,New,835000,0,835000,5,Personal,3,Approved
VL101608,34,Salaried,Contract,27600,1.5,5800,Car,New,680000,56200,623800,5,Personal,2,Rejected
VL101609,36,Government Employee,Permanent,37100,1.6,8400,Car,New,762000,163700,598300,3,Personal,0,Rejected
VL101610,36,Salaried,Permanent,30900,1.0,0,SUV,Used,704000,121100,582900,2,Personal,1,Approved
VL101611,40,Private Employee,Permanent,51000,4.7,2100,SUV,Used,598000,51800,546200,3,Personal,2,Approved
VL101612,21,Self Employed,Self Employed,66200,0.6,4100,Motorcycle,New,118000,19000,99000,3,Business,1,Approved
VL101613,29,Private Employee,Permanent,27700,5.0,1500,Car,Used,420000,116300,303700,7,Personal,2,Approved
VL101614,37,Private Employee,Permanent,69800,7.6,9200,Car,New,822000,316400,505600,3,Commercial,0,Approved
VL101615,42,Government Employee,Permanent,62900,6.6,6900,Electric Vehicle,New,1348000,86700,1261300,5,Business,2,Rejected
VL101616,43,Salaried,Contract,30700,20.4,0,Scooter,New,70000,6500,63500,3,Business,2,Approved
VL101617,21,Self Employed,Self Employed,39900,0.6,8500,Car,New,809000,299900,509100,5,Commercial,2,Rejected
VL101618,45,Government Employee,Permanent,30200,4.2,0,Motorcycle,New,120000,22000,98000,1,Commercial,2,Approved
VL101619,35,Salaried,Permanent,31900,4.0,4700,Electric Vehicle,Used,902000,229700,672300,2,Business,0,Rejected
VL101620,21,Private Employee,Permanent,23800,0.2,0,Car,New,732000,159800,572200,2,Personal,1,Rejected
VL101621,28,Government Employee,Permanent,23200,5.8,400,Electric Vehicle,New,1354000,315600,1038400,1,Personal,2,Rejected
VL101622,21,Salaried,Permanent,39600,0.3,600,Scooter,Used,55000,6100,48900,3,Personal,0,Approved
VL101623,37,Private Employee,Contract,24200,12.2,6500,SUV,Used,1083000,219300,863700,5,Personal,3,Rejected
VL101624,31,Salaried,Permanent,23800,4.6,1200,Commercial Vehicle,New,2079000,364300,1714700,2,Commercial,0,Approved
VL101625,30,Salaried,Permanent,57000,4.1,7600,Scooter,New,88000,23900,64100,3,Business,0,Approved
VL101626,54,Professional,Permanent,55800,10.9,9100,Car,Used,463000,157300,305700,3,Personal,1,Approved
VL101627,39,Business Owner,Business,38600,8.2,5800,Car,Used,360000,52200,307800,7,Personal,4,Approved
VL101628,43,Business Owner,Business,30300,9.2,1800,SUV,Used,880000,203600,676400,5,Personal,0,Approved
VL101629,32,Government Employee,Permanent,67400,12.0,5000,Motorcycle,Used,60000,12600,47400,1,Personal,2,Approved
VL101630,34,Private Employee,Permanent,21500,0.4,3300,Motorcycle,New,129000,30600,98400,3,Personal,3,Approved
VL101631,33,Salaried,Contract,39700,1.3,4600,Scooter,New,77000,17900,59100,3,Business,0,Approved
VL101632,43,Self Employed,Self Employed,18500,16.0,4300,Scooter,New,70000,19800,50200,3,Commercial,1,Rejected
VL101633,43,Salaried,Permanent,26100,10.8,0,Car,New,892000,132700,759300,5,Commercial,2,Rejected
VL101634,35,Government Employee,Permanent,27000,2.2,5100,SUV,New,1235000,57600,1177400,2,Commercial,2,Rejected
VL101635,26,Business Owner,Business,47600,5.6,5700,SUV,New,1485000,202700,1282300,1,Personal,2,Rejected
VL101636,46,Salaried,Contract,27000,7.4,6600,Car,New,748000,115800,632200,5,Commercial,1,Rejected
VL101637,35,Salaried,Permanent,31400,4.3,9100,Electric Vehicle,New,1377000,420800,956200,3,Business,2,Rejected
VL101638,21,Government Employee,Permanent,29200,0.5,2800,Motorcycle,Used,50000,13500,36500,2,Business,3,Rejected
VL101639,56,Private Employee,Permanent,33700,36.0,4600,Car,New,718000,252600,465400,3,Personal,3,Approved
VL101640,37,Private Employee,Permanent,38600,6.6,2700,SUV,Used,800000,158100,641900,3,Personal,0,Approved
VL101641,35,Salaried,Permanent,32400,2.1,6000,Car,New,801000,225700,575300,2,Commercial,3,Approved
VL101642,21,Salaried,Permanent,47700,0.4,8900,Electric Vehicle,New,1297000,263200,1033800,7,Personal,0,Approved
VL101643,41,Government Employee,Permanent,75500,10.2,5600,Commercial Vehicle,Used,702000,83300,618700,2,Personal,2,Approved
VL101644,22,Salaried,Contract,64200,0.6,10400,SUV,New,1472000,165000,1307000,3,Business,1,Approved
VL101645,50,Private Employee,Permanent,87700,6.2,8400,Commercial Vehicle,New,1539000,0,1539000,5,Personal,2,Rejected
VL101646,21,Self Employed,Self Employed,29400,0.6,1000,Scooter,New,76000,18500,57500,3,Commercial,2,Approved
VL101647,42,Salaried,Permanent,46700,3.9,5800,Electric Vehicle,New,1178000,398200,779800,7,Business,2,Approved
VL101648,48,Business Owner,Business,37800,28.0,5500,Car,Used,318000,83300,234700,1,Commercial,2,Approved
VL101649,36,Salaried,Permanent,86200,10.9,13000,Car,New,736000,170400,565600,3,Commercial,4,Approved
VL101650,35,Self Employed,Self Employed,48200,15.0,1400,Motorcycle,New,119000,35500,83500,2,Personal,1,Approved
VL101651,37,Salaried,Permanent,47700,3.1,4000,Scooter,Used,65000,7400,57600,2,Business,2,Approved
VL101652,21,Salaried,Permanent,41900,0.7,0,Car,Used,339000,71500,267500,7,Commercial,3,Approved
VL101653,29,Salaried,Permanent,32700,4.6,3700,Scooter,New,76000,13400,62600,5,Commercial,2,Approved
VL101654,37,Business Owner,Business,100700,2.1,10900,Commercial Vehicle,Used,758000,189200,568800,3,Business,2,Approved
VL101655,42,Private Employee,Permanent,21400,15.8,0,Motorcycle,New,107000,17000,90000,3,Personal,4,Rejected
VL101656,42,Self Employed,Self Employed,34200,4.7,0,Motorcycle,New,124000,44800,79200,5,Business,4,Approved
VL101657,25,Private Employee,Permanent,54700,1.7,8100,Motorcycle,New,115000,38000,77000,2,Personal,2,Approved
VL101658,41,Professional,Contract,26800,8.8,5500,Scooter,Used,42000,2600,39400,3,Personal,3,Approved
VL101659,40,Salaried,Permanent,32400,3.9,1100,Scooter,Used,40000,15600,24400,7,Personal,3,Approved
VL101660,21,Salaried,Permanent,56800,0.3,5100,Motorcycle,New,106000,23400,82600,3,Commercial,0,Approved
VL101661,21,Government Employee,Permanent,33200,0.4,0,SUV,Used,529000,111800,417200,5,Commercial,2,Approved
VL101662,42,Private Employee,Permanent,21800,1.0,3800,SUV,New,1579000,402500,1176500,5,Personal,1,Rejected
VL101663,34,Government Employee,Permanent,81600,6.6,17900,SUV,New,1636000,456200,1179800,2,Business,0,Approved
VL101664,44,Private Employee,Permanent,36500,24.0,300,Car,New,905000,71900,833100,3,Personal,1,Approved
VL101665,52,Private Employee,Permanent,31000,27.6,0,Scooter,New,79000,22300,56700,7,Personal,2,Approved
VL101666,46,Government Employee,Permanent,63600,20.8,5400,Car,New,796000,133200,662800,5,Commercial,0,Approved
VL101667,30,Professional,Permanent,24100,1.3,2800,Electric Vehicle,Used,745000,295500,449500,3,Personal,0,Rejected
VL101668,30,Government Employee,Permanent,19500,3.9,0,SUV,Used,536000,1600,534400,2,Business,2,Rejected
VL101669,33,Private Employee,Permanent,33400,1.9,100,Car,New,874000,155600,718400,2,Commercial,0,Rejected
VL101670,39,Private Employee,Contract,39900,2.1,7300,Electric Vehicle,New,1403000,192700,1210300,2,Business,1,Rejected
VL101671,45,Business Owner,Business,18100,3.1,0,Car,Used,417000,91000,326000,2,Personal,1,Approved
VL101672,21,Self Employed,Self Employed,29100,0.6,0,Commercial Vehicle,Used,692000,123600,568400,5,Personal,0,Rejected
VL101673,35,Salaried,Permanent,38300,10.8,3300,Car,Used,368000,57900,310100,5,Business,0,Approved
VL101674,43,Self Employed,Self Employed,29800,10.3,7400,Scooter,Used,40000,1900,38100,5,Personal,0,Approved
VL101675,46,Salaried,Permanent,25400,17.0,1500,Motorcycle,New,100000,16100,83900,3,Business,1,Approved
VL101676,46,Professional,Permanent,24000,2.9,100,SUV,Used,651000,175400,475600,7,Commercial,4,Rejected
VL101677,21,Self Employed,Self Employed,33800,0.2,4800,Scooter,New,69000,16200,52800,5,Business,1,Rejected
VL101678,21,Salaried,Permanent,43700,0.5,8300,SUV,Used,919000,170700,748300,2,Commercial,4,Rejected
VL101679,39,Business Owner,Business,33200,11.7,6900,SUV,New,1419000,196200,1222800,3,Commercial,0,Approved
VL101680,50,Private Employee,Permanent,20100,14.7,2600,Motorcycle,Used,82000,11100,70900,5,Commercial,0,Rejected
VL101681,37,Salaried,Permanent,27800,1.3,4100,Scooter,Used,43000,4900,38100,2,Personal,1,Approved
VL101682,34,Salaried,Contract,47400,11.0,7100,Electric Vehicle,Used,548000,86100,461900,2,Personal,0,Approved
VL101683,23,Government Employee,Permanent,36700,0.5,4300,Electric Vehicle,New,1191000,273100,917900,3,Personal,3,Approved
VL101684,28,Private Employee,Permanent,17800,0.8,4400,Electric Vehicle,Used,918000,203400,714600,5,Personal,4,Rejected
VL101685,26,Business Owner,Business,89800,3.0,9500,Commercial Vehicle,New,1773000,245300,1527700,2,Personal,1,Approved
VL101686,32,Professional,Permanent,50600,12.0,4800,Motorcycle,New,122000,9800,112200,7,Business,1,Approved
VL101687,28,Government Employee,Permanent,51400,5.3,8700,Motorcycle,New,112000,37500,74500,5,Personal,0,Approved
VL101688,39,Salaried,Permanent,29200,7.4,3400,Scooter,New,89000,14100,74900,1,Commercial,1,Rejected
VL101689,46,Professional,Permanent,38800,5.1,9900,Electric Vehicle,New,1179000,136700,1042300,5,Business,1,Rejected
VL101690,32,Self Employed,Self Employed,29300,10.6,7600,Electric Vehicle,New,1238000,264900,973100,7,Personal,1,Rejected
VL101691,29,Government Employee,Permanent,46700,0.4,1100,Motorcycle,New,117000,19300,97700,5,Personal,1,Approved
VL101692,29,Professional,Permanent,45700,6.6,7600,Commercial Vehicle,New,1933000,596700,1336300,3,Personal,3,Approved
VL101693,50,Professional,Permanent,15100,10.7,1600,Commercial Vehicle,Used,1249000,166500,1082500,3,Personal,1,Rejected
VL101694,24,Government Employee,Permanent,64700,0.6,8200,Motorcycle,New,109000,10800,98200,5,Personal,3,Rejected
VL101695,36,Salaried,Permanent,50700,8.3,9800,Electric Vehicle,New,1504000,294000,1210000,3,Personal,2,Rejected
VL101696,24,Salaried,Permanent,49400,1.1,3900,Scooter,New,87000,16200,70800,5,Business,2,Approved
VL101697,21,Professional,Permanent,26500,0.2,900,Motorcycle,Used,94000,13500,80500,3,Personal,1,Approved
VL101698,30,Salaried,Permanent,42000,2.0,2300,Electric Vehicle,New,1395000,222700,1172300,2,Business,0,Approved
VL101699,35,Business Owner,Business,16200,8.9,1400,SUV,New,1638000,404800,1233200,5,Personal,0,Rejected
VL101700,26,Government Employee,Permanent,46900,1.1,0,Car,Used,400000,122400,277600,5,Personal,1,Rejected
VL101701,25,Salaried,Permanent,34600,5.0,2500,Motorcycle,New,120000,10500,109500,5,Commercial,4,Approved
VL101702,23,Professional,Permanent,48600,1.7,4800,Car,Used,648000,114300,533700,5,Commercial,0,Rejected
VL101703,32,Self Employed,Self Employed,20200,3.5,3500,Commercial Vehicle,New,1719000,442900,1276100,7,Personal,2,Rejected
VL101704,32,Salaried,Permanent,26100,2.7,1300,Scooter,New,76000,21700,54300,5,Personal,1,Approved
VL101705,47,Business Owner,Business,31300,10.3,4200,Scooter,New,82000,25500,56500,3,Commercial,2,Approved
VL101706,42,Business Owner,Business,38200,12.4,4000,SUV,New,1410000,109800,1300200,5,Personal,4,Rejected
VL101707,34,Salaried,Permanent,42600,5.5,7100,SUV,Used,797000,142100,654900,7,Commercial,2,Approved
VL101708,22,Salaried,Permanent,71600,1.6,13800,Electric Vehicle,Used,636000,148300,487700,3,Business,0,Approved
VL101709,23,Professional,Permanent,31200,1.2,2100,SUV,New,1654000,167200,1486800,5,Personal,0,Rejected
VL101710,39,Private Employee,Permanent,27800,13.0,5400,Scooter,New,84000,17000,67000,3,Commercial,2,Approved
VL101711,54,Salaried,Permanent,66300,21.3,11800,SUV,New,1505000,70800,1434200,3,Personal,1,Approved
VL101712,32,Salaried,Permanent,27800,3.4,2000,Motorcycle,New,131000,14200,116800,3,Commercial,2,Approved
VL101713,21,Salaried,Contract,49200,0.4,9100,SUV,Used,637000,28900,608100,2,Business,0,Approved
VL101714,40,Salaried,Permanent,23500,13.6,2800,Motorcycle,New,124000,16500,107500,5,Personal,0,Approved
VL101715,45,Private Employee,Permanent,25900,2.2,4100,Electric Vehicle,Used,827000,0,827000,5,Personal,4,Rejected
VL101716,37,Private Employee,Permanent,74900,9.2,10900,Commercial Vehicle,New,2020000,543400,1476600,3,Commercial,1,Approved
VL101717,33,Salaried,Permanent,53600,5.8,3100,SUV,New,1279000,279600,999400,2,Commercial,1,Approved
VL101718,27,Salaried,Permanent,45600,0.4,2300,Car,New,878000,162900,715100,3,Commercial,1,Approved
VL101719,26,Salaried,Permanent,60800,0.1,12500,SUV,New,1478000,152400,1325600,3,Commercial,1,Rejected
VL101720,38,Private Employee,Permanent,40800,1.0,2600,Car,New,778000,5300,772700,2,Personal,4,Approved
VL101721,26,Salaried,Permanent,31200,1.7,0,Motorcycle,New,124000,28500,95500,2,Commercial,0,Rejected
VL101722,37,Salaried,Permanent,29800,4.9,1300,Car,New,904000,96200,807800,3,Personal,1,Rejected
VL101723,27,Self Employed,Self Employed,44100,2.3,8700,Motorcycle,New,125000,22400,102600,3,Business,0,Approved
VL101724,42,Salaried,Permanent,34000,9.9,7400,Commercial Vehicle,New,2105000,557000,1548000,3,Personal,2,Rejected
VL101725,30,Private Employee,Permanent,31300,0.6,6000,Car,New,936000,34800,901200,5,Business,0,Rejected
VL101726,33,Business Owner,Business,78000,6.8,5400,Car,New,856000,177300,678700,3,Personal,1,Approved
VL101727,38,Private Employee,Contract,48700,13.5,3600,Car,New,823000,162100,660900,3,Personal,4,Rejected
VL101728,45,Self Employed,Self Employed,24400,9.6,3200,SUV,New,1219000,629200,589800,5,Personal,0,Approved
VL101729,41,Salaried,Contract,73100,8.0,10800,Motorcycle,New,129000,19200,109800,5,Personal,2,Approved
VL101730,35,Salaried,Permanent,26200,6.1,0,Car,New,949000,7700,941300,1,Personal,0,Rejected
VL101731,34,Private Employee,Contract,34500,12.7,1000,Scooter,New,67000,9300,57700,5,Personal,0,Approved
VL101732,24,Self Employed,Self Employed,36800,1.5,4000,Motorcycle,Used,46000,2000,44000,5,Business,0,Approved
VL101733,32,Self Employed,Self Employed,53300,4.2,4100,Car,Used,334000,107700,226300,5,Business,3,Approved
VL101734,47,Salaried,Permanent,53100,7.6,2000,Car,New,894000,305300,588700,2,Personal,1,Approved
VL101735,35,Salaried,Permanent,21900,2.6,3000,Scooter,Used,43000,7500,35500,5,Personal,2,Rejected
VL101736,27,Salaried,Permanent,48200,1.7,2700,SUV,New,1286000,316400,969600,3,Business,1,Approved
VL101737,41,Professional,Contract,26600,6.3,0,Motorcycle,New,120000,25900,94100,7,Personal,0,Approved
VL101738,36,Salaried,Contract,41500,7.6,7400,Motorcycle,New,105000,19200,85800,2,Personal,0,Approved
VL101739,21,Salaried,Permanent,21000,0.4,1900,Commercial Vehicle,Used,1131000,93900,1037100,5,Personal,2,Approved
VL101740,26,Private Employee,Permanent,51100,0.8,6500,SUV,New,1517000,388800,1128200,5,Personal,1,Approved
VL101741,23,Professional,Permanent,25200,0.5,300,Scooter,New,69000,14800,54200,2,Personal,1,Approved
VL101742,25,Government Employee,Permanent,47500,1.5,1000,Scooter,Used,41000,17200,23800,2,Commercial,3,Rejected
VL101743,28,Government Employee,Permanent,35000,3.5,0,Car,New,889000,171800,717200,2,Personal,0,Approved
VL101744,40,Professional,Permanent,53800,5.6,7000,Car,New,737000,177200,559800,1,Personal,1,Rejected
VL101745,25,Private Employee,Permanent,38300,4.7,3200,Commercial Vehicle,New,1913000,414600,1498400,2,Business,3,Rejected
VL101746,22,Salaried,Permanent,41700,0.2,8100,Car,Used,511000,78600,432400,5,Personal,1,Approved
VL101747,41,Private Employee,Permanent,26900,5.2,1300,Car,New,910000,195600,714400,5,Personal,0,Approved
VL101748,33,Salaried,Permanent,38800,1.3,800,Car,New,816000,148600,667400,2,Personal,3,Rejected
VL101749,42,Business Owner,Business,16100,6.0,300,Commercial Vehicle,New,1575000,138500,1436500,7,Personal,1,Rejected
VL101750,35,Self Employed,Self Employed,52100,7.5,8300,Commercial Vehicle,New,1839000,540900,1298100,7,Personal,1,Rejected
VL101751,62,Private Employee,Permanent,94500,27.1,27000,Commercial Vehicle,Used,840000,124200,715800,2,Personal,3,Approved
VL101752,33,Business Owner,Business,39100,0.5,2800,SUV,New,1284000,351000,933000,5,Commercial,1,Approved
VL101753,26,Salaried,Permanent,56300,1.0,8300,Electric Vehicle,New,1122000,224700,897300,2,Commercial,2,Approved
VL101754,36,Private Employee,Permanent,25500,16.0,1500,Electric Vehicle,New,1411000,327600,1083400,3,Commercial,1,Approved
VL101755,31,Salaried,Permanent,49700,2.3,3400,Motorcycle,Used,73000,15600,57400,3,Commercial,2,Approved
VL101756,37,Salaried,Contract,43600,4.3,300,Scooter,New,78000,25500,52500,2,Commercial,1,Approved
VL101757,31,Salaried,Contract,47700,7.6,5200,Car,Used,530000,167600,362400,5,Personal,1,Approved
VL101758,45,Professional,Permanent,44400,9.6,2200,Motorcycle,New,127000,26100,100900,3,Business,1,Approved
VL101759,45,Salaried,Permanent,36800,3.3,900,Car,New,773000,218900,554100,2,Personal,2,Approved
VL101760,29,Self Employed,Self Employed,32900,1.4,6400,Commercial Vehicle,Used,1018000,212800,805200,3,Personal,1,Rejected
VL101761,40,Self Employed,Self Employed,29100,0.6,4900,SUV,New,1493000,342700,1150300,2,Personal,0,Approved
VL101762,42,Self Employed,Self Employed,73600,5.1,14400,Car,New,688000,259800,428200,5,Business,0,Approved
VL101763,43,Government Employee,Permanent,39500,5.9,4700,Motorcycle,New,101000,18400,82600,3,Personal,0,Approved
VL101764,22,Government Employee,Permanent,32900,1.0,1200,Car,Used,322000,94100,227900,5,Personal,2,Approved
VL101765,38,Government Employee,Permanent,65500,4.3,8400,Motorcycle,New,129000,31700,97300,5,Commercial,1,Approved
VL101766,25,Salaried,Contract,48700,2.7,5900,Scooter,Used,40000,7800,32200,2,Personal,0,Approved
VL101767,29,Salaried,Permanent,49500,0.9,1600,SUV,New,1542000,341700,1200300,5,Personal,1,Approved
VL101768,35,Government Employee,Permanent,41500,3.8,10400,Motorcycle,Used,50000,11100,38900,2,Business,2,Approved
VL101769,28,Private Employee,Permanent,74400,4.1,7400,Car,Used,686000,153300,532700,3,Personal,2,Approved
VL101770,34,Salaried,Permanent,30300,8.5,3500,Motorcycle,New,104000,24400,79600,5,Commercial,0,Approved
VL101771,42,Private Employee,Contract,28000,14.9,3200,Motorcycle,Used,61000,13100,47900,7,Personal,1,Approved
VL101772,37,Salaried,Permanent,24500,5.2,3400,Car,New,945000,218500,726500,5,Personal,4,Approved
VL101773,30,Government Employee,Permanent,40000,2.4,3200,Electric Vehicle,Used,931000,269800,661200,2,Business,3,Approved
VL101774,36,Salaried,Permanent,46400,1.1,9300,Commercial Vehicle,Used,951000,278900,672100,3,Personal,0,Rejected
VL101775,36,Private Employee,Permanent,24900,1.7,5400,SUV,New,1301000,334700,966300,2,Business,1,Rejected
VL101776,39,Self Employed,Self Employed,50300,17.6,0,Motorcycle,Used,56000,19900,36100,3,Personal,2,Approved
VL101777,25,Salaried,Permanent,42400,0.9,3500,Commercial Vehicle,Used,1066000,183700,882300,5,Business,0,Rejected
VL101778,32,Salaried,Permanent,66800,10.6,12600,Car,New,694000,70600,623400,3,Commercial,0,Approved
VL101779,34,Salaried,Permanent,79600,2.6,10900,Motorcycle,Used,54000,11300,42700,5,Personal,1,Approved
VL101780,48,Salaried,Permanent,27600,9.2,400,Motorcycle,New,129000,18100,110900,3,Business,2,Approved
VL101781,27,Self Employed,Self Employed,28800,3.6,2000,Commercial Vehicle,New,2114000,671700,1442300,1,Business,2,Approved
VL101782,36,Business Owner,Business,21900,2.2,4800,Electric Vehicle,New,1535000,0,1535000,2,Business,1,Rejected
VL101783,30,Business Owner,Business,33300,10.0,0,Car,New,725000,111100,613900,5,Personal,4,Rejected
VL101784,25,Private Employee,Permanent,15000,2.8,1700,Electric Vehicle,New,1511000,53800,1457200,3,Personal,0,Rejected
VL101785,38,Private Employee,Permanent,22600,5.7,2100,SUV,New,1436000,312000,1124000,3,Commercial,3,Rejected
VL101786,29,Government Employee,Permanent,52700,1.9,3600,Motorcycle,New,105000,10200,94800,2,Personal,2,Approved
VL101787,43,Self Employed,Self Employed,50300,9.1,3800,Car,New,742000,151900,590100,3,Personal,2,Approved
VL101788,27,Professional,Permanent,53400,4.5,8000,Motorcycle,Used,47000,16000,31000,3,Business,2,Rejected
VL101789,33,Salaried,Permanent,41100,2.6,6400,Motorcycle,Used,65000,12400,52600,5,Personal,3,Approved
VL101790,36,Salaried,Permanent,45400,8.9,5700,Car,Used,500000,147500,352500,5,Business,1,Approved
VL101791,34,Private Employee,Permanent,55800,14.0,8400,Car,New,791000,235300,555700,3,Commercial,2,Approved
VL101792,21,Salaried,Permanent,30300,0.2,2700,SUV,New,1315000,369500,945500,5,Personal,2,Rejected
VL101793,22,Professional,Permanent,47300,0.7,10000,Car,New,941000,43300,897700,5,Personal,0,Approved
VL101794,38,Self Employed,Self Employed,55100,14.7,8700,Car,Used,486000,159900,326100,5,Business,0,Approved
VL101795,45,Private Employee,Permanent,42300,8.1,2300,SUV,Used,689000,119900,569100,3,Personal,0,Approved
VL101796,23,Private Employee,Permanent,35600,2.9,5000,Scooter,Used,40000,10200,29800,3,Personal,2,Rejected
VL101797,21,Government Employee,Permanent,59400,0.2,10900,Scooter,New,78000,16900,61100,7,Personal,0,Rejected
VL101798,38,Self Employed,Self Employed,15000,11.6,1800,Motorcycle,New,124000,16000,108000,5,Business,1,Approved
VL101799,39,Government Employee,Permanent,15000,2.2,300,Car,New,818000,95000,723000,5,Personal,2,Rejected
VL101800,41,Self Employed,Self Employed,31500,11.3,0,Commercial Vehicle,Used,1061000,431600,629400,2,Business,2,Approved
VL101801,38,Salaried,Permanent,18000,7.7,2700,Motorcycle,New,98000,10300,87700,3,Personal,3,Rejected
VL101802,40,Private Employee,Contract,80000,3.3,1100,Scooter,New,80000,16200,63800,5,Personal,2,Rejected
VL101803,52,Private Employee,Contract,82500,13.6,2800,Scooter,Used,56000,20700,35300,7,Personal,1,Approved
VL101804,28,Salaried,Contract,39800,0.9,1400,Car,Used,526000,80500,445500,5,Business,3,Rejected
VL101805,44,Salaried,Contract,15900,10.0,300,SUV,New,1234000,412500,821500,3,Commercial,3,Approved
VL101806,51,Private Employee,Permanent,21700,19.0,1600,Commercial Vehicle,New,1807000,457900,1349100,3,Personal,1,Rejected
VL101807,35,Salaried,Permanent,24700,6.6,2600,Scooter,New,72000,23800,48200,2,Business,1,Approved
VL101808,32,Government Employee,Permanent,33500,2.8,1400,Car,Used,568000,205500,362500,5,Business,1,Approved
VL101809,29,Salaried,Permanent,15000,2.2,500,Motorcycle,New,129000,26100,102900,5,Personal,0,Approved
VL101810,22,Salaried,Permanent,72400,1.7,5100,Scooter,New,69000,0,69000,5,Personal,3,Approved
VL101811,21,Government Employee,Permanent,32100,0.2,2600,Motorcycle,Used,77000,1500,75500,1,Business,1,Approved
VL101812,44,Salaried,Contract,29800,13.7,3600,SUV,New,1397000,299500,1097500,7,Commercial,3,Approved
VL101813,30,Self Employed,Self Employed,43300,1.7,5100,Scooter,New,87000,12100,74900,2,Business,0,Rejected
VL101814,33,Government Employee,Permanent,33500,1.5,100,Car,Used,484000,83300,400700,7,Commercial,1,Approved
VL101815,25,Business Owner,Business,18200,0.4,3100,Electric Vehicle,Used,990000,276700,713300,5,Personal,2,Rejected
VL101816,33,Self Employed,Self Employed,66400,2.4,0,Motorcycle,New,97000,5000,92000,5,Business,0,Approved
VL101817,44,Professional,Permanent,26100,6.3,3100,Commercial Vehicle,New,1598000,267500,1330500,3,Commercial,0,Rejected
VL101818,28,Professional,Permanent,30100,3.9,2700,Electric Vehicle,Used,593000,21600,571400,3,Personal,0,Rejected
VL101819,51,Self Employed,Self Employed,60100,14.0,14100,Motorcycle,Used,58000,2100,55900,2,Personal,2,Rejected
VL101820,32,Self Employed,Self Employed,19000,3.7,1200,Car,New,707000,197900,509100,5,Business,1,Rejected
VL101821,35,Private Employee,Permanent,29400,3.0,3000,Car,Used,433000,100600,332400,5,Personal,2,Approved
VL101822,43,Salaried,Permanent,62400,3.6,6600,Commercial Vehicle,New,1761000,77600,1683400,2,Personal,1,Rejected
VL101823,42,Professional,Permanent,37500,2.4,5500,Motorcycle,New,109000,27400,81600,5,Commercial,0,Approved
VL101824,42,Salaried,Permanent,22500,6.5,4400,Motorcycle,New,97000,0,97000,2,Personal,2,Approved
VL101825,57,Private Employee,Permanent,30400,8.4,3700,Motorcycle,New,121000,16100,104900,2,Personal,1,Rejected
VL101826,42,Salaried,Contract,26200,18.5,7500,SUV,New,1493000,468900,1024100,7,Personal,1,Rejected
VL101827,35,Salaried,Contract,17400,8.7,1400,Car,New,840000,69900,770100,1,Personal,1,Rejected
VL101828,42,Self Employed,Self Employed,18000,21.1,3500,Motorcycle,New,106000,24200,81800,5,Business,3,Rejected
VL101829,27,Private Employee,Permanent,32900,0.6,3900,Motorcycle,Used,75000,18700,56300,1,Personal,0,Rejected
VL101830,36,Private Employee,Permanent,15000,6.0,1700,Car,New,880000,127200,752800,2,Personal,0,Approved
VL101831,54,Self Employed,Self Employed,23500,29.4,100,SUV,New,1408000,219300,1188700,2,Personal,0,Approved
VL101832,30,Salaried,Permanent,19200,6.8,2800,SUV,Used,808000,87600,720400,7,Personal,1,Rejected
VL101833,41,Business Owner,Business,31100,5.8,2600,Car,New,741000,206900,534100,3,Personal,3,Approved
VL101834,29,Salaried,Permanent,44500,2.2,4400,SUV,New,1592000,210500,1381500,3,Business,2,Rejected
VL101835,26,Professional,Contract,27800,3.8,2800,Electric Vehicle,New,1399000,192200,1206800,2,Personal,2,Rejected
VL101836,29,Private Employee,Permanent,33600,2.3,4800,Car,New,792000,87100,704900,3,Personal,1,Rejected
VL101837,49,Private Employee,Permanent,55900,17.1,10800,Car,New,700000,305600,394400,3,Business,2,Rejected
VL101838,38,Private Employee,Permanent,22600,15.8,1900,Commercial Vehicle,New,2126000,737100,1388900,1,Personal,2,Rejected
VL101839,32,Salaried,Permanent,35700,12.0,2600,SUV,New,1596000,380600,1215400,5,Personal,0,Rejected
VL101840,32,Government Employee,Permanent,60500,12.0,7200,Car,New,863000,190700,672300,5,Personal,3,Approved
VL101841,32,Salaried,Contract,74600,10.7,1200,Scooter,New,75000,24700,50300,7,Commercial,0,Approved
VL101842,35,Private Employee,Permanent,61200,6.7,1900,Electric Vehicle,Used,702000,94100,607900,5,Personal,1,Approved
VL101843,26,Self Employed,Self Employed,24900,1.4,3500,Car,Used,548000,59000,489000,3,Personal,1,Rejected
VL101844,39,Professional,Permanent,25500,8.5,1400,Car,Used,656000,200100,455900,3,Business,1,Approved
VL101845,44,Self Employed,Self Employed,49200,4.6,8000,Electric Vehicle,New,1128000,421100,706900,7,Personal,3,Approved
VL101846,33,Professional,Permanent,54200,2.1,5000,Motorcycle,Used,59000,8400,50600,5,Business,0,Approved
VL101847,22,Salaried,Permanent,52700,1.7,3800,Car,New,796000,184200,611800,3,Personal,1,Approved
VL101848,36,Self Employed,Self Employed,15000,7.5,2900,Scooter,New,87000,22200,64800,2,Commercial,2,Rejected
VL101849,23,Salaried,Permanent,17100,0.8,800,Scooter,New,67000,14500,52500,3,Personal,1,Rejected
VL101850,21,Salaried,Contract,60700,0.3,6100,Car,Used,634000,153400,480600,5,Commercial,3,Approved
VL101851,40,Private Employee,Permanent,40700,17.9,2000,SUV,New,1460000,276000,1184000,2,Personal,2,Approved
VL101852,21,Private Employee,Permanent,38600,0.4,3800,Commercial Vehicle,New,1561000,0,1561000,7,Personal,2,Approved
VL101853,35,Professional,Contract,29700,4.0,4500,Car,Used,486000,93500,392500,5,Personal,2,Approved
VL101854,42,Private Employee,Permanent,24200,4.7,2700,Motorcycle,Used,51000,13800,37200,7,Commercial,2,Approved
VL101855,53,Government Employee,Permanent,33800,12.0,3300,Scooter,New,72000,17800,54200,3,Business,1,Approved
VL101856,21,Private Employee,Permanent,25400,1.0,2300,Car,New,862000,138400,723600,1,Personal,2,Rejected
VL101857,31,Salaried,Permanent,32200,1.7,3900,Scooter,New,83000,24300,58700,2,Personal,1,Approved
VL101858,27,Professional,Contract,99800,5.3,13600,Scooter,New,89000,18000,71000,7,Personal,2,Approved
VL101859,38,Salaried,Permanent,40100,18.0,5400,Commercial Vehicle,New,1541000,364800,1176200,3,Personal,1,Rejected
VL101860,25,Salaried,Permanent,26600,2.4,3000,Motorcycle,New,125000,18300,106700,7,Personal,3,Rejected
VL101861,54,Private Employee,Permanent,27500,1.8,1500,Scooter,New,83000,13700,69300,2,Commercial,2,Approved
VL101862,25,Private Employee,Permanent,34100,1.0,3000,Motorcycle,New,109000,24500,84500,3,Business,1,Approved
VL101863,35,Private Employee,Permanent,15800,2.0,1000,Scooter,New,86000,17600,68400,3,Personal,2,Approved
VL101864,40,Self Employed,Self Employed,46300,10.3,6000,Scooter,New,69000,11900,57100,3,Personal,2,Approved
VL101865,39,Government Employee,Permanent,78700,4.0,6200,Scooter,Used,58000,9100,48900,3,Personal,0,Rejected
VL101866,32,Private Employee,Permanent,44900,1.9,3600,Car,Used,577000,0,577000,5,Business,1,Rejected
VL101867,21,Salaried,Permanent,27200,1.0,5900,Commercial Vehicle,Used,1087000,97300,989700,5,Personal,4,Rejected
VL101868,32,Self Employed,Self Employed,27600,3.6,2600,Electric Vehicle,New,1247000,234800,1012200,5,Personal,1,Approved
VL101869,21,Private Employee,Permanent,33300,0.3,0,SUV,New,1329000,250400,1078600,7,Personal,2,Rejected
VL101870,33,Salaried,Permanent,37900,7.1,8800,Scooter,New,80000,18600,61400,5,Personal,2,Rejected
VL101871,37,Salaried,Permanent,35100,12.6,3500,SUV,New,1190000,373500,816500,5,Business,0,Approved
VL101872,29,Business Owner,Business,41700,1.8,3100,SUV,New,1192000,185100,1006900,7,Personal,0,Rejected
VL101873,30,Professional,Permanent,32400,6.4,2400,Car,New,864000,76500,787500,3,Personal,3,Rejected
VL101874,24,Business Owner,Business,57300,4.0,4200,SUV,New,1515000,505000,1010000,5,Personal,2,Approved
VL101875,58,Private Employee,Permanent,15000,20.4,3000,Car,Used,583000,139800,443200,2,Personal,0,Rejected
VL101876,39,Salaried,Permanent,20700,12.3,1100,Car,New,943000,140700,802300,1,Personal,3,Rejected
VL101877,23,Salaried,Permanent,57600,2.1,3100,Commercial Vehicle,Used,1349000,55600,1293400,5,Personal,2,Approved
VL101878,24,Private Employee,Permanent,30300,0.7,2600,Electric Vehicle,New,1166000,482900,683100,2,Business,1,Rejected
VL101879,38,Private Employee,Contract,36500,1.0,0,Motorcycle,New,97000,17300,79700,3,Personal,2,Approved
VL101880,21,Professional,Contract,29500,0.4,2000,Electric Vehicle,New,1428000,336100,1091900,3,Personal,4,Rejected
VL101881,27,Government Employee,Permanent,18900,0.8,3400,Commercial Vehicle,Used,997000,115000,882000,3,Commercial,2,Rejected
VL101882,42,Government Employee,Permanent,41400,18.0,5200,Car,Used,290000,29600,260400,5,Personal,0,Approved
VL101883,43,Government Employee,Permanent,38000,12.8,5400,Scooter,Used,46000,14400,31600,5,Personal,3,Approved
VL101884,37,Private Employee,Permanent,128900,3.0,6800,Commercial Vehicle,Used,1381000,218400,1162600,1,Commercial,2,Approved
VL101885,34,Private Employee,Permanent,38000,2.1,0,Car,Used,523000,77700,445300,7,Personal,1,Approved
VL101886,48,Self Employed,Self Employed,65600,8.6,9900,Scooter,Used,40000,8200,31800,5,Business,1,Approved
VL101887,24,Government Employee,Permanent,35000,2.2,800,Scooter,New,74000,15000,59000,1,Commercial,4,Approved
VL101888,28,Professional,Permanent,66000,1.1,0,Scooter,New,74000,21800,52200,2,Personal,1,Approved
VL101889,49,Salaried,Permanent,26400,16.7,1100,Car,New,837000,158100,678900,5,Personal,0,Approved
VL101890,33,Private Employee,Permanent,21500,12.2,1000,Commercial Vehicle,Used,991000,251800,739200,2,Personal,1,Rejected
VL101891,39,Private Employee,Permanent,20700,8.0,200,Car,New,681000,94600,586400,5,Personal,1,Rejected
VL101892,35,Salaried,Contract,26900,6.9,2700,SUV,Used,1025000,117700,907300,2,Personal,0,Approved
VL101893,59,Professional,Permanent,29500,23.7,8000,Car,New,821000,95300,725700,3,Personal,1,Rejected
VL101894,29,Self Employed,Self Employed,22100,2.0,2100,Scooter,New,85000,11200,73800,3,Commercial,0,Approved
VL101895,43,Private Employee,Permanent,52900,3.5,2600,SUV,Used,588000,205500,382500,3,Personal,2,Approved
VL101896,21,Salaried,Contract,15000,0.4,1600,SUV,New,1228000,184300,1043700,2,Commercial,1,Rejected
VL101897,37,Business Owner,Business,46700,8.2,8100,SUV,Used,902000,135100,766900,3,Personal,2,Rejected
VL101898,44,Government Employee,Permanent,31500,0.5,0,Car,New,833000,222400,610600,5,Personal,1,Approved
VL101899,42,Government Employee,Permanent,74100,7.7,5000,Car,New,954000,251300,702700,2,Personal,3,Approved
VL101900,39,Salaried,Permanent,33800,5.2,4100,Scooter,New,82000,8300,73700,7,Personal,4,Rejected
VL101901,41,Business Owner,Business,33700,5.6,4300,Electric Vehicle,New,1263000,227600,1035400,3,Personal,0,Approved
VL101902,28,Private Employee,Permanent,58700,2.0,3700,Electric Vehicle,New,1475000,0,1475000,7,Business,2,Approved
VL101903,41,Private Employee,Permanent,22500,8.5,0,Car,Used,498000,122700,375300,2,Commercial,3,Rejected
VL101904,52,Government Employee,Permanent,35200,5.0,4100,SUV,New,1249000,325400,923600,3,Personal,2,Approved
VL101905,28,Professional,Permanent,53500,1.6,2100,Car,New,703000,181100,521900,7,Commercial,2,Approved
VL101906,49,Salaried,Contract,38800,19.2,0,SUV,Used,1048000,399300,648700,5,Business,0,Approved
VL101907,35,Business Owner,Business,59900,0.3,6500,SUV,New,1638000,395200,1242800,5,Personal,3,Approved
VL101908,38,Private Employee,Permanent,27300,8.0,3200,Scooter,New,88000,18300,69700,2,Personal,1,Rejected
VL101909,21,Business Owner,Business,27300,0.2,2300,Scooter,New,88000,19000,69000,3,Business,1,Rejected
VL101910,23,Private Employee,Permanent,50500,2.3,11800,Motorcycle,New,122000,17900,104100,5,Business,0,Approved
VL101911,34,Salaried,Permanent,25100,9.3,3400,Motorcycle,Used,76000,29500,46500,1,Personal,0,Approved
VL101912,45,Private Employee,Contract,26200,23.1,2900,Motorcycle,Used,48000,17300,30700,3,Business,2,Approved
VL101913,29,Self Employed,Self Employed,35900,5.4,7800,Motorcycle,New,126000,18900,107100,2,Personal,3,Rejected
VL101914,27,Government Employee,Permanent,44700,3.2,11000,Electric Vehicle,New,1225000,117600,1107400,2,Commercial,3,Approved
VL101915,30,Self Employed,Self Employed,55200,0.8,9400,Car,Used,390000,80400,309600,3,Commercial,3,Approved
VL101916,53,Business Owner,Business,35500,9.7,2300,Motorcycle,New,110000,21600,88400,3,Personal,1,Approved
VL101917,43,Business Owner,Business,46600,16.4,6200,Car,New,682000,140700,541300,1,Commercial,0,Approved
VL101918,32,Private Employee,Permanent,71800,8.4,11800,Motorcycle,New,99000,21600,77400,3,Business,1,Rejected
VL101919,34,Government Employee,Permanent,55700,11.2,0,SUV,New,1455000,65000,1390000,2,Business,2,Approved
VL101920,21,Private Employee,Permanent,32900,0.4,200,Motorcycle,Used,49000,8800,40200,3,Business,2,Approved
VL101921,25,Government Employee,Permanent,44600,1.3,6400,Motorcycle,Used,88000,18700,69300,5,Personal,2,Approved
VL101922,25,Salaried,Permanent,82900,0.2,7600,Commercial Vehicle,New,1707000,184800,1522200,5,Personal,3,Approved
VL101923,32,Government Employee,Permanent,49600,7.0,7000,Car,New,925000,287800,637200,5,Business,3,Approved
VL101924,45,Private Employee,Permanent,33500,17.1,5200,Electric Vehicle,New,1227000,180900,1046100,7,Personal,2,Approved
VL101925,31,Private Employee,Permanent,91700,1.6,2600,Scooter,New,74000,13100,60900,2,Business,2,Approved
VL101926,24,Professional,Permanent,67200,0.9,5600,Motorcycle,Used,46000,16300,29700,3,Personal,2,Approved
VL101927,30,Self Employed,Self Employed,63000,2.5,7000,SUV,Used,900000,46500,853500,3,Personal,2,Approved
VL101928,31,Government Employee,Permanent,30900,0.2,5200,Motorcycle,Used,65000,12400,52600,5,Personal,1,Approved
VL101929,32,Salaried,Contract,25300,3.5,4200,Car,New,818000,89000,729000,7,Personal,2,Rejected
VL101930,33,Business Owner,Business,63400,5.7,0,Car,New,762000,178000,584000,5,Personal,4,Approved
VL101931,38,Government Employee,Permanent,25500,3.2,0,SUV,Used,790000,190600,599400,5,Personal,0,Rejected
VL101932,25,Professional,Permanent,18100,0.8,1000,Electric Vehicle,New,1194000,243500,950500,7,Personal,0,Rejected
VL101933,47,Salaried,Permanent,48400,9.2,9200,Car,New,904000,105700,798300,5,Commercial,1,Rejected
VL101934,26,Private Employee,Permanent,75500,3.3,4200,Electric Vehicle,New,1542000,181200,1360800,3,Commercial,1,Approved
VL101935,38,Self Employed,Self Employed,19400,2.6,5300,Commercial Vehicle,New,1783000,263800,1519200,2,Personal,2,Rejected
VL101936,24,Salaried,Permanent,75600,4.0,0,Scooter,New,78000,8600,69400,7,Personal,4,Approved
VL101937,25,Salaried,Contract,26000,4.9,500,Scooter,New,70000,16900,53100,5,Personal,1,Approved
VL101938,44,Government Employee,Permanent,44400,10.4,2000,SUV,Used,566000,84500,481500,1,Commercial,2,Approved
VL101939,41,Professional,Permanent,61700,21.0,1400,Car,New,954000,203300,750700,5,Personal,3,Approved
VL101940,45,Government Employee,Permanent,35700,7.7,1100,Car,New,784000,118000,666000,2,Personal,0,Approved
VL101941,44,Government Employee,Permanent,49700,14.4,5900,Scooter,New,79000,24600,54400,2,Personal,1,Approved
VL101942,21,Government Employee,Permanent,31600,0.3,3200,Commercial Vehicle,Used,1119000,321900,797100,2,Personal,2,Approved
VL101943,39,Professional,Permanent,57300,11.3,1100,Electric Vehicle,New,1259000,242600,1016400,2,Personal,0,Rejected
VL101944,36,Salaried,Permanent,70900,3.4,7500,SUV,New,1275000,309100,965900,5,Commercial,4,Approved
VL101945,25,Salaried,Permanent,32900,3.1,1500,Car,Used,601000,173000,428000,7,Personal,2,Approved
VL101946,27,Private Employee,Permanent,27800,4.1,4400,Motorcycle,New,108000,21500,86500,3,Personal,1,Rejected
VL101947,25,Self Employed,Self Employed,29500,4.9,3600,SUV,Used,511000,68500,442500,2,Personal,4,Rejected
VL101948,38,Salaried,Permanent,45200,10.0,6400,Car,Used,693000,179500,513500,7,Business,2,Approved
VL101949,43,Salaried,Permanent,21900,9.6,2300,Motorcycle,New,112000,21100,90900,5,Commercial,3,Approved
VL101950,34,Private Employee,Permanent,47200,3.9,4200,Electric Vehicle,New,1446000,76500,1369500,5,Personal,2,Rejected
VL101951,21,Business Owner,Business,39100,0.2,4500,Car,New,769000,124000,645000,3,Business,2,Approved
VL101952,32,Government Employee,Permanent,43600,2.1,13600,SUV,New,1259000,385800,873200,3,Personal,3,Rejected
VL101953,21,Government Employee,Permanent,36600,0.4,2200,Car,New,816000,173600,642400,7,Personal,2,Rejected
VL101954,55,Salaried,Contract,50100,10.3,7600,SUV,New,1411000,59600,1351400,2,Business,0,Approved
VL101955,43,Business Owner,Business,24500,7.3,3700,Scooter,Used,49000,6900,42100,7,Business,1,Rejected
VL101956,42,Salaried,Permanent,15000,2.2,4300,SUV,New,1309000,211300,1097700,3,Personal,2,Rejected
VL101957,21,Government Employee,Permanent,49400,0.2,9600,Car,Used,570000,59800,510200,3,Business,2,Approved
VL101958,43,Salaried,Permanent,20300,9.7,0,Electric Vehicle,Used,756000,56000,700000,3,Business,1,Approved
VL101959,36,Government Employee,Permanent,40100,6.7,2900,SUV,New,1275000,22900,1252100,3,Business,4,Rejected
VL101960,32,Professional,Permanent,22200,2.8,0,Car,Used,424000,79300,344700,7,Business,3,Rejected
VL101961,38,Private Employee,Permanent,54700,5.4,7000,Car,New,695000,161300,533700,5,Personal,1,Approved
VL101962,21,Salaried,Permanent,26400,0.2,3200,Car,Used,290000,0,290000,2,Personal,0,Approved
VL101963,35,Professional,Permanent,26200,4.3,2000,Scooter,New,81000,30500,50500,2,Personal,4,Approved
VL101964,31,Private Employee,Permanent,52300,1.4,6400,Scooter,Used,40000,4100,35900,5,Commercial,2,Rejected
VL101965,28,Private Employee,Permanent,47400,5.7,7500,Scooter,New,79000,18200,60800,5,Personal,2,Approved
VL101966,26,Government Employee,Permanent,49900,0.6,2800,Commercial Vehicle,New,1687000,411100,1275900,7,Business,3,Rejected
VL101967,30,Salaried,Permanent,23000,0.9,400,Scooter,Used,46000,3300,42700,3,Personal,2,Approved
VL101968,31,Self Employed,Self Employed,22500,5.0,1200,SUV,New,1479000,260900,1218100,5,Personal,0,Rejected
VL101969,38,Business Owner,Business,48600,11.4,6700,SUV,New,1301000,372900,928100,1,Personal,2,Rejected
VL101970,31,Salaried,Permanent,31800,9.1,3200,SUV,New,1424000,139100,1284900,2,Commercial,2,Approved
VL101971,21,Salaried,Permanent,21100,0.3,3600,Car,New,936000,297900,638100,1,Business,3,Rejected
VL101972,29,Private Employee,Permanent,38700,2.5,0,Commercial Vehicle,Used,1050000,0,1050000,3,Commercial,2,Approved
VL101973,33,Professional,Permanent,109700,5.8,18700,Electric Vehicle,Used,914000,180500,733500,2,Personal,4,Approved
VL101974,33,Government Employee,Permanent,30200,2.6,6100,Electric Vehicle,New,1267000,315100,951900,3,Personal,3,Approved
VL101975,50,Private Employee,Permanent,24900,14.1,6300,Motorcycle,New,94000,14500,79500,2,Business,0,Rejected
VL101976,26,Salaried,Permanent,28600,3.7,3500,Electric Vehicle,Used,904000,246400,657600,2,Business,1,Rejected
VL101977,21,Self Employed,Self Employed,25600,0.5,2900,Car,New,957000,138400,818600,1,Personal,1,Rejected
VL101978,42,Private Employee,Permanent,58100,6.5,9400,Scooter,Used,50000,10300,39700,1,Personal,0,Approved
VL101979,35,Private Employee,Permanent,78900,0.6,7700,Motorcycle,New,94000,26000,68000,5,Personal,2,Approved
VL101980,42,Private Employee,Permanent,45500,7.9,1500,SUV,New,1363000,113800,1249200,5,Commercial,1,Approved
VL101981,21,Self Employed,Self Employed,42300,0.3,0,Motorcycle,New,107000,25900,81100,2,Personal,1,Approved
VL101982,28,Salaried,Contract,36100,3.2,1500,Motorcycle,New,110000,16400,93600,3,Personal,1,Approved
VL101983,39,Business Owner,Business,83600,7.9,18000,Commercial Vehicle,New,2006000,518000,1488000,5,Business,3,Approved
VL101984,28,Private Employee,Permanent,57100,3.2,7100,Motorcycle,New,117000,13900,103100,2,Personal,2,Approved
VL101985,46,Private Employee,Contract,76700,10.2,0,Commercial Vehicle,Used,957000,275200,681800,3,Personal,2,Approved
VL101986,24,Professional,Permanent,18700,0.4,2000,Scooter,New,79000,0,79000,5,Personal,4,Rejected
VL101987,51,Private Employee,Permanent,69900,24.3,9800,Motorcycle,New,132000,13900,118100,5,Business,2,Approved
VL101988,30,Professional,Permanent,49600,1.0,8700,Car,New,836000,317300,518700,3,Personal,0,Approved
VL101989,38,Salaried,Permanent,64400,4.7,2400,Car,New,829000,206300,622700,7,Personal,3,Approved
VL101990,26,Salaried,Permanent,78600,3.7,7200,Commercial Vehicle,New,2021000,219800,1801200,5,Personal,3,Approved
VL101991,31,Salaried,Permanent,25100,8.3,0,Car,New,771000,77600,693400,7,Business,4,Approved
VL101992,50,Business Owner,Business,42500,14.8,6000,Motorcycle,New,126000,19200,106800,5,Personal,1,Approved
VL101993,28,Private Employee,Permanent,22600,2.8,0,Car,New,769000,142200,626800,5,Commercial,0,Approved
VL101994,34,Professional,Permanent,72800,4.0,5600,Car,New,846000,150200,695800,2,Personal,2,Approved
VL101995,46,Salaried,Permanent,24300,12.1,1300,Car,Used,414000,127000,287000,7,Personal,2,Rejected
VL101996,26,Private Employee,Permanent,16800,1.3,4000,Motorcycle,New,114000,44200,69800,3,Personal,3,Rejected
VL101997,42,Salaried,Permanent,22900,9.0,4700,Motorcycle,Used,74000,13800,60200,2,Personal,0,Rejected
VL101998,31,Business Owner,Business,27200,1.0,700,Commercial Vehicle,Used,1410000,319700,1090300,3,Personal,2,Rejected
VL101999,21,Business Owner,Business,24600,0.5,1900,Electric Vehicle,Used,566000,95700,470300,5,Personal,0,Approved
